rooftop_id,rooftop_name,dms_id,imei,times_went_to_dealer,times_went_to_other_repair_shops,days_since_last_visit,avg_spend_per_visit,appointment_no_show_rate,vehicle_age_years,service_visits_last_90d,retention_score
49dc2ce3-76ef-4d7b-90cb-699ecc8da8cc,Stephen Wade Nissan,DVD24884,351043321819600,4,1,171,189.02,0.092,6.3,1,41
49dc2ce3-76ef-4d7b-90cb-699ecc8da8cc,Stephen Wade Nissan,DVD24884,351338908386379,3,2,50,115.25,0.12,8.4,3,59
49dc2ce3-76ef-4d7b-90cb-699ecc8da8cc,Stephen Wade Nissan,DVD24884,354026542351161,4,2,75,310.67,0.083,3.2,3,73
49dc2ce3-76ef-4d7b-90cb-699ecc8da8cc,Stephen Wade Nissan,DVD24884,355594078161849,2,2,55,285.75,0.249,2.5,0,27
49dc2ce3-76ef-4d7b-90cb-699ecc8da8cc,Stephen Wade Nissan,DVD24884,355931034131647,0,0,63,210.07,0.29,6.5,2,46
49dc2ce3-76ef-4d7b-90cb-699ecc8da8cc,Stephen Wade Nissan,DVD24884,355255341928327,7,3,67,256.55,0.068,2.0,0,61
49dc2ce3-76ef-4d7b-90cb-699ecc8da8cc,Stephen Wade Nissan,DVD24884,356483503056413,1,2,138,163.98,0.352,2.1,3,49
49dc2ce3-76ef-4d7b-90cb-699ecc8da8cc,Stephen Wade Nissan,DVD24884,359537672423884,2,3,97,223.47,0.259,5.0,1,25
49dc2ce3-76ef-4d7b-90cb-699ecc8da8cc,Stephen Wade Nissan,DVD24884,359696532871012,3,0,126,154.59,0.16,8.7,1,47
49dc2ce3-76ef-4d7b-90cb-699ecc8da8cc,Stephen Wade Nissan,DVD24884,352691669784801,1,2,69,98.68,0.098,2.8,3,56
49dc2ce3-76ef-4d7b-90cb-699ecc8da8cc,Stephen Wade Nissan,DVD24884,358451462704828,2,0,69,335.52,0.137,3.8,1,62
49dc2ce3-76ef-4d7b-90cb-699ecc8da8cc,Stephen Wade Nissan,DVD24884,351489325288095,3,3,25,95.61,0.171,4.7,0,38
49dc2ce3-76ef-4d7b-90cb-699ecc8da8cc,Stephen Wade Nissan,DVD24884,357015430391171,3,1,136,197.85,0.08,3.6,1,34
49dc2ce3-76ef-4d7b-90cb-699ecc8da8cc,Stephen Wade Nissan,DVD24884,358227824896383,2,0,14,197.15,0.202,1.0,0,53
49dc2ce3-76ef-4d7b-90cb-699ecc8da8cc,Stephen Wade Nissan,DVD24884,354657871331509,0,1,22,210.96,0.073,6.1,2,49
49dc2ce3-76ef-4d7b-90cb-699ecc8da8cc,Stephen Wade Nissan,DVD24884,358393010310518,5,2,74,174.62,0.137,4.9,0,55
49dc2ce3-76ef-4d7b-90cb-699ecc8da8cc,Stephen Wade Nissan,DVD24884,353473829973763,1,0,161,175.25,0.326,5.2,3,49
49dc2ce3-76ef-4d7b-90cb-699ecc8da8cc,Stephen Wade Nissan,DVD24884,351165667010651,5,1,77,188.3,0.163,4.2,2,76
49dc2ce3-76ef-4d7b-90cb-699ecc8da8cc,Stephen Wade Nissan,DVD24884,353338726247317,2,0,28,208.79,0.088,7.5,0,45
49dc2ce3-76ef-4d7b-90cb-699ecc8da8cc,Stephen Wade Nissan,DVD24884,358108013267736,2,1,39,179.89,0.239,3.5,2,63
49dc2ce3-76ef-4d7b-90cb-699ecc8da8cc,Stephen Wade Nissan,DVD24884,350260647468723,2,2,12,175.9,0.321,2.3,0,42
49dc2ce3-76ef-4d7b-90cb-699ecc8da8cc,Stephen Wade Nissan,DVD24884,354309805009788,2,2,72,100.73,0.244,7.8,2,36
49dc2ce3-76ef-4d7b-90cb-699ecc8da8cc,Stephen Wade Nissan,DVD24884,352081219136193,5,0,80,300.82,0.142,0.1,1,75
49dc2ce3-76ef-4d7b-90cb-699ecc8da8cc,Stephen Wade Nissan,DVD24884,359909169985435,0,1,25,212.14,0.324,4.2,1,50
49dc2ce3-76ef-4d7b-90cb-699ecc8da8cc,Stephen Wade Nissan,DVD24884,353462475107991,1,1,48,192.53,0.087,4.3,2,62
49dc2ce3-76ef-4d7b-90cb-699ecc8da8cc,Stephen Wade Nissan,DVD24884,351838425135427,1,1,21,142.53,0.258,4.3,2,59
49dc2ce3-76ef-4d7b-90cb-699ecc8da8cc,Stephen Wade Nissan,DVD24884,358498084124118,1,3,117,119.78,0.208,1.4,2,39
49dc2ce3-76ef-4d7b-90cb-699ecc8da8cc,Stephen Wade Nissan,DVD24884,352449353487401,3,2,156,231.6,0.115,2.1,4,69
49dc2ce3-76ef-4d7b-90cb-699ecc8da8cc,Stephen Wade Nissan,DVD24884,356400524278680,2,1,58,170.41,0.111,6.4,1,55
49dc2ce3-76ef-4d7b-90cb-699ecc8da8cc,Stephen Wade Nissan,DVD24884,351128059826204,3,1,161,217.26,0.056,7.3,2,46
49dc2ce3-76ef-4d7b-90cb-699ecc8da8cc,Stephen Wade Nissan,DVD24884,355053315869232,4,0,12,98.87,0.089,3.7,3,92
49dc2ce3-76ef-4d7b-90cb-699ecc8da8cc,Stephen Wade Nissan,DVD24884,352602563421607,1,1,120,272.81,0.088,2.6,1,39
49dc2ce3-76ef-4d7b-90cb-699ecc8da8cc,Stephen Wade Nissan,DVD24884,353375433036541,3,2,54,234.08,0.057,0.9,0,45
49dc2ce3-76ef-4d7b-90cb-699ecc8da8cc,Stephen Wade Nissan,DVD24884,354586850142940,3,2,45,175.14,0.167,6.4,0,35
49dc2ce3-76ef-4d7b-90cb-699ecc8da8cc,Stephen Wade Nissan,DVD24884,351965569816934,4,0,145,208.06,0.123,6.5,2,60
49dc2ce3-76ef-4d7b-90cb-699ecc8da8cc,Stephen Wade Nissan,DVD24884,350608835615951,1,1,25,224.46,0.318,0.0,0,43
49dc2ce3-76ef-4d7b-90cb-699ecc8da8cc,Stephen Wade Nissan,DVD24884,354846564823662,0,2,84,99.78,0.203,0.0,1,37
49dc2ce3-76ef-4d7b-90cb-699ecc8da8cc,Stephen Wade Nissan,DVD24884,359946804436995,2,1,99,280.67,0.199,4.8,0,38
49dc2ce3-76ef-4d7b-90cb-699ecc8da8cc,Stephen Wade Nissan,DVD24884,357773872148951,1,2,55,209.0,0.205,5.0,3,44
49dc2ce3-76ef-4d7b-90cb-699ecc8da8cc,Stephen Wade Nissan,DVD24884,353433200379176,3,1,61,137.75,0.287,3.5,1,50
49dc2ce3-76ef-4d7b-90cb-699ecc8da8cc,Stephen Wade Nissan,DVD24884,359367632016328,1,0,65,114.2,0.207,4.4,0,39
49dc2ce3-76ef-4d7b-90cb-699ecc8da8cc,Stephen Wade Nissan,DVD24884,357083172788957,3,3,73,239.23,0.112,4.0,1,54
49dc2ce3-76ef-4d7b-90cb-699ecc8da8cc,Stephen Wade Nissan,DVD24884,359868727743487,4,0,86,192.67,0.22,4.6,1,59
49dc2ce3-76ef-4d7b-90cb-699ecc8da8cc,Stephen Wade Nissan,DVD24884,353471434558122,2,1,11,208.96,0.124,2.7,1,56
49dc2ce3-76ef-4d7b-90cb-699ecc8da8cc,Stephen Wade Nissan,DVD24884,353623166587603,1,0,117,181.6,0.038,4.5,1,57
49dc2ce3-76ef-4d7b-90cb-699ecc8da8cc,Stephen Wade Nissan,DVD24884,356690967054668,3,2,49,119.84,0.077,3.2,1,46
49dc2ce3-76ef-4d7b-90cb-699ecc8da8cc,Stephen Wade Nissan,DVD24884,358937346706562,1,2,167,210.52,0.169,3.0,2,38
49dc2ce3-76ef-4d7b-90cb-699ecc8da8cc,Stephen Wade Nissan,DVD24884,357298069901627,4,1,97,168.15,0.307,0.8,0,48
49dc2ce3-76ef-4d7b-90cb-699ecc8da8cc,Stephen Wade Nissan,DVD24884,352046537556464,2,0,26,178.7,0.162,4.1,2,63
49dc2ce3-76ef-4d7b-90cb-699ecc8da8cc,Stephen Wade Nissan,DVD24884,351708053100330,4,2,78,322.62,0.289,6.1,0,46
49dc2ce3-76ef-4d7b-90cb-699ecc8da8cc,Stephen Wade Nissan,DVD24884,359232719374529,3,2,111,232.14,0.172,3.8,2,44
49dc2ce3-76ef-4d7b-90cb-699ecc8da8cc,Stephen Wade Nissan,DVD24884,359124190496631,2,2,44,235.61,0.19,3.8,0,39
49dc2ce3-76ef-4d7b-90cb-699ecc8da8cc,Stephen Wade Nissan,DVD24884,359314919058651,7,3,24,343.23,0.134,7.0,1,70
49dc2ce3-76ef-4d7b-90cb-699ecc8da8cc,Stephen Wade Nissan,DVD24884,358506716572628,3,0,20,203.07,0.208,6.5,1,61
49dc2ce3-76ef-4d7b-90cb-699ecc8da8cc,Stephen Wade Nissan,DVD24884,354987769453147,3,0,14,187.18,0.18,8.0,1,66
49dc2ce3-76ef-4d7b-90cb-699ecc8da8cc,Stephen Wade Nissan,DVD24884,353799650752735,2,3,6,139.25,0.075,9.0,1,43
49dc2ce3-76ef-4d7b-90cb-699ecc8da8cc,Stephen Wade Nissan,DVD24884,354549480831367,3,0,49,152.85,0.484,4.6,3,73
49dc2ce3-76ef-4d7b-90cb-699ecc8da8cc,Stephen Wade Nissan,DVD24884,358377701436349,4,0,21,57.17,0.202,2.2,1,60
49dc2ce3-76ef-4d7b-90cb-699ecc8da8cc,Stephen Wade Nissan,DVD24884,355788568557444,0,3,31,227.43,0.239,3.5,2,39
49dc2ce3-76ef-4d7b-90cb-699ecc8da8cc,Stephen Wade Nissan,DVD24884,353135182337498,1,2,170,103.98,0.261,5.6,0,20
49dc2ce3-76ef-4d7b-90cb-699ecc8da8cc,Stephen Wade Nissan,DVD24884,359413435240824,2,0,73,234.16,0.116,7.4,2,62
49dc2ce3-76ef-4d7b-90cb-699ecc8da8cc,Stephen Wade Nissan,DVD24884,350084271094777,2,4,25,177.42,0.192,2.4,0,26
49dc2ce3-76ef-4d7b-90cb-699ecc8da8cc,Stephen Wade Nissan,DVD24884,355204711671902,3,0,223,187.68,0.055,5.0,2,50
49dc2ce3-76ef-4d7b-90cb-699ecc8da8cc,Stephen Wade Nissan,DVD24884,352941318699938,2,2,65,177.46,0.16,2.9,3,65
49dc2ce3-76ef-4d7b-90cb-699ecc8da8cc,Stephen Wade Nissan,DVD24884,356774964990913,4,2,210,263.16,0.247,4.2,2,42
49dc2ce3-76ef-4d7b-90cb-699ecc8da8cc,Stephen Wade Nissan,DVD24884,353412328120679,1,2,144,252.57,0.09,4.2,0,15
49dc2ce3-76ef-4d7b-90cb-699ecc8da8cc,Stephen Wade Nissan,DVD24884,357403447134936,2,1,67,178.27,0.205,5.3,3,55
49dc2ce3-76ef-4d7b-90cb-699ecc8da8cc,Stephen Wade Nissan,DVD24884,351832421024994,1,0,49,126.06,0.028,8.6,3,69
49dc2ce3-76ef-4d7b-90cb-699ecc8da8cc,Stephen Wade Nissan,DVD24884,357174648877190,6,1,95,235.43,0.151,5.5,1,63
49dc2ce3-76ef-4d7b-90cb-699ecc8da8cc,Stephen Wade Nissan,DVD24884,356594013990490,2,4,62,121.53,0.205,3.6,2,33
49dc2ce3-76ef-4d7b-90cb-699ecc8da8cc,Stephen Wade Nissan,DVD24884,352787429671756,2,0,37,86.71,0.202,3.3,2,69
49dc2ce3-76ef-4d7b-90cb-699ecc8da8cc,Stephen Wade Nissan,DVD24884,355512567468071,3,1,35,209.9,0.167,4.1,2,61
49dc2ce3-76ef-4d7b-90cb-699ecc8da8cc,Stephen Wade Nissan,DVD24884,355451680876038,4,2,106,253.11,0.155,2.8,1,50
49dc2ce3-76ef-4d7b-90cb-699ecc8da8cc,Stephen Wade Nissan,DVD24884,355977034824771,3,3,25,155.69,0.402,4.8,1,38
49dc2ce3-76ef-4d7b-90cb-699ecc8da8cc,Stephen Wade Nissan,DVD24884,350932480861317,0,1,105,204.27,0.285,0.0,0,23
49dc2ce3-76ef-4d7b-90cb-699ecc8da8cc,Stephen Wade Nissan,DVD24884,351274846773782,2,3,55,155.06,0.225,4.1,1,31
49dc2ce3-76ef-4d7b-90cb-699ecc8da8cc,Stephen Wade Nissan,DVD24884,356398214658404,1,2,12,223.32,0.314,4.2,1,40
49dc2ce3-76ef-4d7b-90cb-699ecc8da8cc,Stephen Wade Nissan,DVD24884,354997278755886,2,2,111,245.7,0.122,2.2,1,50
49dc2ce3-76ef-4d7b-90cb-699ecc8da8cc,Stephen Wade Nissan,DVD24884,357533963605766,1,1,25,164.23,0.163,3.7,0,34
49dc2ce3-76ef-4d7b-90cb-699ecc8da8cc,Stephen Wade Nissan,DVD24884,352702895171870,0,0,29,118.34,0.114,6.7,0,37
49dc2ce3-76ef-4d7b-90cb-699ecc8da8cc,Stephen Wade Nissan,DVD24884,352621745961586,0,1,45,92.58,0.14,6.9,1,31
49dc2ce3-76ef-4d7b-90cb-699ecc8da8cc,Stephen Wade Nissan,DVD24884,355780913431611,1,3,51,235.54,0.205,3.4,0,26
49dc2ce3-76ef-4d7b-90cb-699ecc8da8cc,Stephen Wade Nissan,DVD24884,357240050455623,3,2,67,111.81,0.142,5.5,2,56
49dc2ce3-76ef-4d7b-90cb-699ecc8da8cc,Stephen Wade Nissan,DVD24884,358692221969379,3,2,107,202.32,0.185,1.5,4,70
49dc2ce3-76ef-4d7b-90cb-699ecc8da8cc,Stephen Wade Nissan,DVD24884,352374740748217,1,0,105,226.64,0.204,3.9,3,61
49dc2ce3-76ef-4d7b-90cb-699ecc8da8cc,Stephen Wade Nissan,DVD24884,355946474367136,2,2,34,149.92,0.302,5.0,2,44
49dc2ce3-76ef-4d7b-90cb-699ecc8da8cc,Stephen Wade Nissan,DVD24884,359594406409097,0,1,35,170.03,0.146,7.6,1,43
49dc2ce3-76ef-4d7b-90cb-699ecc8da8cc,Stephen Wade Nissan,DVD24884,354395339421047,2,3,99,239.94,0.115,6.9,3,48
49dc2ce3-76ef-4d7b-90cb-699ecc8da8cc,Stephen Wade Nissan,DVD24884,350952145623285,1,1,22,131.51,0.094,4.9,2,55
49dc2ce3-76ef-4d7b-90cb-699ecc8da8cc,Stephen Wade Nissan,DVD24884,358842474517123,2,2,55,125.42,0.339,2.7,0,38
49dc2ce3-76ef-4d7b-90cb-699ecc8da8cc,Stephen Wade Nissan,DVD24884,356851604817549,6,2,137,165.94,0.167,7.2,3,70
49dc2ce3-76ef-4d7b-90cb-699ecc8da8cc,Stephen Wade Nissan,DVD24884,356513709859317,4,1,38,256.67,0.145,3.8,1,71
49dc2ce3-76ef-4d7b-90cb-699ecc8da8cc,Stephen Wade Nissan,DVD24884,354612004711382,2,5,14,276.64,0.241,5.4,0,26
49dc2ce3-76ef-4d7b-90cb-699ecc8da8cc,Stephen Wade Nissan,DVD24884,356758692617964,2,0,25,174.07,0.092,4.3,3,80
49dc2ce3-76ef-4d7b-90cb-699ecc8da8cc,Stephen Wade Nissan,DVD24884,350537735158506,2,3,27,137.27,0.315,8.5,3,47
49dc2ce3-76ef-4d7b-90cb-699ecc8da8cc,Stephen Wade Nissan,DVD24884,354317139005329,2,0,24,243.85,0.144,3.3,2,68
49dc2ce3-76ef-4d7b-90cb-699ecc8da8cc,Stephen Wade Nissan,DVD24884,353183933529042,4,0,44,79.84,0.253,6.3,1,62
49dc2ce3-76ef-4d7b-90cb-699ecc8da8cc,Stephen Wade Nissan,DVD24884,352842102053950,5,1,207,194.86,0.135,4.3,1,53
49dc2ce3-76ef-4d7b-90cb-699ecc8da8cc,Stephen Wade Nissan,DVD24884,352402681177589,4,1,77,177.37,0.201,5.6,0,48
49dc2ce3-76ef-4d7b-90cb-699ecc8da8cc,Stephen Wade Nissan,DVD24884,351783908470076,1,1,47,257.63,0.187,7.7,0,27
49dc2ce3-76ef-4d7b-90cb-699ecc8da8cc,Stephen Wade Nissan,DVD24884,356177115921249,1,3,50,263.7,0.175,0.5,2,54
49dc2ce3-76ef-4d7b-90cb-699ecc8da8cc,Stephen Wade Nissan,DVD24884,359856984789611,4,2,30,123.45,0.213,4.4,0,43
49dc2ce3-76ef-4d7b-90cb-699ecc8da8cc,Stephen Wade Nissan,DVD24884,358367365766156,5,1,50,190.06,0.11,2.7,2,77
49dc2ce3-76ef-4d7b-90cb-699ecc8da8cc,Stephen Wade Nissan,DVD24884,355452711116152,2,0,133,145.76,0.185,5.4,1,40
49dc2ce3-76ef-4d7b-90cb-699ecc8da8cc,Stephen Wade Nissan,DVD24884,358098851656049,5,2,56,162.4,0.219,5.9,0,40
49dc2ce3-76ef-4d7b-90cb-699ecc8da8cc,Stephen Wade Nissan,DVD24884,354519832731585,2,2,104,217.04,0.124,3.6,1,44
49dc2ce3-76ef-4d7b-90cb-699ecc8da8cc,Stephen Wade Nissan,DVD24884,351493689980940,1,1,95,159.91,0.264,3.5,0,30
49dc2ce3-76ef-4d7b-90cb-699ecc8da8cc,Stephen Wade Nissan,DVD24884,352445502296120,4,3,201,191.64,0.168,4.9,1,34
49dc2ce3-76ef-4d7b-90cb-699ecc8da8cc,Stephen Wade Nissan,DVD24884,351836675254599,3,5,94,237.44,0.103,2.0,4,57
49dc2ce3-76ef-4d7b-90cb-699ecc8da8cc,Stephen Wade Nissan,DVD24884,351022901476797,1,2,192,270.91,0.176,5.2,0,22
49dc2ce3-76ef-4d7b-90cb-699ecc8da8cc,Stephen Wade Nissan,DVD24884,356438156149784,2,0,110,197.32,0.092,2.9,1,49
49dc2ce3-76ef-4d7b-90cb-699ecc8da8cc,Stephen Wade Nissan,DVD24884,350369003432445,5,2,67,187.07,0.172,6.0,3,68
49dc2ce3-76ef-4d7b-90cb-699ecc8da8cc,Stephen Wade Nissan,DVD24884,351076226838851,4,0,28,113.56,0.182,1.9,2,82
49dc2ce3-76ef-4d7b-90cb-699ecc8da8cc,Stephen Wade Nissan,DVD24884,356060715969664,2,1,104,275.15,0.03,3.4,0,47
49dc2ce3-76ef-4d7b-90cb-699ecc8da8cc,Stephen Wade Nissan,DVD24884,351605297516136,2,2,110,209.74,0.189,3.0,1,36
49dc2ce3-76ef-4d7b-90cb-699ecc8da8cc,Stephen Wade Nissan,DVD24884,359681645352181,3,1,112,188.17,0.128,3.9,0,38
49dc2ce3-76ef-4d7b-90cb-699ecc8da8cc,Stephen Wade Nissan,DVD24884,358835523124329,4,3,2,185.1,0.113,7.3,5,75
49dc2ce3-76ef-4d7b-90cb-699ecc8da8cc,Stephen Wade Nissan,DVD24884,352127799799552,4,1,37,201.64,0.184,6.2,3,75
49dc2ce3-76ef-4d7b-90cb-699ecc8da8cc,Stephen Wade Nissan,DVD24884,357177449058147,3,0,76,226.31,0.074,3.5,0,57
49dc2ce3-76ef-4d7b-90cb-699ecc8da8cc,Stephen Wade Nissan,DVD24884,357005411998679,1,0,40,233.73,0.107,3.5,1,54
49dc2ce3-76ef-4d7b-90cb-699ecc8da8cc,Stephen Wade Nissan,DVD24884,358079359782071,1,0,35,276.65,0.317,6.3,0,41
49dc2ce3-76ef-4d7b-90cb-699ecc8da8cc,Stephen Wade Nissan,DVD24884,355182037788925,4,0,30,194.56,0.069,2.2,1,70
49dc2ce3-76ef-4d7b-90cb-699ecc8da8cc,Stephen Wade Nissan,DVD24884,355466590515186,0,1,12,285.25,0.145,4.5,0,33
49dc2ce3-76ef-4d7b-90cb-699ecc8da8cc,Stephen Wade Nissan,DVD24884,354492519254629,0,3,73,243.46,0.11,3.3,1,36
49dc2ce3-76ef-4d7b-90cb-699ecc8da8cc,Stephen Wade Nissan,DVD24884,351486528168505,4,1,33,176.39,0.179,4.2,3,79
49dc2ce3-76ef-4d7b-90cb-699ecc8da8cc,Stephen Wade Nissan,DVD24884,354235733221418,5,1,38,79.96,0.105,6.1,0,58
49dc2ce3-76ef-4d7b-90cb-699ecc8da8cc,Stephen Wade Nissan,DVD24884,358805929622292,1,4,47,185.13,0.134,3.2,3,42
49dc2ce3-76ef-4d7b-90cb-699ecc8da8cc,Stephen Wade Nissan,DVD24884,357065379473834,4,5,82,273.51,0.112,6.4,1,30
49dc2ce3-76ef-4d7b-90cb-699ecc8da8cc,Stephen Wade Nissan,DVD24884,357359774688623,2,0,66,133.48,0.282,8.9,1,42
49dc2ce3-76ef-4d7b-90cb-699ecc8da8cc,Stephen Wade Nissan,DVD24884,359240758181412,3,0,63,184.95,0.192,5.7,0,52
49dc2ce3-76ef-4d7b-90cb-699ecc8da8cc,Stephen Wade Nissan,DVD24884,354782613750606,1,1,5,189.91,0.076,4.3,1,50
49dc2ce3-76ef-4d7b-90cb-699ecc8da8cc,Stephen Wade Nissan,DVD24884,358536153051522,3,2,106,236.53,0.057,6.8,0,33
49dc2ce3-76ef-4d7b-90cb-699ecc8da8cc,Stephen Wade Nissan,DVD24884,350472779010432,3,2,161,156.73,0.081,2.3,0,30
49dc2ce3-76ef-4d7b-90cb-699ecc8da8cc,Stephen Wade Nissan,DVD24884,358986143410369,2,0,62,127.84,0.281,7.5,2,53
49dc2ce3-76ef-4d7b-90cb-699ecc8da8cc,Stephen Wade Nissan,DVD24884,357117980893246,4,1,21,214.2,0.079,3.0,2,75
49dc2ce3-76ef-4d7b-90cb-699ecc8da8cc,Stephen Wade Nissan,DVD24884,350953962185188,2,3,35,135.4,0.152,8.8,0,26
49dc2ce3-76ef-4d7b-90cb-699ecc8da8cc,Stephen Wade Nissan,DVD24884,358880670654051,2,2,22,69.87,0.171,3.1,4,76
49dc2ce3-76ef-4d7b-90cb-699ecc8da8cc,Stephen Wade Nissan,DVD24884,355319520585277,1,1,148,290.42,0.185,5.8,1,34
49dc2ce3-76ef-4d7b-90cb-699ecc8da8cc,Stephen Wade Nissan,DVD24884,352217043030548,2,1,38,235.62,0.035,1.4,2,67
49dc2ce3-76ef-4d7b-90cb-699ecc8da8cc,Stephen Wade Nissan,DVD24884,356874034505415,3,2,64,293.0,0.049,4.1,0,43
49dc2ce3-76ef-4d7b-90cb-699ecc8da8cc,Stephen Wade Nissan,DVD24884,356676527758416,2,1,46,232.44,0.167,2.3,1,50
49dc2ce3-76ef-4d7b-90cb-699ecc8da8cc,Stephen Wade Nissan,DVD24884,351692845115447,2,1,79,220.82,0.137,1.6,0,40
49dc2ce3-76ef-4d7b-90cb-699ecc8da8cc,Stephen Wade Nissan,DVD24884,359627570596401,5,0,26,202.17,0.13,6.9,2,83
49dc2ce3-76ef-4d7b-90cb-699ecc8da8cc,Stephen Wade Nissan,DVD24884,356582029702135,4,6,62,168.84,0.08,2.0,1,38
49dc2ce3-76ef-4d7b-90cb-699ecc8da8cc,Stephen Wade Nissan,DVD24884,355690927557192,5,0,38,210.73,0.263,3.0,2,82
49dc2ce3-76ef-4d7b-90cb-699ecc8da8cc,Stephen Wade Nissan,DVD24884,358565431027868,4,2,115,146.81,0.051,2.8,2,62
49dc2ce3-76ef-4d7b-90cb-699ecc8da8cc,Stephen Wade Nissan,DVD24884,351447394731217,0,1,5,115.85,0.02,6.8,2,48
49dc2ce3-76ef-4d7b-90cb-699ecc8da8cc,Stephen Wade Nissan,DVD24884,352715518844225,1,2,42,160.07,0.159,6.5,2,56
49dc2ce3-76ef-4d7b-90cb-699ecc8da8cc,Stephen Wade Nissan,DVD24884,358313237058957,2,2,108,257.49,0.147,7.0,1,39
49dc2ce3-76ef-4d7b-90cb-699ecc8da8cc,Stephen Wade Nissan,DVD24884,358291146786691,2,3,99,106.06,0.276,2.9,2,37
49dc2ce3-76ef-4d7b-90cb-699ecc8da8cc,Stephen Wade Nissan,DVD24884,352517785289226,3,2,13,107.01,0.141,7.2,1,50
49dc2ce3-76ef-4d7b-90cb-699ecc8da8cc,Stephen Wade Nissan,DVD24884,358018242253584,1,1,92,215.48,0.212,2.9,0,42
49dc2ce3-76ef-4d7b-90cb-699ecc8da8cc,Stephen Wade Nissan,DVD24884,351438424981829,5,1,24,155.1,0.137,3.0,2,79
49dc2ce3-76ef-4d7b-90cb-699ecc8da8cc,Stephen Wade Nissan,DVD24884,359229959001094,3,2,31,209.13,0.262,3.1,0,43
49dc2ce3-76ef-4d7b-90cb-699ecc8da8cc,Stephen Wade Nissan,DVD24884,353969078447364,2,3,104,239.39,0.076,3.2,2,48
49dc2ce3-76ef-4d7b-90cb-699ecc8da8cc,Stephen Wade Nissan,DVD24884,357102767735925,3,1,41,207.69,0.245,4.3,3,77
49dc2ce3-76ef-4d7b-90cb-699ecc8da8cc,Stephen Wade Nissan,DVD24884,355562588153714,3,2,12,142.07,0.101,2.8,0,40
49dc2ce3-76ef-4d7b-90cb-699ecc8da8cc,Stephen Wade Nissan,DVD24884,357321046963259,1,0,19,256.98,0.045,5.0,1,62
49dc2ce3-76ef-4d7b-90cb-699ecc8da8cc,Stephen Wade Nissan,DVD24884,355327877470168,3,3,55,224.53,0.161,0.0,1,49
49dc2ce3-76ef-4d7b-90cb-699ecc8da8cc,Stephen Wade Nissan,DVD24884,357339500479748,2,1,40,181.61,0.207,5.0,1,53
49dc2ce3-76ef-4d7b-90cb-699ecc8da8cc,Stephen Wade Nissan,DVD24884,350162456506098,1,1,39,178.71,0.072,2.3,1,53
49dc2ce3-76ef-4d7b-90cb-699ecc8da8cc,Stephen Wade Nissan,DVD24884,353584168784991,3,2,78,202.44,0.149,3.2,2,52
49dc2ce3-76ef-4d7b-90cb-699ecc8da8cc,Stephen Wade Nissan,DVD24884,352165585239868,4,2,68,161.28,0.044,3.2,2,66
49dc2ce3-76ef-4d7b-90cb-699ecc8da8cc,Stephen Wade Nissan,DVD24884,350002578729825,1,1,42,82.13,0.156,6.4,2,50
49dc2ce3-76ef-4d7b-90cb-699ecc8da8cc,Stephen Wade Nissan,DVD24884,359526949588879,2,0,100,225.01,0.045,5.5,3,72
49dc2ce3-76ef-4d7b-90cb-699ecc8da8cc,Stephen Wade Nissan,DVD24884,354705516940974,6,3,79,221.44,0.023,4.2,1,63
49dc2ce3-76ef-4d7b-90cb-699ecc8da8cc,Stephen Wade Nissan,DVD24884,359930972896230,3,0,65,41.94,0.053,3.1,1,58
49dc2ce3-76ef-4d7b-90cb-699ecc8da8cc,Stephen Wade Nissan,DVD24884,359130756263689,1,0,35,210.64,0.04,6.1,3,64
49dc2ce3-76ef-4d7b-90cb-699ecc8da8cc,Stephen Wade Nissan,DVD24884,357028385786527,3,4,112,285.39,0.218,8.1,0,17
49dc2ce3-76ef-4d7b-90cb-699ecc8da8cc,Stephen Wade Nissan,DVD24884,358585497334843,1,1,39,112.34,0.183,4.4,2,48
49dc2ce3-76ef-4d7b-90cb-699ecc8da8cc,Stephen Wade Nissan,DVD24884,354437575844198,3,2,42,175.6,0.042,1.3,2,64
49dc2ce3-76ef-4d7b-90cb-699ecc8da8cc,Stephen Wade Nissan,DVD24884,356652404157473,0,0,150,169.08,0.27,3.1,2,55
49dc2ce3-76ef-4d7b-90cb-699ecc8da8cc,Stephen Wade Nissan,DVD24884,353848421993308,4,0,25,279.62,0.093,5.6,2,71
49dc2ce3-76ef-4d7b-90cb-699ecc8da8cc,Stephen Wade Nissan,DVD24884,353301657120826,7,1,25,247.26,0.053,3.6,0,82
49dc2ce3-76ef-4d7b-90cb-699ecc8da8cc,Stephen Wade Nissan,DVD24884,357734540193802,6,2,43,127.3,0.364,2.8,0,45
49dc2ce3-76ef-4d7b-90cb-699ecc8da8cc,Stephen Wade Nissan,DVD24884,356206724004991,3,1,21,200.53,0.054,2.7,0,59
49dc2ce3-76ef-4d7b-90cb-699ecc8da8cc,Stephen Wade Nissan,DVD24884,355478872874315,0,2,21,318.16,0.128,4.7,2,55
49dc2ce3-76ef-4d7b-90cb-699ecc8da8cc,Stephen Wade Nissan,DVD24884,352742054932966,5,1,148,142.52,0.124,1.4,1,60
49dc2ce3-76ef-4d7b-90cb-699ecc8da8cc,Stephen Wade Nissan,DVD24884,358516122753046,1,0,43,179.33,0.202,4.4,1,47
49dc2ce3-76ef-4d7b-90cb-699ecc8da8cc,Stephen Wade Nissan,DVD24884,353745499045301,4,0,67,210.81,0.134,4.7,1,62
49dc2ce3-76ef-4d7b-90cb-699ecc8da8cc,Stephen Wade Nissan,DVD24884,357426841459332,1,2,14,143.4,0.109,3.6,2,45
49dc2ce3-76ef-4d7b-90cb-699ecc8da8cc,Stephen Wade Nissan,DVD24884,357279568783391,1,2,23,285.79,0.402,2.4,1,43
49dc2ce3-76ef-4d7b-90cb-699ecc8da8cc,Stephen Wade Nissan,DVD24884,358785191088398,5,0,161,151.64,0.065,6.5,0,53
49dc2ce3-76ef-4d7b-90cb-699ecc8da8cc,Stephen Wade Nissan,DVD24884,352258713971870,3,1,21,96.66,0.15,1.8,1,64
49dc2ce3-76ef-4d7b-90cb-699ecc8da8cc,Stephen Wade Nissan,DVD24884,357286790874064,2,2,69,148.5,0.259,4.8,4,67
49dc2ce3-76ef-4d7b-90cb-699ecc8da8cc,Stephen Wade Nissan,DVD24884,350391065180170,3,1,2,219.18,0.23,6.0,1,49
49dc2ce3-76ef-4d7b-90cb-699ecc8da8cc,Stephen Wade Nissan,DVD24884,354622656766182,3,1,13,132.11,0.057,4.8,5,97
49dc2ce3-76ef-4d7b-90cb-699ecc8da8cc,Stephen Wade Nissan,DVD24884,355128682300478,2,1,42,198.13,0.211,7.0,2,53
49dc2ce3-76ef-4d7b-90cb-699ecc8da8cc,Stephen Wade Nissan,DVD24884,356863375243106,2,1,98,213.75,0.244,2.2,1,44
49dc2ce3-76ef-4d7b-90cb-699ecc8da8cc,Stephen Wade Nissan,DVD24884,359033119079030,4,1,53,107.46,0.109,2.9,0,51
49dc2ce3-76ef-4d7b-90cb-699ecc8da8cc,Stephen Wade Nissan,DVD24884,356738302843959,1,0,45,146.18,0.057,3.6,3,71
49dc2ce3-76ef-4d7b-90cb-699ecc8da8cc,Stephen Wade Nissan,DVD24884,359534283644089,6,3,83,200.94,0.206,11.1,0,22
49dc2ce3-76ef-4d7b-90cb-699ecc8da8cc,Stephen Wade Nissan,DVD24884,352687056856624,1,1,62,222.14,0.074,5.5,1,40
49dc2ce3-76ef-4d7b-90cb-699ecc8da8cc,Stephen Wade Nissan,DVD24884,356287334270866,0,2,10,147.67,0.242,5.9,0,30
49dc2ce3-76ef-4d7b-90cb-699ecc8da8cc,Stephen Wade Nissan,DVD24884,358826343517518,1,2,51,189.11,0.33,5.8,0,19
49dc2ce3-76ef-4d7b-90cb-699ecc8da8cc,Stephen Wade Nissan,DVD24884,353046990139837,3,1,36,162.96,0.076,4.7,1,62
49dc2ce3-76ef-4d7b-90cb-699ecc8da8cc,Stephen Wade Nissan,DVD24884,353540331739363,5,2,44,223.67,0.035,6.6,2,72
49dc2ce3-76ef-4d7b-90cb-699ecc8da8cc,Stephen Wade Nissan,DVD24884,358546785445877,4,3,35,211.16,0.288,0.8,3,71
49dc2ce3-76ef-4d7b-90cb-699ecc8da8cc,Stephen Wade Nissan,DVD24884,351753556093204,2,2,51,157.59,0.026,5.1,1,48
49dc2ce3-76ef-4d7b-90cb-699ecc8da8cc,Stephen Wade Nissan,DVD24884,358996423536937,1,0,70,208.71,0.134,5.4,4,71
49dc2ce3-76ef-4d7b-90cb-699ecc8da8cc,Stephen Wade Nissan,DVD24884,358547772522872,5,1,16,155.24,0.018,6.5,1,70
49dc2ce3-76ef-4d7b-90cb-699ecc8da8cc,Stephen Wade Nissan,DVD24884,358080100623120,6,0,29,207.44,0.087,2.2,1,94
49dc2ce3-76ef-4d7b-90cb-699ecc8da8cc,Stephen Wade Nissan,DVD24884,353875099770088,1,0,81,208.28,0.05,2.3,2,72
49dc2ce3-76ef-4d7b-90cb-699ecc8da8cc,Stephen Wade Nissan,DVD24884,356008484086211,4,3,89,322.26,0.324,2.5,0,36
49dc2ce3-76ef-4d7b-90cb-699ecc8da8cc,Stephen Wade Nissan,DVD24884,358233984546156,2,1,134,159.82,0.113,5.5,1,32
49dc2ce3-76ef-4d7b-90cb-699ecc8da8cc,Stephen Wade Nissan,DVD24884,357933410166687,1,2,54,171.52,0.117,5.6,0,43
49dc2ce3-76ef-4d7b-90cb-699ecc8da8cc,Stephen Wade Nissan,DVD24884,350021765918033,2,1,28,141.17,0.175,2.6,1,62
49dc2ce3-76ef-4d7b-90cb-699ecc8da8cc,Stephen Wade Nissan,DVD24884,359740148902503,0,1,29,118.03,0.348,8.3,1,33
49dc2ce3-76ef-4d7b-90cb-699ecc8da8cc,Stephen Wade Nissan,DVD24884,359261429396856,1,4,53,152.61,0.014,5.1,2,40
49dc2ce3-76ef-4d7b-90cb-699ecc8da8cc,Stephen Wade Nissan,DVD24884,352185016315999,0,2,23,219.91,0.188,4.7,1,40
49dc2ce3-76ef-4d7b-90cb-699ecc8da8cc,Stephen Wade Nissan,DVD24884,356504773586629,2,0,127,224.25,0.167,4.1,1,49
49dc2ce3-76ef-4d7b-90cb-699ecc8da8cc,Stephen Wade Nissan,DVD24884,356194311426265,2,1,35,197.74,0.209,6.4,0,34
49dc2ce3-76ef-4d7b-90cb-699ecc8da8cc,Stephen Wade Nissan,DVD24884,355110475412126,2,3,116,162.25,0.004,5.3,2,50
49dc2ce3-76ef-4d7b-90cb-699ecc8da8cc,Stephen Wade Nissan,DVD24884,357888610158199,3,1,21,150.4,0.238,8.3,0,36
49dc2ce3-76ef-4d7b-90cb-699ecc8da8cc,Stephen Wade Nissan,DVD24884,355604661839826,3,0,44,124.99,0.256,2.1,2,62
49dc2ce3-76ef-4d7b-90cb-699ecc8da8cc,Stephen Wade Nissan,DVD24884,352244472126464,2,0,39,146.59,0.082,1.4,1,64
49dc2ce3-76ef-4d7b-90cb-699ecc8da8cc,Stephen Wade Nissan,DVD24884,357154379937124,1,0,14,102.29,0.535,3.0,0,36
49dc2ce3-76ef-4d7b-90cb-699ecc8da8cc,Stephen Wade Nissan,DVD24884,350659657569245,1,1,41,261.47,0.408,5.6,4,62
49dc2ce3-76ef-4d7b-90cb-699ecc8da8cc,Stephen Wade Nissan,DVD24884,359375265479356,2,1,61,290.23,0.186,3.6,0,40
49dc2ce3-76ef-4d7b-90cb-699ecc8da8cc,Stephen Wade Nissan,DVD24884,354651939828073,0,0,5,63.85,0.104,7.0,1,44
49dc2ce3-76ef-4d7b-90cb-699ecc8da8cc,Stephen Wade Nissan,DVD24884,357416724342661,2,1,75,197.36,0.218,3.7,1,50
49dc2ce3-76ef-4d7b-90cb-699ecc8da8cc,Stephen Wade Nissan,DVD24884,357979688680589,1,4,65,196.36,0.086,6.7,0,17
49dc2ce3-76ef-4d7b-90cb-699ecc8da8cc,Stephen Wade Nissan,DVD24884,351135290965610,1,3,50,192.53,0.121,2.8,0,33
49dc2ce3-76ef-4d7b-90cb-699ecc8da8cc,Stephen Wade Nissan,DVD24884,351438889937567,2,2,86,144.44,0.079,6.9,1,31
49dc2ce3-76ef-4d7b-90cb-699ecc8da8cc,Stephen Wade Nissan,DVD24884,359825071461125,1,2,90,241.35,0.071,7.2,4,55
49dc2ce3-76ef-4d7b-90cb-699ecc8da8cc,Stephen Wade Nissan,DVD24884,354573875717751,3,1,255,204.63,0.129,3.4,1,36
49dc2ce3-76ef-4d7b-90cb-699ecc8da8cc,Stephen Wade Nissan,DVD24884,354010512382825,4,0,13,242.05,0.178,5.5,2,72
49dc2ce3-76ef-4d7b-90cb-699ecc8da8cc,Stephen Wade Nissan,DVD24884,358673622660937,4,3,140,135.75,0.107,5.0,1,34
49dc2ce3-76ef-4d7b-90cb-699ecc8da8cc,Stephen Wade Nissan,DVD24884,359660334191825,2,0,102,97.01,0.063,5.5,4,80
49dc2ce3-76ef-4d7b-90cb-699ecc8da8cc,Stephen Wade Nissan,DVD24884,355371478596969,1,3,65,206.09,0.169,7.1,1,25
49dc2ce3-76ef-4d7b-90cb-699ecc8da8cc,Stephen Wade Nissan,DVD24884,351557924991251,0,0,21,122.22,0.057,6.4,4,80
49dc2ce3-76ef-4d7b-90cb-699ecc8da8cc,Stephen Wade Nissan,DVD24884,353412528669296,1,2,37,243.28,0.229,5.5,0,39
49dc2ce3-76ef-4d7b-90cb-699ecc8da8cc,Stephen Wade Nissan,DVD24884,356278282742257,3,3,33,52.4,0.263,5.8,1,37
49dc2ce3-76ef-4d7b-90cb-699ecc8da8cc,Stephen Wade Nissan,DVD24884,359050723688767,3,5,46,151.89,0.139,2.0,1,30
49dc2ce3-76ef-4d7b-90cb-699ecc8da8cc,Stephen Wade Nissan,DVD24884,356772190340438,2,0,84,143.04,0.184,4.4,2,53
49dc2ce3-76ef-4d7b-90cb-699ecc8da8cc,Stephen Wade Nissan,DVD24884,354279788191485,2,2,123,160.06,0.136,2.3,0,36
49dc2ce3-76ef-4d7b-90cb-699ecc8da8cc,Stephen Wade Nissan,DVD24884,358078361340745,0,5,168,195.67,0.28,4.5,0,0
49dc2ce3-76ef-4d7b-90cb-699ecc8da8cc,Stephen Wade Nissan,DVD24884,351713395962923,2,1,37,203.77,0.156,6.7,2,54
49dc2ce3-76ef-4d7b-90cb-699ecc8da8cc,Stephen Wade Nissan,DVD24884,353095849825449,4,0,58,218.38,0.095,4.5,2,82
49dc2ce3-76ef-4d7b-90cb-699ecc8da8cc,Stephen Wade Nissan,DVD24884,354812604223253,0,3,25,225.3,0.121,0.0,1,43
49dc2ce3-76ef-4d7b-90cb-699ecc8da8cc,Stephen Wade Nissan,DVD24884,356729466711684,4,3,105,169.71,0.176,2.4,1,45
49dc2ce3-76ef-4d7b-90cb-699ecc8da8cc,Stephen Wade Nissan,DVD24884,355775901751863,3,3,68,306.52,0.227,5.7,0,31
49dc2ce3-76ef-4d7b-90cb-699ecc8da8cc,Stephen Wade Nissan,DVD24884,356374545892975,4,1,43,263.23,0.094,3.4,2,74
49dc2ce3-76ef-4d7b-90cb-699ecc8da8cc,Stephen Wade Nissan,DVD24884,350017012770632,5,1,12,161.28,0.146,6.1,2,81
49dc2ce3-76ef-4d7b-90cb-699ecc8da8cc,Stephen Wade Nissan,DVD24884,354241541520643,3,2,59,171.79,0.182,2.1,2,66
49dc2ce3-76ef-4d7b-90cb-699ecc8da8cc,Stephen Wade Nissan,DVD24884,356110371293870,3,0,63,160.02,0.118,5.3,1,55
49dc2ce3-76ef-4d7b-90cb-699ecc8da8cc,Stephen Wade Nissan,DVD24884,350516271361115,2,0,9,201.8,0.221,5.4,1,59
49dc2ce3-76ef-4d7b-90cb-699ecc8da8cc,Stephen Wade Nissan,DVD24884,355426221890927,3,0,16,121.68,0.107,6.1,0,52
49dc2ce3-76ef-4d7b-90cb-699ecc8da8cc,Stephen Wade Nissan,DVD24884,355326973112196,5,1,57,132.63,0.281,3.2,0,48
49dc2ce3-76ef-4d7b-90cb-699ecc8da8cc,Stephen Wade Nissan,DVD24884,355652341389994,2,0,158,49.96,0.247,6.1,2,49
49dc2ce3-76ef-4d7b-90cb-699ecc8da8cc,Stephen Wade Nissan,DVD24884,350438983640376,3,1,113,156.08,0.253,7.5,1,42
49dc2ce3-76ef-4d7b-90cb-699ecc8da8cc,Stephen Wade Nissan,DVD24884,351379180552696,2,3,44,243.89,0.048,0.0,0,44
49dc2ce3-76ef-4d7b-90cb-699ecc8da8cc,Stephen Wade Nissan,DVD24884,355827109104300,5,0,39,170.87,0.146,4.6,2,80
49dc2ce3-76ef-4d7b-90cb-699ecc8da8cc,Stephen Wade Nissan,DVD24884,356848666188924,4,2,28,174.23,0.082,0.9,0,53
49dc2ce3-76ef-4d7b-90cb-699ecc8da8cc,Stephen Wade Nissan,DVD24884,351418328569146,2,4,26,196.69,0.133,2.8,1,37
49dc2ce3-76ef-4d7b-90cb-699ecc8da8cc,Stephen Wade Nissan,DVD24884,353031617990421,1,3,41,119.87,0.266,2.9,0,24
49dc2ce3-76ef-4d7b-90cb-699ecc8da8cc,Stephen Wade Nissan,DVD24884,350202758842524,2,2,190,181.52,0.089,4.4,2,38
49dc2ce3-76ef-4d7b-90cb-699ecc8da8cc,Stephen Wade Nissan,DVD24884,351056481491778,2,4,39,233.42,0.224,5.3,2,38
49dc2ce3-76ef-4d7b-90cb-699ecc8da8cc,Stephen Wade Nissan,DVD24884,355079252419138,3,3,51,198.39,0.072,6.3,0,37
49dc2ce3-76ef-4d7b-90cb-699ecc8da8cc,Stephen Wade Nissan,DVD24884,350003075622086,2,0,17,238.69,0.203,5.0,1,54
49dc2ce3-76ef-4d7b-90cb-699ecc8da8cc,Stephen Wade Nissan,DVD24884,353536541951802,1,3,77,255.85,0.212,5.8,3,45
49dc2ce3-76ef-4d7b-90cb-699ecc8da8cc,Stephen Wade Nissan,DVD24884,353806174451870,4,1,50,219.76,0.128,2.3,2,69
49dc2ce3-76ef-4d7b-90cb-699ecc8da8cc,Stephen Wade Nissan,DVD24884,355349493759738,1,1,37,137.2,0.05,6.6,2,56
49dc2ce3-76ef-4d7b-90cb-699ecc8da8cc,Stephen Wade Nissan,DVD24884,353206038505064,6,3,22,159.35,0.062,0.0,3,89
49dc2ce3-76ef-4d7b-90cb-699ecc8da8cc,Stephen Wade Nissan,DVD24884,351383670241038,1,0,27,295.89,0.311,7.6,1,53
49dc2ce3-76ef-4d7b-90cb-699ecc8da8cc,Stephen Wade Nissan,DVD24884,356571918261990,1,4,35,198.85,0.313,7.2,0,4
49dc2ce3-76ef-4d7b-90cb-699ecc8da8cc,Stephen Wade Nissan,DVD24884,356234456557431,3,1,37,190.86,0.011,6.0,0,51
49dc2ce3-76ef-4d7b-90cb-699ecc8da8cc,Stephen Wade Nissan,DVD24884,353291212775618,1,2,21,128.4,0.238,9.0,1,32
49dc2ce3-76ef-4d7b-90cb-699ecc8da8cc,Stephen Wade Nissan,DVD24884,355374741124903,4,1,47,174.51,0.251,0.9,0,52
49dc2ce3-76ef-4d7b-90cb-699ecc8da8cc,Stephen Wade Nissan,DVD24884,355213568044206,3,3,60,222.98,0.16,6.1,2,48
49dc2ce3-76ef-4d7b-90cb-699ecc8da8cc,Stephen Wade Nissan,DVD24884,357883171210032,3,1,87,180.89,0.101,4.8,3,74
49dc2ce3-76ef-4d7b-90cb-699ecc8da8cc,Stephen Wade Nissan,DVD24884,353651994101372,2,0,152,148.84,0.064,5.0,3,57
49dc2ce3-76ef-4d7b-90cb-699ecc8da8cc,Stephen Wade Nissan,DVD24884,351510702966706,2,2,8,162.76,0.051,2.2,0,49
49dc2ce3-76ef-4d7b-90cb-699ecc8da8cc,Stephen Wade Nissan,DVD24884,356253244720999,5,1,66,251.51,0.184,5.3,2,74
49dc2ce3-76ef-4d7b-90cb-699ecc8da8cc,Stephen Wade Nissan,DVD24884,353476870146263,1,0,40,220.07,0.118,5.2,1,53
49dc2ce3-76ef-4d7b-90cb-699ecc8da8cc,Stephen Wade Nissan,DVD24884,358380657875985,6,0,6,212.04,0.301,3.1,4,100
49dc2ce3-76ef-4d7b-90cb-699ecc8da8cc,Stephen Wade Nissan,DVD24884,356420593040785,1,1,30,206.45,0.059,4.4,4,71
49dc2ce3-76ef-4d7b-90cb-699ecc8da8cc,Stephen Wade Nissan,DVD24884,359321334803965,2,1,81,109.02,0.142,1.9,0,40
49dc2ce3-76ef-4d7b-90cb-699ecc8da8cc,Stephen Wade Nissan,DVD24884,352239559059929,3,0,73,196.34,0.086,3.7,0,53
49dc2ce3-76ef-4d7b-90cb-699ecc8da8cc,Stephen Wade Nissan,DVD24884,353784270103930,1,1,55,244.08,0.252,6.4,1,41
49dc2ce3-76ef-4d7b-90cb-699ecc8da8cc,Stephen Wade Nissan,DVD24884,358705932525002,2,2,28,164.34,0.183,6.5,3,55
49dc2ce3-76ef-4d7b-90cb-699ecc8da8cc,Stephen Wade Nissan,DVD24884,359218515691545,3,1,126,238.65,0.121,6.0,1,42
49dc2ce3-76ef-4d7b-90cb-699ecc8da8cc,Stephen Wade Nissan,DVD24884,352267528953926,4,1,19,212.71,0.203,6.4,2,69
49dc2ce3-76ef-4d7b-90cb-699ecc8da8cc,Stephen Wade Nissan,DVD24884,354422096902959,2,3,37,229.66,0.205,6.4,0,28
49dc2ce3-76ef-4d7b-90cb-699ecc8da8cc,Stephen Wade Nissan,DVD24884,353917251355215,0,0,43,183.06,0.096,3.2,1,54
49dc2ce3-76ef-4d7b-90cb-699ecc8da8cc,Stephen Wade Nissan,DVD24884,357043315410067,5,1,48,233.2,0.422,5.2,0,48
49dc2ce3-76ef-4d7b-90cb-699ecc8da8cc,Stephen Wade Nissan,DVD24884,356267658617932,3,3,213,92.12,0.259,6.7,2,25
49dc2ce3-76ef-4d7b-90cb-699ecc8da8cc,Stephen Wade Nissan,DVD24884,357104054115262,2,1,144,181.99,0.255,1.7,2,37
49dc2ce3-76ef-4d7b-90cb-699ecc8da8cc,Stephen Wade Nissan,DVD24884,351815997062962,1,4,72,222.78,0.173,1.7,3,38
49dc2ce3-76ef-4d7b-90cb-699ecc8da8cc,Stephen Wade Nissan,DVD24884,350153368844431,2,1,51,197.78,0.144,1.6,1,66
49dc2ce3-76ef-4d7b-90cb-699ecc8da8cc,Stephen Wade Nissan,DVD24884,350698720506149,4,1,50,245.74,0.041,0.9,1,60
49dc2ce3-76ef-4d7b-90cb-699ecc8da8cc,Stephen Wade Nissan,DVD24884,357310324171467,4,0,85,170.57,0.065,2.4,1,72
49dc2ce3-76ef-4d7b-90cb-699ecc8da8cc,Stephen Wade Nissan,DVD24884,357418625652704,2,1,110,147.15,0.162,3.4,0,33
49dc2ce3-76ef-4d7b-90cb-699ecc8da8cc,Stephen Wade Nissan,DVD24884,357743490211586,6,1,19,81.66,0.047,7.5,0,65
49dc2ce3-76ef-4d7b-90cb-699ecc8da8cc,Stephen Wade Nissan,DVD24884,359380686879374,4,2,153,163.62,0.262,3.6,2,38
49dc2ce3-76ef-4d7b-90cb-699ecc8da8cc,Stephen Wade Nissan,DVD24884,351608989921722,5,3,69,211.01,0.4,1.5,3,66
49dc2ce3-76ef-4d7b-90cb-699ecc8da8cc,Stephen Wade Nissan,DVD24884,353320616329451,2,2,32,225.66,0.075,4.8,0,34
49dc2ce3-76ef-4d7b-90cb-699ecc8da8cc,Stephen Wade Nissan,DVD24884,351686854870998,1,1,46,96.05,0.094,4.1,2,57
49dc2ce3-76ef-4d7b-90cb-699ecc8da8cc,Stephen Wade Nissan,DVD24884,356162299911914,2,1,72,250.52,0.158,2.9,0,48
49dc2ce3-76ef-4d7b-90cb-699ecc8da8cc,Stephen Wade Nissan,DVD24884,358564679970246,1,2,74,121.53,0.061,3.3,3,57
49dc2ce3-76ef-4d7b-90cb-699ecc8da8cc,Stephen Wade Nissan,DVD24884,352996065307450,4,0,22,172.73,0.064,6.6,0,51
49dc2ce3-76ef-4d7b-90cb-699ecc8da8cc,Stephen Wade Nissan,DVD24884,355444713247546,1,1,49,145.87,0.053,1.7,1,46
49dc2ce3-76ef-4d7b-90cb-699ecc8da8cc,Stephen Wade Nissan,DVD24884,359137367850821,3,3,59,205.03,0.077,1.2,1,48
49dc2ce3-76ef-4d7b-90cb-699ecc8da8cc,Stephen Wade Nissan,DVD24884,354862890233030,4,0,111,185.64,0.236,5.4,1,62
49dc2ce3-76ef-4d7b-90cb-699ecc8da8cc,Stephen Wade Nissan,DVD24884,357053457861035,3,2,119,220.68,0.211,3.3,3,55
49dc2ce3-76ef-4d7b-90cb-699ecc8da8cc,Stephen Wade Nissan,DVD24884,357972798552414,1,0,17,290.63,0.267,7.6,0,37
49dc2ce3-76ef-4d7b-90cb-699ecc8da8cc,Stephen Wade Nissan,DVD24884,350602933334680,5,0,53,203.87,0.165,4.2,3,93
49dc2ce3-76ef-4d7b-90cb-699ecc8da8cc,Stephen Wade Nissan,DVD24884,350722903494466,3,1,31,145.4,0.15,4.3,0,51
49dc2ce3-76ef-4d7b-90cb-699ecc8da8cc,Stephen Wade Nissan,DVD24884,355743748969108,1,1,71,207.66,0.286,6.1,1,38
49dc2ce3-76ef-4d7b-90cb-699ecc8da8cc,Stephen Wade Nissan,DVD24884,355899441715454,8,5,206,296.71,0.229,1.2,2,58
49dc2ce3-76ef-4d7b-90cb-699ecc8da8cc,Stephen Wade Nissan,DVD24884,354432830965207,2,0,102,219.38,0.233,5.2,2,47
49dc2ce3-76ef-4d7b-90cb-699ecc8da8cc,Stephen Wade Nissan,DVD24884,354466609935387,2,1,75,236.74,0.118,3.8,0,36
49dc2ce3-76ef-4d7b-90cb-699ecc8da8cc,Stephen Wade Nissan,DVD24884,355842824172482,3,1,91,84.39,0.141,6.6,2,54
49dc2ce3-76ef-4d7b-90cb-699ecc8da8cc,Stephen Wade Nissan,DVD24884,355135346554947,0,0,137,203.21,0.112,3.2,0,39
49dc2ce3-76ef-4d7b-90cb-699ecc8da8cc,Stephen Wade Nissan,DVD24884,351709991738168,3,1,96,163.92,0.183,4.9,1,53
49dc2ce3-76ef-4d7b-90cb-699ecc8da8cc,Stephen Wade Nissan,DVD24884,354602235697252,2,0,20,139.19,0.115,3.8,0,54
49dc2ce3-76ef-4d7b-90cb-699ecc8da8cc,Stephen Wade Nissan,DVD24884,351752500743292,2,0,161,178.66,0.078,5.3,5,72
49dc2ce3-76ef-4d7b-90cb-699ecc8da8cc,Stephen Wade Nissan,DVD24884,357129666676008,4,1,57,186.52,0.088,4.0,1,58
49dc2ce3-76ef-4d7b-90cb-699ecc8da8cc,Stephen Wade Nissan,DVD24884,353505830033542,2,0,69,142.54,0.11,5.0,3,67
49dc2ce3-76ef-4d7b-90cb-699ecc8da8cc,Stephen Wade Nissan,DVD24884,351689421044789,2,0,119,191.31,0.114,8.0,0,32
49dc2ce3-76ef-4d7b-90cb-699ecc8da8cc,Stephen Wade Nissan,DVD24884,358562575326033,2,1,200,169.59,0.257,3.9,0,19
49dc2ce3-76ef-4d7b-90cb-699ecc8da8cc,Stephen Wade Nissan,DVD24884,352309821506489,6,0,37,222.15,0.321,5.3,2,87
49dc2ce3-76ef-4d7b-90cb-699ecc8da8cc,Stephen Wade Nissan,DVD24884,350901001676184,1,2,115,193.65,0.119,9.1,2,27
49dc2ce3-76ef-4d7b-90cb-699ecc8da8cc,Stephen Wade Nissan,DVD24884,357230461849926,3,0,35,202.56,0.183,5.3,0,42
49dc2ce3-76ef-4d7b-90cb-699ecc8da8cc,Stephen Wade Nissan,DVD24884,351891411739348,0,0,65,238.76,0.146,0.0,0,44
49dc2ce3-76ef-4d7b-90cb-699ecc8da8cc,Stephen Wade Nissan,DVD24884,353564208737530,5,1,14,213.3,0.084,3.2,2,75
49dc2ce3-76ef-4d7b-90cb-699ecc8da8cc,Stephen Wade Nissan,DVD24884,350119721811437,5,3,35,179.63,0.146,2.1,1,64
49dc2ce3-76ef-4d7b-90cb-699ecc8da8cc,Stephen Wade Nissan,DVD24884,354470120455611,2,3,62,54.78,0.099,6.3,1,35
49dc2ce3-76ef-4d7b-90cb-699ecc8da8cc,Stephen Wade Nissan,DVD24884,350022557941552,1,4,78,210.82,0.297,4.3,1,23
49dc2ce3-76ef-4d7b-90cb-699ecc8da8cc,Stephen Wade Nissan,DVD24884,351667467621202,0,3,75,125.28,0.194,6.6,1,24
49dc2ce3-76ef-4d7b-90cb-699ecc8da8cc,Stephen Wade Nissan,DVD24884,351697972965902,0,0,105,174.83,0.071,5.7,3,53
49dc2ce3-76ef-4d7b-90cb-699ecc8da8cc,Stephen Wade Nissan,DVD24884,357716701450899,2,0,40,202.26,0.187,5.7,2,60
49dc2ce3-76ef-4d7b-90cb-699ecc8da8cc,Stephen Wade Nissan,DVD24884,353588916375628,3,2,49,259.98,0.041,2.1,0,44
49dc2ce3-76ef-4d7b-90cb-699ecc8da8cc,Stephen Wade Nissan,DVD24884,359002877217535,4,2,51,290.54,0.062,5.5,2,67
49dc2ce3-76ef-4d7b-90cb-699ecc8da8cc,Stephen Wade Nissan,DVD24884,354083866317797,2,0,42,124.73,0.083,7.2,0,48
49dc2ce3-76ef-4d7b-90cb-699ecc8da8cc,Stephen Wade Nissan,DVD24884,351775170166088,4,1,25,101.05,0.171,1.6,0,58
49dc2ce3-76ef-4d7b-90cb-699ecc8da8cc,Stephen Wade Nissan,DVD24884,350199488375503,1,0,57,199.54,0.191,3.9,1,48
49dc2ce3-76ef-4d7b-90cb-699ecc8da8cc,Stephen Wade Nissan,DVD24884,357589975711305,2,2,93,194.55,0.023,5.2,0,31
49dc2ce3-76ef-4d7b-90cb-699ecc8da8cc,Stephen Wade Nissan,DVD24884,355488510272614,1,1,68,107.89,0.227,4.7,0,41
49dc2ce3-76ef-4d7b-90cb-699ecc8da8cc,Stephen Wade Nissan,DVD24884,359331637351609,3,0,38,179.0,0.097,7.4,2,61
49dc2ce3-76ef-4d7b-90cb-699ecc8da8cc,Stephen Wade Nissan,DVD24884,351779827080869,6,0,58,215.85,0.1,6.0,1,78
49dc2ce3-76ef-4d7b-90cb-699ecc8da8cc,Stephen Wade Nissan,DVD24884,357829221699586,2,0,36,106.19,0.214,5.3,0,47
49dc2ce3-76ef-4d7b-90cb-699ecc8da8cc,Stephen Wade Nissan,DVD24884,356934654722698,5,1,80,120.32,0.083,6.1,1,56
49dc2ce3-76ef-4d7b-90cb-699ecc8da8cc,Stephen Wade Nissan,DVD24884,354858333945228,0,1,96,141.35,0.138,6.0,4,58
49dc2ce3-76ef-4d7b-90cb-699ecc8da8cc,Stephen Wade Nissan,DVD24884,358515879968460,2,0,97,167.26,0.181,4.6,4,72
49dc2ce3-76ef-4d7b-90cb-699ecc8da8cc,Stephen Wade Nissan,DVD24884,358106200342442,4,0,45,221.64,0.167,3.8,1,65
49dc2ce3-76ef-4d7b-90cb-699ecc8da8cc,Stephen Wade Nissan,DVD24884,350438057198386,2,2,37,160.41,0.177,6.5,1,50
49dc2ce3-76ef-4d7b-90cb-699ecc8da8cc,Stephen Wade Nissan,DVD24884,353840666580043,2,0,105,183.32,0.074,3.0,2,56
49dc2ce3-76ef-4d7b-90cb-699ecc8da8cc,Stephen Wade Nissan,DVD24884,359735989334721,0,2,43,314.77,0.206,4.4,2,42
49dc2ce3-76ef-4d7b-90cb-699ecc8da8cc,Stephen Wade Nissan,DVD24884,352281606484229,3,0,57,122.62,0.171,2.2,0,56
49dc2ce3-76ef-4d7b-90cb-699ecc8da8cc,Stephen Wade Nissan,DVD24884,354057202590947,4,0,67,140.82,0.109,6.0,0,50
49dc2ce3-76ef-4d7b-90cb-699ecc8da8cc,Stephen Wade Nissan,DVD24884,359851583281826,2,0,54,220.69,0.168,7.0,1,50
49dc2ce3-76ef-4d7b-90cb-699ecc8da8cc,Stephen Wade Nissan,DVD24884,358861533555439,2,2,88,239.28,0.147,2.6,3,63
49dc2ce3-76ef-4d7b-90cb-699ecc8da8cc,Stephen Wade Nissan,DVD24884,358780157399305,2,2,16,204.89,0.186,4.2,1,45
49dc2ce3-76ef-4d7b-90cb-699ecc8da8cc,Stephen Wade Nissan,DVD24884,356164840858877,2,0,74,288.54,0.205,3.5,4,78
49dc2ce3-76ef-4d7b-90cb-699ecc8da8cc,Stephen Wade Nissan,DVD24884,350435811288013,1,1,28,199.05,0.092,6.7,2,54
49dc2ce3-76ef-4d7b-90cb-699ecc8da8cc,Stephen Wade Nissan,DVD24884,353613861207501,2,0,39,61.43,0.23,7.3,2,62
49dc2ce3-76ef-4d7b-90cb-699ecc8da8cc,Stephen Wade Nissan,DVD24884,351024819346676,3,1,61,185.82,0.103,3.5,1,59
49dc2ce3-76ef-4d7b-90cb-699ecc8da8cc,Stephen Wade Nissan,DVD24884,356506180919015,1,2,12,145.74,0.04,0.0,0,49
49dc2ce3-76ef-4d7b-90cb-699ecc8da8cc,Stephen Wade Nissan,DVD24884,358144914766072,1,1,47,263.03,0.183,6.8,4,74
49dc2ce3-76ef-4d7b-90cb-699ecc8da8cc,Stephen Wade Nissan,DVD24884,358326842450882,5,3,41,237.88,0.034,4.6,3,82
49dc2ce3-76ef-4d7b-90cb-699ecc8da8cc,Stephen Wade Nissan,DVD24884,351009968814353,3,2,49,84.62,0.044,4.6,1,49
49dc2ce3-76ef-4d7b-90cb-699ecc8da8cc,Stephen Wade Nissan,DVD24884,356822239431290,3,1,40,261.02,0.137,6.4,0,46
49dc2ce3-76ef-4d7b-90cb-699ecc8da8cc,Stephen Wade Nissan,DVD24884,358781414139755,3,2,57,236.36,0.172,3.8,1,46
49dc2ce3-76ef-4d7b-90cb-699ecc8da8cc,Stephen Wade Nissan,DVD24884,352314913577594,1,1,35,160.53,0.151,3.2,2,50
49dc2ce3-76ef-4d7b-90cb-699ecc8da8cc,Stephen Wade Nissan,DVD24884,359299556205336,1,1,52,175.29,0.192,3.8,4,65
49dc2ce3-76ef-4d7b-90cb-699ecc8da8cc,Stephen Wade Nissan,DVD24884,354525777547812,2,1,61,263.53,0.102,5.5,0,33
49dc2ce3-76ef-4d7b-90cb-699ecc8da8cc,Stephen Wade Nissan,DVD24884,359142834110809,2,1,107,61.71,0.272,6.3,1,36
49dc2ce3-76ef-4d7b-90cb-699ecc8da8cc,Stephen Wade Nissan,DVD24884,359693084887256,4,0,123,206.72,0.143,7.8,0,48
49dc2ce3-76ef-4d7b-90cb-699ecc8da8cc,Stephen Wade Nissan,DVD24884,353942788165803,3,1,17,245.6,0.208,5.3,2,66
49dc2ce3-76ef-4d7b-90cb-699ecc8da8cc,Stephen Wade Nissan,DVD24884,359282722992750,2,0,113,174.68,0.087,4.2,1,48
49dc2ce3-76ef-4d7b-90cb-699ecc8da8cc,Stephen Wade Nissan,DVD24884,353731453038567,1,1,25,218.87,0.176,6.3,1,50
49dc2ce3-76ef-4d7b-90cb-699ecc8da8cc,Stephen Wade Nissan,DVD24884,357005184498926,2,0,52,186.19,0.078,2.6,1,57
49dc2ce3-76ef-4d7b-90cb-699ecc8da8cc,Stephen Wade Nissan,DVD24884,356591846386557,3,2,13,132.96,0.272,7.3,1,43
49dc2ce3-76ef-4d7b-90cb-699ecc8da8cc,Stephen Wade Nissan,DVD24884,357908272318432,4,1,7,131.46,0.008,4.9,0,60
49dc2ce3-76ef-4d7b-90cb-699ecc8da8cc,Stephen Wade Nissan,DVD24884,352259136517773,4,0,198,222.72,0.065,4.0,2,62
49dc2ce3-76ef-4d7b-90cb-699ecc8da8cc,Stephen Wade Nissan,DVD24884,359260302992280,0,2,54,141.86,0.103,2.6,2,54
49dc2ce3-76ef-4d7b-90cb-699ecc8da8cc,Stephen Wade Nissan,DVD24884,359202428699041,2,0,45,88.53,0.195,5.8,0,45
49dc2ce3-76ef-4d7b-90cb-699ecc8da8cc,Stephen Wade Nissan,DVD24884,353797723692929,4,1,66,187.34,0.191,3.9,1,59
49dc2ce3-76ef-4d7b-90cb-699ecc8da8cc,Stephen Wade Nissan,DVD24884,358425799136621,4,1,46,149.22,0.335,4.3,4,75
49dc2ce3-76ef-4d7b-90cb-699ecc8da8cc,Stephen Wade Nissan,DVD24884,350388629127990,1,0,95,108.05,0.18,1.2,0,38
49dc2ce3-76ef-4d7b-90cb-699ecc8da8cc,Stephen Wade Nissan,DVD24884,358811729806865,6,1,64,184.3,0.101,3.6,1,75
49dc2ce3-76ef-4d7b-90cb-699ecc8da8cc,Stephen Wade Nissan,DVD24884,350863765991624,3,0,85,226.04,0.211,3.4,2,60
49dc2ce3-76ef-4d7b-90cb-699ecc8da8cc,Stephen Wade Nissan,DVD24884,357314986430098,5,1,29,181.21,0.244,5.3,0,48
49dc2ce3-76ef-4d7b-90cb-699ecc8da8cc,Stephen Wade Nissan,DVD24884,351806356512694,2,0,15,116.03,0.277,4.0,3,72
49dc2ce3-76ef-4d7b-90cb-699ecc8da8cc,Stephen Wade Nissan,DVD24884,354869594636887,3,2,102,208.91,0.171,0.0,3,66
49dc2ce3-76ef-4d7b-90cb-699ecc8da8cc,Stephen Wade Nissan,DVD24884,352588744956213,1,1,68,242.11,0.187,3.7,1,47
49dc2ce3-76ef-4d7b-90cb-699ecc8da8cc,Stephen Wade Nissan,DVD24884,357213865890260,3,3,20,312.78,0.151,1.6,1,59
49dc2ce3-76ef-4d7b-90cb-699ecc8da8cc,Stephen Wade Nissan,DVD24884,351279611435190,3,2,20,266.51,0.088,2.4,3,58
49dc2ce3-76ef-4d7b-90cb-699ecc8da8cc,Stephen Wade Nissan,DVD24884,356698490277038,2,1,58,119.68,0.524,6.5,0,29
49dc2ce3-76ef-4d7b-90cb-699ecc8da8cc,Stephen Wade Nissan,DVD24884,354309883920530,1,4,80,231.48,0.072,1.1,1,38
49dc2ce3-76ef-4d7b-90cb-699ecc8da8cc,Stephen Wade Nissan,DVD24884,352146566938011,1,5,25,195.39,0.147,5.1,0,3
49dc2ce3-76ef-4d7b-90cb-699ecc8da8cc,Stephen Wade Nissan,DVD24884,358489554393769,4,0,141,110.87,0.055,3.5,1,58
49dc2ce3-76ef-4d7b-90cb-699ecc8da8cc,Stephen Wade Nissan,DVD24884,350426818184518,4,1,87,197.03,0.123,3.1,1,53
49dc2ce3-76ef-4d7b-90cb-699ecc8da8cc,Stephen Wade Nissan,DVD24884,354894769735779,0,0,107,295.12,0.24,2.5,2,52
49dc2ce3-76ef-4d7b-90cb-699ecc8da8cc,Stephen Wade Nissan,DVD24884,350714163356588,3,1,57,251.75,0.402,5.1,1,46
49dc2ce3-76ef-4d7b-90cb-699ecc8da8cc,Stephen Wade Nissan,DVD24884,350434165182755,3,1,54,119.19,0.064,5.4,1,58
49dc2ce3-76ef-4d7b-90cb-699ecc8da8cc,Stephen Wade Nissan,DVD24884,353942373334333,3,0,18,180.82,0.23,1.0,0,67
49dc2ce3-76ef-4d7b-90cb-699ecc8da8cc,Stephen Wade Nissan,DVD24884,353952111790807,2,0,29,209.5,0.179,6.8,3,78
49dc2ce3-76ef-4d7b-90cb-699ecc8da8cc,Stephen Wade Nissan,DVD24884,355957947284639,4,1,49,76.21,0.077,2.1,1,73
49dc2ce3-76ef-4d7b-90cb-699ecc8da8cc,Stephen Wade Nissan,DVD24884,352086780856271,2,1,70,78.27,0.177,5.3,3,57
49dc2ce3-76ef-4d7b-90cb-699ecc8da8cc,Stephen Wade Nissan,DVD24884,358750036915594,2,1,61,189.28,0.218,2.1,3,73
49dc2ce3-76ef-4d7b-90cb-699ecc8da8cc,Stephen Wade Nissan,DVD24884,352843479552763,6,2,9,190.06,0.309,3.6,2,71
49dc2ce3-76ef-4d7b-90cb-699ecc8da8cc,Stephen Wade Nissan,DVD24884,356556472929314,6,1,24,69.67,0.111,1.9,2,91
49dc2ce3-76ef-4d7b-90cb-699ecc8da8cc,Stephen Wade Nissan,DVD24884,353866322702672,2,0,64,203.28,0.348,3.4,3,74
49dc2ce3-76ef-4d7b-90cb-699ecc8da8cc,Stephen Wade Nissan,DVD24884,358857448906120,1,4,71,245.22,0.12,4.1,3,39
49dc2ce3-76ef-4d7b-90cb-699ecc8da8cc,Stephen Wade Nissan,DVD24884,353471754558845,0,1,39,166.9,0.184,2.2,0,36
49dc2ce3-76ef-4d7b-90cb-699ecc8da8cc,Stephen Wade Nissan,DVD24884,350615939982455,4,0,82,183.59,0.059,5.1,0,57
49dc2ce3-76ef-4d7b-90cb-699ecc8da8cc,Stephen Wade Nissan,DVD24884,358771694722569,1,0,81,214.28,0.14,5.4,2,58
49dc2ce3-76ef-4d7b-90cb-699ecc8da8cc,Stephen Wade Nissan,DVD24884,359611253554496,5,1,190,206.34,0.096,9.9,1,42
49dc2ce3-76ef-4d7b-90cb-699ecc8da8cc,Stephen Wade Nissan,DVD24884,354759876220234,0,0,54,79.88,0.117,6.4,0,39
49dc2ce3-76ef-4d7b-90cb-699ecc8da8cc,Stephen Wade Nissan,DVD24884,351326111780068,1,1,38,125.69,0.386,6.9,2,40
49dc2ce3-76ef-4d7b-90cb-699ecc8da8cc,Stephen Wade Nissan,DVD24884,351149216433472,3,1,25,156.25,0.143,1.0,1,57
49dc2ce3-76ef-4d7b-90cb-699ecc8da8cc,Stephen Wade Nissan,DVD24884,352820055778487,3,2,16,128.35,0.123,0.6,4,82
49dc2ce3-76ef-4d7b-90cb-699ecc8da8cc,Stephen Wade Nissan,DVD24884,352829979688457,3,0,79,268.02,0.183,3.9,0,50
49dc2ce3-76ef-4d7b-90cb-699ecc8da8cc,Stephen Wade Nissan,DVD24884,358317456424008,3,2,73,218.07,0.061,8.1,4,73
49dc2ce3-76ef-4d7b-90cb-699ecc8da8cc,Stephen Wade Nissan,DVD24884,352547807740649,2,1,18,113.42,0.104,9.4,4,68
49dc2ce3-76ef-4d7b-90cb-699ecc8da8cc,Stephen Wade Nissan,DVD24884,353085368663266,3,0,79,167.14,0.121,3.1,1,60
49dc2ce3-76ef-4d7b-90cb-699ecc8da8cc,Stephen Wade Nissan,DVD24884,353416389448463,2,1,59,247.82,0.237,3.3,2,49
49dc2ce3-76ef-4d7b-90cb-699ecc8da8cc,Stephen Wade Nissan,DVD24884,351224179749735,2,2,42,141.23,0.157,5.6,1,42
49dc2ce3-76ef-4d7b-90cb-699ecc8da8cc,Stephen Wade Nissan,DVD24884,350208021442703,3,0,8,231.1,0.084,4.1,1,65
49dc2ce3-76ef-4d7b-90cb-699ecc8da8cc,Stephen Wade Nissan,DVD24884,351207356475705,4,3,73,262.99,0.492,4.2,3,52
49dc2ce3-76ef-4d7b-90cb-699ecc8da8cc,Stephen Wade Nissan,DVD24884,351204618723460,3,2,154,252.97,0.198,5.8,3,51
49dc2ce3-76ef-4d7b-90cb-699ecc8da8cc,Stephen Wade Nissan,DVD24884,351367303718376,4,3,28,190.82,0.146,9.9,1,44
49dc2ce3-76ef-4d7b-90cb-699ecc8da8cc,Stephen Wade Nissan,DVD24884,354520881474350,6,1,60,255.06,0.265,7.1,1,63
49dc2ce3-76ef-4d7b-90cb-699ecc8da8cc,Stephen Wade Nissan,DVD24884,353136502491630,4,1,77,148.67,0.118,8.2,2,57
49dc2ce3-76ef-4d7b-90cb-699ecc8da8cc,Stephen Wade Nissan,DVD24884,350979251327195,4,0,4,329.15,0.197,0.8,1,71
49dc2ce3-76ef-4d7b-90cb-699ecc8da8cc,Stephen Wade Nissan,DVD24884,350052812735857,2,1,24,194.45,0.07,6.6,1,60
49dc2ce3-76ef-4d7b-90cb-699ecc8da8cc,Stephen Wade Nissan,DVD24884,353065240778487,4,1,14,248.81,0.133,2.6,4,90
49dc2ce3-76ef-4d7b-90cb-699ecc8da8cc,Stephen Wade Nissan,DVD24884,353928557498218,2,1,153,158.28,0.119,7.9,2,39
49dc2ce3-76ef-4d7b-90cb-699ecc8da8cc,Stephen Wade Nissan,DVD24884,352744857086209,1,1,4,209.96,0.199,7.2,0,38
49dc2ce3-76ef-4d7b-90cb-699ecc8da8cc,Stephen Wade Nissan,DVD24884,355935186387829,4,1,42,212.61,0.223,5.7,1,70
49dc2ce3-76ef-4d7b-90cb-699ecc8da8cc,Stephen Wade Nissan,DVD24884,354565118102203,2,0,64,124.27,0.197,3.0,3,64
49dc2ce3-76ef-4d7b-90cb-699ecc8da8cc,Stephen Wade Nissan,DVD24884,351731096789940,2,1,28,122.49,0.098,3.5,1,45
49dc2ce3-76ef-4d7b-90cb-699ecc8da8cc,Stephen Wade Nissan,DVD24884,355391037170586,2,1,5,167.73,0.074,3.7,3,72
49dc2ce3-76ef-4d7b-90cb-699ecc8da8cc,Stephen Wade Nissan,DVD24884,355094801413811,6,2,44,246.32,0.152,6.0,0,56
49dc2ce3-76ef-4d7b-90cb-699ecc8da8cc,Stephen Wade Nissan,DVD24884,353863383928861,1,4,27,70.11,0.081,5.3,2,40
49dc2ce3-76ef-4d7b-90cb-699ecc8da8cc,Stephen Wade Nissan,DVD24884,359576122868528,2,3,70,158.23,0.057,7.3,0,21
49dc2ce3-76ef-4d7b-90cb-699ecc8da8cc,Stephen Wade Nissan,DVD24884,359755855665939,2,0,88,258.59,0.139,7.7,0,41
49dc2ce3-76ef-4d7b-90cb-699ecc8da8cc,Stephen Wade Nissan,DVD24884,358368457760049,1,1,18,106.07,0.219,2.8,1,45
49dc2ce3-76ef-4d7b-90cb-699ecc8da8cc,Stephen Wade Nissan,DVD24884,350824043350488,2,1,30,255.23,0.077,5.5,0,57
49dc2ce3-76ef-4d7b-90cb-699ecc8da8cc,Stephen Wade Nissan,DVD24884,358992107522459,9,1,31,112.33,0.083,5.4,1,88
49dc2ce3-76ef-4d7b-90cb-699ecc8da8cc,Stephen Wade Nissan,DVD24884,353344196931572,1,0,87,125.01,0.124,4.3,2,48
49dc2ce3-76ef-4d7b-90cb-699ecc8da8cc,Stephen Wade Nissan,DVD24884,357919409610556,0,0,55,171.17,0.124,6.4,1,44
49dc2ce3-76ef-4d7b-90cb-699ecc8da8cc,Stephen Wade Nissan,DVD24884,356139060480589,3,4,19,292.41,0.14,5.5,0,31
49dc2ce3-76ef-4d7b-90cb-699ecc8da8cc,Stephen Wade Nissan,DVD24884,352583206799813,2,4,107,141.6,0.205,3.4,2,37
49dc2ce3-76ef-4d7b-90cb-699ecc8da8cc,Stephen Wade Nissan,DVD24884,356462251790864,6,1,28,76.02,0.05,4.2,2,81
49dc2ce3-76ef-4d7b-90cb-699ecc8da8cc,Stephen Wade Nissan,DVD24884,351686227837693,2,0,34,95.88,0.085,3.8,0,47
49dc2ce3-76ef-4d7b-90cb-699ecc8da8cc,Stephen Wade Nissan,DVD24884,358983314659116,3,2,23,235.92,0.067,3.0,2,61
49dc2ce3-76ef-4d7b-90cb-699ecc8da8cc,Stephen Wade Nissan,DVD24884,356553559042597,1,0,58,98.72,0.279,4.3,1,48
49dc2ce3-76ef-4d7b-90cb-699ecc8da8cc,Stephen Wade Nissan,DVD24884,359270335211039,0,1,39,251.28,0.061,1.9,1,48
49dc2ce3-76ef-4d7b-90cb-699ecc8da8cc,Stephen Wade Nissan,DVD24884,352405147705383,4,0,129,184.19,0.192,5.4,1,46
49dc2ce3-76ef-4d7b-90cb-699ecc8da8cc,Stephen Wade Nissan,DVD24884,353884879206980,2,3,55,178.06,0.147,7.3,1,38
49dc2ce3-76ef-4d7b-90cb-699ecc8da8cc,Stephen Wade Nissan,DVD24884,354204394070164,3,1,24,197.84,0.042,4.6,1,71
49dc2ce3-76ef-4d7b-90cb-699ecc8da8cc,Stephen Wade Nissan,DVD24884,355104636815798,1,2,51,131.94,0.044,6.4,0,31
49dc2ce3-76ef-4d7b-90cb-699ecc8da8cc,Stephen Wade Nissan,DVD24884,351238780038457,3,1,141,188.27,0.05,4.8,0,41
49dc2ce3-76ef-4d7b-90cb-699ecc8da8cc,Stephen Wade Nissan,DVD24884,356205554384046,3,0,17,108.42,0.197,2.5,2,74
49dc2ce3-76ef-4d7b-90cb-699ecc8da8cc,Stephen Wade Nissan,DVD24884,350843256216893,2,1,73,260.93,0.143,8.5,1,41
49dc2ce3-76ef-4d7b-90cb-699ecc8da8cc,Stephen Wade Nissan,DVD24884,356392649578232,2,1,8,118.36,0.09,0.0,0,42
49dc2ce3-76ef-4d7b-90cb-699ecc8da8cc,Stephen Wade Nissan,DVD24884,359832482629251,3,4,123,206.33,0.065,4.5,2,45
49dc2ce3-76ef-4d7b-90cb-699ecc8da8cc,Stephen Wade Nissan,DVD24884,358812520566474,3,0,35,117.91,0.451,3.0,3,77
49dc2ce3-76ef-4d7b-90cb-699ecc8da8cc,Stephen Wade Nissan,DVD24884,352312209949993,1,1,24,148.01,0.418,7.7,0,23
49dc2ce3-76ef-4d7b-90cb-699ecc8da8cc,Stephen Wade Nissan,DVD24884,359330517289752,5,0,135,157.57,0.103,4.9,1,64
49dc2ce3-76ef-4d7b-90cb-699ecc8da8cc,Stephen Wade Nissan,DVD24884,356772233060463,3,0,48,358.88,0.308,9.6,2,70
49dc2ce3-76ef-4d7b-90cb-699ecc8da8cc,Stephen Wade Nissan,DVD24884,353312797573660,1,1,50,179.13,0.258,4.6,1,34
49dc2ce3-76ef-4d7b-90cb-699ecc8da8cc,Stephen Wade Nissan,DVD24884,359656999880817,2,1,36,130.71,0.041,3.0,0,45
49dc2ce3-76ef-4d7b-90cb-699ecc8da8cc,Stephen Wade Nissan,DVD24884,357038860868034,4,1,37,153.33,0.279,1.1,0,57
49dc2ce3-76ef-4d7b-90cb-699ecc8da8cc,Stephen Wade Nissan,DVD24884,357644726490827,1,3,7,89.72,0.067,6.7,0,42
49dc2ce3-76ef-4d7b-90cb-699ecc8da8cc,Stephen Wade Nissan,DVD24884,357181298266570,1,2,72,170.23,0.156,2.8,2,49
49dc2ce3-76ef-4d7b-90cb-699ecc8da8cc,Stephen Wade Nissan,DVD24884,352793714521117,3,1,14,291.07,0.07,3.7,0,55
49dc2ce3-76ef-4d7b-90cb-699ecc8da8cc,Stephen Wade Nissan,DVD24884,355186892686025,1,0,97,200.16,0.088,7.0,0,42
49dc2ce3-76ef-4d7b-90cb-699ecc8da8cc,Stephen Wade Nissan,DVD24884,359222206447421,2,0,20,234.2,0.175,6.6,1,55
49dc2ce3-76ef-4d7b-90cb-699ecc8da8cc,Stephen Wade Nissan,DVD24884,352309407778097,4,0,53,125.4,0.171,3.3,1,62
49dc2ce3-76ef-4d7b-90cb-699ecc8da8cc,Stephen Wade Nissan,DVD24884,353397767199038,0,0,31,167.8,0.182,3.6,1,43
49dc2ce3-76ef-4d7b-90cb-699ecc8da8cc,Stephen Wade Nissan,DVD24884,354983022050209,4,4,36,192.23,0.279,1.0,2,65
49dc2ce3-76ef-4d7b-90cb-699ecc8da8cc,Stephen Wade Nissan,DVD24884,359451016224999,6,0,41,136.48,0.117,0.4,0,80
49dc2ce3-76ef-4d7b-90cb-699ecc8da8cc,Stephen Wade Nissan,DVD24884,358279501455616,3,1,64,204.0,0.223,6.0,2,57
49dc2ce3-76ef-4d7b-90cb-699ecc8da8cc,Stephen Wade Nissan,DVD24884,358147214586833,2,3,133,216.93,0.034,6.2,1,29
49dc2ce3-76ef-4d7b-90cb-699ecc8da8cc,Stephen Wade Nissan,DVD24884,359019817946954,4,1,35,212.57,0.292,5.2,1,55
49dc2ce3-76ef-4d7b-90cb-699ecc8da8cc,Stephen Wade Nissan,DVD24884,358995299787729,3,0,5,170.94,0.353,4.9,2,72
49dc2ce3-76ef-4d7b-90cb-699ecc8da8cc,Stephen Wade Nissan,DVD24884,353430107139660,7,0,114,245.45,0.265,3.1,1,76
49dc2ce3-76ef-4d7b-90cb-699ecc8da8cc,Stephen Wade Nissan,DVD24884,355583034414488,2,0,80,164.54,0.344,7.4,2,53
49dc2ce3-76ef-4d7b-90cb-699ecc8da8cc,Stephen Wade Nissan,DVD24884,355015569902355,3,1,19,159.07,0.216,0.9,3,74
49dc2ce3-76ef-4d7b-90cb-699ecc8da8cc,Stephen Wade Nissan,DVD24884,357702727857608,4,0,16,266.49,0.114,3.6,2,75
49dc2ce3-76ef-4d7b-90cb-699ecc8da8cc,Stephen Wade Nissan,DVD24884,354958803955124,3,2,66,113.58,0.277,4.8,2,43
49dc2ce3-76ef-4d7b-90cb-699ecc8da8cc,Stephen Wade Nissan,DVD24884,350568299629145,3,1,58,77.82,0.037,4.5,0,42
49dc2ce3-76ef-4d7b-90cb-699ecc8da8cc,Stephen Wade Nissan,DVD24884,350461735743842,0,2,155,127.93,0.101,4.5,3,49
49dc2ce3-76ef-4d7b-90cb-699ecc8da8cc,Stephen Wade Nissan,DVD24884,351503178078235,2,1,72,203.23,0.066,3.5,1,51
49dc2ce3-76ef-4d7b-90cb-699ecc8da8cc,Stephen Wade Nissan,DVD24884,357845218230768,2,0,29,257.02,0.086,5.6,2,69
49dc2ce3-76ef-4d7b-90cb-699ecc8da8cc,Stephen Wade Nissan,DVD24884,351040915701840,5,1,24,140.37,0.222,2.1,2,79
49dc2ce3-76ef-4d7b-90cb-699ecc8da8cc,Stephen Wade Nissan,DVD24884,359435334485714,3,0,52,288.89,0.13,4.2,2,74
49dc2ce3-76ef-4d7b-90cb-699ecc8da8cc,Stephen Wade Nissan,DVD24884,352241098813858,0,2,7,181.63,0.149,5.4,1,31
49dc2ce3-76ef-4d7b-90cb-699ecc8da8cc,Stephen Wade Nissan,DVD24884,355424932149587,5,0,11,173.07,0.138,3.8,1,75
49dc2ce3-76ef-4d7b-90cb-699ecc8da8cc,Stephen Wade Nissan,DVD24884,350207016016629,2,2,17,129.0,0.062,4.5,2,60
49dc2ce3-76ef-4d7b-90cb-699ecc8da8cc,Stephen Wade Nissan,DVD24884,359795453817921,4,0,29,297.08,0.223,4.9,2,79
49dc2ce3-76ef-4d7b-90cb-699ecc8da8cc,Stephen Wade Nissan,DVD24884,357174773329456,4,1,48,170.98,0.124,1.0,2,69
49dc2ce3-76ef-4d7b-90cb-699ecc8da8cc,Stephen Wade Nissan,DVD24884,352557701715772,1,0,76,100.08,0.297,1.2,1,48
49dc2ce3-76ef-4d7b-90cb-699ecc8da8cc,Stephen Wade Nissan,DVD24884,354599281615814,1,1,118,327.46,0.188,4.8,0,35
49dc2ce3-76ef-4d7b-90cb-699ecc8da8cc,Stephen Wade Nissan,DVD24884,358769639382761,1,2,103,203.62,0.137,3.3,1,32
49dc2ce3-76ef-4d7b-90cb-699ecc8da8cc,Stephen Wade Nissan,DVD24884,355396695832197,2,3,92,227.93,0.136,3.4,2,46
49dc2ce3-76ef-4d7b-90cb-699ecc8da8cc,Stephen Wade Nissan,DVD24884,351997581724619,6,0,34,280.89,0.31,5.6,0,64
49dc2ce3-76ef-4d7b-90cb-699ecc8da8cc,Stephen Wade Nissan,DVD24884,351965701329022,2,0,24,216.87,0.289,2.5,2,62
49dc2ce3-76ef-4d7b-90cb-699ecc8da8cc,Stephen Wade Nissan,DVD24884,357846997335494,2,1,65,238.49,0.235,0.0,1,51
49dc2ce3-76ef-4d7b-90cb-699ecc8da8cc,Stephen Wade Nissan,DVD24884,356519098624058,2,0,68,183.26,0.079,7.8,1,59
49dc2ce3-76ef-4d7b-90cb-699ecc8da8cc,Stephen Wade Nissan,DVD24884,350085140369656,2,1,19,224.02,0.331,6.9,0,36
49dc2ce3-76ef-4d7b-90cb-699ecc8da8cc,Stephen Wade Nissan,DVD24884,356668327238656,2,3,41,177.95,0.033,6.9,0,33
49dc2ce3-76ef-4d7b-90cb-699ecc8da8cc,Stephen Wade Nissan,DVD24884,352422010276212,4,2,23,178.79,0.127,2.3,1,56
49dc2ce3-76ef-4d7b-90cb-699ecc8da8cc,Stephen Wade Nissan,DVD24884,356796927868765,4,2,11,187.18,0.11,4.3,5,98
49dc2ce3-76ef-4d7b-90cb-699ecc8da8cc,Stephen Wade Nissan,DVD24884,353269097384689,3,1,62,156.19,0.078,2.0,0,49
49dc2ce3-76ef-4d7b-90cb-699ecc8da8cc,Stephen Wade Nissan,DVD24884,355009751971284,2,0,91,210.26,0.202,4.4,4,83
49dc2ce3-76ef-4d7b-90cb-699ecc8da8cc,Stephen Wade Nissan,DVD24884,357818913718949,2,2,145,210.11,0.109,3.8,4,62
49dc2ce3-76ef-4d7b-90cb-699ecc8da8cc,Stephen Wade Nissan,DVD24884,350580778795654,3,2,44,229.13,0.194,2.3,1,60
49dc2ce3-76ef-4d7b-90cb-699ecc8da8cc,Stephen Wade Nissan,DVD24884,354209494079290,4,4,8,218.38,0.142,5.5,2,50
49dc2ce3-76ef-4d7b-90cb-699ecc8da8cc,Stephen Wade Nissan,DVD24884,354904712814429,3,1,163,300.0,0.132,4.0,1,41
49dc2ce3-76ef-4d7b-90cb-699ecc8da8cc,Stephen Wade Nissan,DVD24884,354440192927524,4,0,172,243.16,0.169,7.9,0,43
49dc2ce3-76ef-4d7b-90cb-699ecc8da8cc,Stephen Wade Nissan,DVD24884,353728051292766,2,1,278,167.56,0.214,4.7,2,34
49dc2ce3-76ef-4d7b-90cb-699ecc8da8cc,Stephen Wade Nissan,DVD24884,353723950410276,1,2,208,207.18,0.278,0.0,1,37
49dc2ce3-76ef-4d7b-90cb-699ecc8da8cc,Stephen Wade Nissan,DVD24884,357478366742860,0,2,59,264.76,0.045,0.9,1,44
49dc2ce3-76ef-4d7b-90cb-699ecc8da8cc,Stephen Wade Nissan,DVD24884,354765801856945,3,2,50,123.0,0.032,8.7,2,53
49dc2ce3-76ef-4d7b-90cb-699ecc8da8cc,Stephen Wade Nissan,DVD24884,354414967393852,3,1,85,300.85,0.09,3.8,0,44
49dc2ce3-76ef-4d7b-90cb-699ecc8da8cc,Stephen Wade Nissan,DVD24884,355800106181753,3,2,13,133.52,0.109,5.0,1,55
49dc2ce3-76ef-4d7b-90cb-699ecc8da8cc,Stephen Wade Nissan,DVD24884,354430091093911,3,1,27,234.02,0.102,4.5,2,65
49dc2ce3-76ef-4d7b-90cb-699ecc8da8cc,Stephen Wade Nissan,DVD24884,351926921244717,4,3,44,180.4,0.141,7.3,1,58
49dc2ce3-76ef-4d7b-90cb-699ecc8da8cc,Stephen Wade Nissan,DVD24884,354654214066504,1,0,106,176.94,0.327,0.7,1,47
49dc2ce3-76ef-4d7b-90cb-699ecc8da8cc,Stephen Wade Nissan,DVD24884,354271739627128,7,0,109,101.83,0.021,7.2,2,72
49dc2ce3-76ef-4d7b-90cb-699ecc8da8cc,Stephen Wade Nissan,DVD24884,356391741011947,3,0,46,234.45,0.076,7.0,6,100
49dc2ce3-76ef-4d7b-90cb-699ecc8da8cc,Stephen Wade Nissan,DVD24884,350720064256908,5,1,14,102.7,0.145,4.5,1,70
49dc2ce3-76ef-4d7b-90cb-699ecc8da8cc,Stephen Wade Nissan,DVD24884,357766183067198,4,2,90,93.43,0.033,5.3,0,44
49dc2ce3-76ef-4d7b-90cb-699ecc8da8cc,Stephen Wade Nissan,DVD24884,355546015851743,3,1,13,249.58,0.364,3.8,1,57
49dc2ce3-76ef-4d7b-90cb-699ecc8da8cc,Stephen Wade Nissan,DVD24884,352806346157173,2,2,31,287.38,0.556,1.1,2,59
49dc2ce3-76ef-4d7b-90cb-699ecc8da8cc,Stephen Wade Nissan,DVD24884,352030937618478,3,1,59,139.97,0.057,5.7,2,59
49dc2ce3-76ef-4d7b-90cb-699ecc8da8cc,Stephen Wade Nissan,DVD24884,357005050613878,1,0,12,240.19,0.082,5.0,0,49
49dc2ce3-76ef-4d7b-90cb-699ecc8da8cc,Stephen Wade Nissan,DVD24884,352931027079032,2,1,26,227.79,0.16,5.0,3,68
49dc2ce3-76ef-4d7b-90cb-699ecc8da8cc,Stephen Wade Nissan,DVD24884,350204179291117,0,0,100,174.51,0.242,5.5,1,34
49dc2ce3-76ef-4d7b-90cb-699ecc8da8cc,Stephen Wade Nissan,DVD24884,359931365651982,1,1,85,260.15,0.148,3.3,2,54
49dc2ce3-76ef-4d7b-90cb-699ecc8da8cc,Stephen Wade Nissan,DVD24884,355309251142625,2,0,16,170.18,0.31,7.5,2,54
49dc2ce3-76ef-4d7b-90cb-699ecc8da8cc,Stephen Wade Nissan,DVD24884,358273902196207,2,0,64,211.05,0.374,4.5,0,37
49dc2ce3-76ef-4d7b-90cb-699ecc8da8cc,Stephen Wade Nissan,DVD24884,351002194672324,2,0,8,104.77,0.182,5.6,0,45
49dc2ce3-76ef-4d7b-90cb-699ecc8da8cc,Stephen Wade Nissan,DVD24884,358763290927914,3,1,78,107.34,0.188,4.0,4,65
49dc2ce3-76ef-4d7b-90cb-699ecc8da8cc,Stephen Wade Nissan,DVD24884,355608331819588,3,2,28,250.14,0.072,6.6,3,62
49dc2ce3-76ef-4d7b-90cb-699ecc8da8cc,Stephen Wade Nissan,DVD24884,353734031277220,3,1,42,213.07,0.082,4.7,1,57
49dc2ce3-76ef-4d7b-90cb-699ecc8da8cc,Stephen Wade Nissan,DVD24884,350543645970108,1,1,53,171.45,0.125,4.3,1,38
49dc2ce3-76ef-4d7b-90cb-699ecc8da8cc,Stephen Wade Nissan,DVD24884,352207811379956,0,1,17,294.47,0.107,6.9,0,36
49dc2ce3-76ef-4d7b-90cb-699ecc8da8cc,Stephen Wade Nissan,DVD24884,353531531363631,2,3,26,293.84,0.227,1.1,2,54
49dc2ce3-76ef-4d7b-90cb-699ecc8da8cc,Stephen Wade Nissan,DVD24884,357970623972652,5,0,149,206.35,0.112,3.9,2,70
49dc2ce3-76ef-4d7b-90cb-699ecc8da8cc,Stephen Wade Nissan,DVD24884,357354352090421,1,2,39,92.66,0.059,3.3,1,46
49dc2ce3-76ef-4d7b-90cb-699ecc8da8cc,Stephen Wade Nissan,DVD24884,357762534929298,2,2,56,173.3,0.1,5.2,2,58
49dc2ce3-76ef-4d7b-90cb-699ecc8da8cc,Stephen Wade Nissan,DVD24884,353168739774063,2,0,56,130.05,0.17,5.1,1,43
49dc2ce3-76ef-4d7b-90cb-699ecc8da8cc,Stephen Wade Nissan,DVD24884,353569392906007,3,1,121,185.37,0.366,4.5,2,53
49dc2ce3-76ef-4d7b-90cb-699ecc8da8cc,Stephen Wade Nissan,DVD24884,358068671773180,1,5,88,123.82,0.272,3.1,4,40
49dc2ce3-76ef-4d7b-90cb-699ecc8da8cc,Stephen Wade Nissan,DVD24884,356325431074279,2,1,18,108.23,0.306,4.5,1,52
49dc2ce3-76ef-4d7b-90cb-699ecc8da8cc,Stephen Wade Nissan,DVD24884,359077262570165,5,1,131,44.24,0.118,5.1,2,61
49dc2ce3-76ef-4d7b-90cb-699ecc8da8cc,Stephen Wade Nissan,DVD24884,358046498931950,4,1,164,190.04,0.116,4.1,2,55
49dc2ce3-76ef-4d7b-90cb-699ecc8da8cc,Stephen Wade Nissan,DVD24884,358501657905528,2,2,18,42.07,0.076,6.7,2,55
49dc2ce3-76ef-4d7b-90cb-699ecc8da8cc,Stephen Wade Nissan,DVD24884,351832538179335,4,2,37,160.79,0.223,5.7,2,62
49dc2ce3-76ef-4d7b-90cb-699ecc8da8cc,Stephen Wade Nissan,DVD24884,355486401557788,3,0,45,221.66,0.061,4.5,1,53
49dc2ce3-76ef-4d7b-90cb-699ecc8da8cc,Stephen Wade Nissan,DVD24884,351788479513711,3,1,39,136.67,0.157,0.0,3,75
49dc2ce3-76ef-4d7b-90cb-699ecc8da8cc,Stephen Wade Nissan,DVD24884,356241124127238,2,1,79,114.91,0.069,4.1,1,40
49dc2ce3-76ef-4d7b-90cb-699ecc8da8cc,Stephen Wade Nissan,DVD24884,350468275670431,4,3,42,175.93,0.198,5.8,1,40
49dc2ce3-76ef-4d7b-90cb-699ecc8da8cc,Stephen Wade Nissan,DVD24884,350385695579887,3,2,32,130.28,0.302,3.9,2,47
49dc2ce3-76ef-4d7b-90cb-699ecc8da8cc,Stephen Wade Nissan,DVD24884,357492424375402,2,3,81,191.14,0.105,5.1,1,32
49dc2ce3-76ef-4d7b-90cb-699ecc8da8cc,Stephen Wade Nissan,DVD24884,355472928422223,3,2,6,118.03,0.04,4.1,0,48
49dc2ce3-76ef-4d7b-90cb-699ecc8da8cc,Stephen Wade Nissan,DVD24884,351059274523805,6,1,59,173.73,0.299,5.0,2,76
49dc2ce3-76ef-4d7b-90cb-699ecc8da8cc,Stephen Wade Nissan,DVD24884,355257828410672,2,0,72,159.21,0.139,7.3,1,53
49dc2ce3-76ef-4d7b-90cb-699ecc8da8cc,Stephen Wade Nissan,DVD24884,357520885474929,2,2,125,179.31,0.164,6.1,1,41
49dc2ce3-76ef-4d7b-90cb-699ecc8da8cc,Stephen Wade Nissan,DVD24884,357517028140693,1,1,53,278.11,0.135,1.9,1,52
49dc2ce3-76ef-4d7b-90cb-699ecc8da8cc,Stephen Wade Nissan,DVD24884,357515093983430,3,4,9,191.99,0.2,1.2,2,48
49dc2ce3-76ef-4d7b-90cb-699ecc8da8cc,Stephen Wade Nissan,DVD24884,351871863759980,0,0,55,210.27,0.088,5.4,1,37
49dc2ce3-76ef-4d7b-90cb-699ecc8da8cc,Stephen Wade Nissan,DVD24884,355626565045547,3,0,8,142.51,0.059,6.8,0,51
49dc2ce3-76ef-4d7b-90cb-699ecc8da8cc,Stephen Wade Nissan,DVD24884,358137674266299,0,2,67,193.4,0.273,1.2,2,46
49dc2ce3-76ef-4d7b-90cb-699ecc8da8cc,Stephen Wade Nissan,DVD24884,351234785196106,2,1,111,163.51,0.049,4.1,0,38
49dc2ce3-76ef-4d7b-90cb-699ecc8da8cc,Stephen Wade Nissan,DVD24884,354628792326487,4,0,47,181.78,0.105,9.2,1,58
49dc2ce3-76ef-4d7b-90cb-699ecc8da8cc,Stephen Wade Nissan,DVD24884,350494787300244,2,1,42,218.94,0.156,4.0,0,33
49dc2ce3-76ef-4d7b-90cb-699ecc8da8cc,Stephen Wade Nissan,DVD24884,357146273014719,1,3,87,149.99,0.157,9.6,0,12
49dc2ce3-76ef-4d7b-90cb-699ecc8da8cc,Stephen Wade Nissan,DVD24884,355979647158904,1,2,65,156.12,0.351,2.9,0,37
49dc2ce3-76ef-4d7b-90cb-699ecc8da8cc,Stephen Wade Nissan,DVD24884,352902572520456,4,1,82,150.82,0.172,3.2,1,62
49dc2ce3-76ef-4d7b-90cb-699ecc8da8cc,Stephen Wade Nissan,DVD24884,355044818321928,2,1,205,149.66,0.291,3.1,1,35
49dc2ce3-76ef-4d7b-90cb-699ecc8da8cc,Stephen Wade Nissan,DVD24884,355544518952028,2,0,34,190.39,0.315,1.9,2,64
49dc2ce3-76ef-4d7b-90cb-699ecc8da8cc,Stephen Wade Nissan,DVD24884,354576521328338,2,2,70,158.16,0.222,1.1,3,61
49dc2ce3-76ef-4d7b-90cb-699ecc8da8cc,Stephen Wade Nissan,DVD24884,359888167112075,3,0,133,269.88,0.167,4.1,1,59
49dc2ce3-76ef-4d7b-90cb-699ecc8da8cc,Stephen Wade Nissan,DVD24884,354527985240132,2,0,134,340.75,0.07,4.8,0,40
49dc2ce3-76ef-4d7b-90cb-699ecc8da8cc,Stephen Wade Nissan,DVD24884,352342321611076,0,2,75,145.92,0.027,3.1,5,77
49dc2ce3-76ef-4d7b-90cb-699ecc8da8cc,Stephen Wade Nissan,DVD24884,350310890714014,3,1,41,197.64,0.254,3.5,3,68
49dc2ce3-76ef-4d7b-90cb-699ecc8da8cc,Stephen Wade Nissan,DVD24884,350119393250124,4,2,82,242.28,0.072,7.4,3,57
49dc2ce3-76ef-4d7b-90cb-699ecc8da8cc,Stephen Wade Nissan,DVD24884,359552893891190,3,2,83,164.06,0.239,6.4,0,39
49dc2ce3-76ef-4d7b-90cb-699ecc8da8cc,Stephen Wade Nissan,DVD24884,358334280138759,4,0,93,120.34,0.214,4.0,1,61
49dc2ce3-76ef-4d7b-90cb-699ecc8da8cc,Stephen Wade Nissan,DVD24884,352712566383615,1,0,19,284.29,0.052,5.4,0,39
49dc2ce3-76ef-4d7b-90cb-699ecc8da8cc,Stephen Wade Nissan,DVD24884,351718275480157,1,2,162,221.17,0.295,1.2,1,33
49dc2ce3-76ef-4d7b-90cb-699ecc8da8cc,Stephen Wade Nissan,DVD24884,351647947386463,3,0,133,199.12,0.094,5.0,1,45
49dc2ce3-76ef-4d7b-90cb-699ecc8da8cc,Stephen Wade Nissan,DVD24884,351752071678112,3,3,48,267.03,0.026,4.4,4,70
49dc2ce3-76ef-4d7b-90cb-699ecc8da8cc,Stephen Wade Nissan,DVD24884,356691215353961,3,4,124,226.21,0.146,3.8,1,32
49dc2ce3-76ef-4d7b-90cb-699ecc8da8cc,Stephen Wade Nissan,DVD24884,353674994657967,2,2,46,177.12,0.087,4.6,4,86
49dc2ce3-76ef-4d7b-90cb-699ecc8da8cc,Stephen Wade Nissan,DVD24884,358427114773201,1,2,145,121.4,0.215,4.2,4,56
49dc2ce3-76ef-4d7b-90cb-699ecc8da8cc,Stephen Wade Nissan,DVD24884,350170269524991,2,1,55,150.4,0.172,1.9,1,48
49dc2ce3-76ef-4d7b-90cb-699ecc8da8cc,Stephen Wade Nissan,DVD24884,351877347784858,6,0,23,252.29,0.019,7.9,2,87
49dc2ce3-76ef-4d7b-90cb-699ecc8da8cc,Stephen Wade Nissan,DVD24884,358006167567700,2,1,187,220.93,0.08,6.4,1,37
49dc2ce3-76ef-4d7b-90cb-699ecc8da8cc,Stephen Wade Nissan,DVD24884,352842762467197,2,1,90,168.8,0.411,3.7,3,56
49dc2ce3-76ef-4d7b-90cb-699ecc8da8cc,Stephen Wade Nissan,DVD24884,358897782806479,2,2,43,285.99,0.12,1.0,0,44
49dc2ce3-76ef-4d7b-90cb-699ecc8da8cc,Stephen Wade Nissan,DVD24884,356954500902559,1,2,153,170.57,0.163,0.0,0,20
49dc2ce3-76ef-4d7b-90cb-699ecc8da8cc,Stephen Wade Nissan,DVD24884,350561655650333,1,1,82,239.25,0.045,8.5,2,48
49dc2ce3-76ef-4d7b-90cb-699ecc8da8cc,Stephen Wade Nissan,DVD24884,354911415208507,1,1,39,193.2,0.032,4.2,0,41
49dc2ce3-76ef-4d7b-90cb-699ecc8da8cc,Stephen Wade Nissan,DVD24884,356986407905696,2,0,154,295.98,0.166,6.0,0,36
49dc2ce3-76ef-4d7b-90cb-699ecc8da8cc,Stephen Wade Nissan,DVD24884,355917135785294,1,0,93,225.18,0.096,2.6,3,65
49dc2ce3-76ef-4d7b-90cb-699ecc8da8cc,Stephen Wade Nissan,DVD24884,355637183440496,0,1,66,182.77,0.106,3.9,2,47
49dc2ce3-76ef-4d7b-90cb-699ecc8da8cc,Stephen Wade Nissan,DVD24884,353919195419876,4,2,52,169.27,0.159,4.0,1,55
49dc2ce3-76ef-4d7b-90cb-699ecc8da8cc,Stephen Wade Nissan,DVD24884,353514846853664,5,0,23,179.08,0.098,5.0,2,84
49dc2ce3-76ef-4d7b-90cb-699ecc8da8cc,Stephen Wade Nissan,DVD24884,359878208297374,4,1,3,136.48,0.167,4.7,1,63
49dc2ce3-76ef-4d7b-90cb-699ecc8da8cc,Stephen Wade Nissan,DVD24884,358969083572324,2,1,86,98.0,0.422,2.7,2,35
49dc2ce3-76ef-4d7b-90cb-699ecc8da8cc,Stephen Wade Nissan,DVD24884,356651364424936,1,0,18,198.52,0.22,2.6,2,56
49dc2ce3-76ef-4d7b-90cb-699ecc8da8cc,Stephen Wade Nissan,DVD24884,353123034778660,0,0,23,147.99,0.086,4.3,2,58
49dc2ce3-76ef-4d7b-90cb-699ecc8da8cc,Stephen Wade Nissan,DVD24884,353242044820700,4,0,45,147.83,0.036,1.0,2,82
49dc2ce3-76ef-4d7b-90cb-699ecc8da8cc,Stephen Wade Nissan,DVD24884,351594165162319,2,1,46,174.67,0.255,2.9,1,47
49dc2ce3-76ef-4d7b-90cb-699ecc8da8cc,Stephen Wade Nissan,DVD24884,358189847139155,2,1,25,183.13,0.02,4.2,2,68
49dc2ce3-76ef-4d7b-90cb-699ecc8da8cc,Stephen Wade Nissan,DVD24884,359636321234764,4,2,86,180.44,0.051,5.3,0,44
49dc2ce3-76ef-4d7b-90cb-699ecc8da8cc,Stephen Wade Nissan,DVD24884,359078515867342,2,1,10,284.3,0.222,7.5,1,46
49dc2ce3-76ef-4d7b-90cb-699ecc8da8cc,Stephen Wade Nissan,DVD24884,355754090034864,2,1,85,219.74,0.28,3.5,1,48
49dc2ce3-76ef-4d7b-90cb-699ecc8da8cc,Stephen Wade Nissan,DVD24884,355183760644134,3,1,41,306.47,0.123,4.6,2,75
49dc2ce3-76ef-4d7b-90cb-699ecc8da8cc,Stephen Wade Nissan,DVD24884,353275604177656,5,3,24,153.66,0.23,0.8,1,69
49dc2ce3-76ef-4d7b-90cb-699ecc8da8cc,Stephen Wade Nissan,DVD24884,351248156985700,2,2,11,227.02,0.084,5.2,1,45
49dc2ce3-76ef-4d7b-90cb-699ecc8da8cc,Stephen Wade Nissan,DVD24884,352720634591123,3,1,59,157.0,0.04,2.7,3,73
49dc2ce3-76ef-4d7b-90cb-699ecc8da8cc,Stephen Wade Nissan,DVD24884,358296577242954,2,1,17,146.33,0.163,3.9,4,72
49dc2ce3-76ef-4d7b-90cb-699ecc8da8cc,Stephen Wade Nissan,DVD24884,353165266930089,2,2,15,308.73,0.339,5.5,1,47
49dc2ce3-76ef-4d7b-90cb-699ecc8da8cc,Stephen Wade Nissan,DVD24884,353173420696942,3,3,132,133.91,0.163,5.5,0,29
49dc2ce3-76ef-4d7b-90cb-699ecc8da8cc,Stephen Wade Nissan,DVD24884,351529108677133,3,0,13,46.1,0.203,1.6,5,98
49dc2ce3-76ef-4d7b-90cb-699ecc8da8cc,Stephen Wade Nissan,DVD24884,353447626393436,3,5,9,137.52,0.391,6.1,1,29
49dc2ce3-76ef-4d7b-90cb-699ecc8da8cc,Stephen Wade Nissan,DVD24884,352620443973597,2,2,80,59.5,0.074,4.4,0,42
49dc2ce3-76ef-4d7b-90cb-699ecc8da8cc,Stephen Wade Nissan,DVD24884,351072563669411,3,0,63,122.92,0.066,7.0,1,52
49dc2ce3-76ef-4d7b-90cb-699ecc8da8cc,Stephen Wade Nissan,DVD24884,358005375990048,3,2,32,128.48,0.18,7.4,0,35
49dc2ce3-76ef-4d7b-90cb-699ecc8da8cc,Stephen Wade Nissan,DVD24884,359646528092428,2,3,21,182.12,0.136,7.7,1,37
49dc2ce3-76ef-4d7b-90cb-699ecc8da8cc,Stephen Wade Nissan,DVD24884,357572158624150,2,1,27,57.02,0.163,1.7,1,62
49dc2ce3-76ef-4d7b-90cb-699ecc8da8cc,Stephen Wade Nissan,DVD24884,352745644948562,1,0,32,251.76,0.094,5.3,1,50
49dc2ce3-76ef-4d7b-90cb-699ecc8da8cc,Stephen Wade Nissan,DVD24884,355728703203207,0,0,74,67.45,0.021,1.3,1,38
49dc2ce3-76ef-4d7b-90cb-699ecc8da8cc,Stephen Wade Nissan,DVD24884,354276170758777,3,0,60,172.33,0.092,7.1,1,53
49dc2ce3-76ef-4d7b-90cb-699ecc8da8cc,Stephen Wade Nissan,DVD24884,351215134228499,4,0,37,160.55,0.093,7.4,2,74
49dc2ce3-76ef-4d7b-90cb-699ecc8da8cc,Stephen Wade Nissan,DVD24884,353908926137150,2,1,37,229.52,0.307,6.5,1,50
49dc2ce3-76ef-4d7b-90cb-699ecc8da8cc,Stephen Wade Nissan,DVD24884,354165915201777,0,0,83,201.09,0.137,3.7,1,48
49dc2ce3-76ef-4d7b-90cb-699ecc8da8cc,Stephen Wade Nissan,DVD24884,354905097592304,2,3,24,251.21,0.408,5.6,2,44
49dc2ce3-76ef-4d7b-90cb-699ecc8da8cc,Stephen Wade Nissan,DVD24884,355018961642361,1,0,10,158.31,0.31,3.4,2,59
49dc2ce3-76ef-4d7b-90cb-699ecc8da8cc,Stephen Wade Nissan,DVD24884,350326642147649,3,3,122,152.12,0.188,4.5,4,55
49dc2ce3-76ef-4d7b-90cb-699ecc8da8cc,Stephen Wade Nissan,DVD24884,352515837767499,5,1,37,204.77,0.179,4.3,1,68
49dc2ce3-76ef-4d7b-90cb-699ecc8da8cc,Stephen Wade Nissan,DVD24884,356165926610857,1,2,174,241.75,0.379,0.5,1,23
49dc2ce3-76ef-4d7b-90cb-699ecc8da8cc,Stephen Wade Nissan,DVD24884,353278814761742,4,0,33,229.5,0.079,2.9,2,88
49dc2ce3-76ef-4d7b-90cb-699ecc8da8cc,Stephen Wade Nissan,DVD24884,352438649081081,1,0,50,199.31,0.191,9.0,1,48
49dc2ce3-76ef-4d7b-90cb-699ecc8da8cc,Stephen Wade Nissan,DVD24884,358661794549180,6,0,22,193.96,0.265,4.3,2,88
49dc2ce3-76ef-4d7b-90cb-699ecc8da8cc,Stephen Wade Nissan,DVD24884,351722601645977,2,2,61,177.82,0.148,4.8,0,29
49dc2ce3-76ef-4d7b-90cb-699ecc8da8cc,Stephen Wade Nissan,DVD24884,359452321941680,3,1,38,204.6,0.12,4.5,0,50
49dc2ce3-76ef-4d7b-90cb-699ecc8da8cc,Stephen Wade Nissan,DVD24884,350610277697499,1,2,42,302.1,0.242,3.7,3,54
49dc2ce3-76ef-4d7b-90cb-699ecc8da8cc,Stephen Wade Nissan,DVD24884,355641220310303,2,4,54,165.45,0.229,4.6,2,36
49dc2ce3-76ef-4d7b-90cb-699ecc8da8cc,Stephen Wade Nissan,DVD24884,357236831472760,2,1,34,158.13,0.359,3.7,1,50
49dc2ce3-76ef-4d7b-90cb-699ecc8da8cc,Stephen Wade Nissan,DVD24884,351227770793349,1,1,59,153.54,0.141,0.0,0,45
49dc2ce3-76ef-4d7b-90cb-699ecc8da8cc,Stephen Wade Nissan,DVD24884,356050166799840,4,0,27,203.36,0.175,6.1,5,100
49dc2ce3-76ef-4d7b-90cb-699ecc8da8cc,Stephen Wade Nissan,DVD24884,357678997308069,0,0,57,52.7,0.228,7.7,1,35
49dc2ce3-76ef-4d7b-90cb-699ecc8da8cc,Stephen Wade Nissan,DVD24884,355814671795760,1,2,8,171.9,0.196,2.2,0,34
49dc2ce3-76ef-4d7b-90cb-699ecc8da8cc,Stephen Wade Nissan,DVD24884,352437573839597,0,1,13,232.84,0.224,3.7,1,48
49dc2ce3-76ef-4d7b-90cb-699ecc8da8cc,Stephen Wade Nissan,DVD24884,352466572934172,5,1,22,148.43,0.141,7.5,3,81
49dc2ce3-76ef-4d7b-90cb-699ecc8da8cc,Stephen Wade Nissan,DVD24884,352329716743380,2,0,16,191.2,0.079,3.0,0,44
49dc2ce3-76ef-4d7b-90cb-699ecc8da8cc,Stephen Wade Nissan,DVD24884,350545228015619,3,3,17,306.56,0.188,5.3,3,63
49dc2ce3-76ef-4d7b-90cb-699ecc8da8cc,Stephen Wade Nissan,DVD24884,353183745508428,1,2,70,199.9,0.209,13.2,2,29
49dc2ce3-76ef-4d7b-90cb-699ecc8da8cc,Stephen Wade Nissan,DVD24884,359107711991808,2,1,39,45.65,0.044,5.8,5,77
49dc2ce3-76ef-4d7b-90cb-699ecc8da8cc,Stephen Wade Nissan,DVD24884,351213524787125,3,1,34,95.41,0.121,4.6,2,59
49dc2ce3-76ef-4d7b-90cb-699ecc8da8cc,Stephen Wade Nissan,DVD24884,355213760375482,0,1,60,164.94,0.141,6.3,0,33
49dc2ce3-76ef-4d7b-90cb-699ecc8da8cc,Stephen Wade Nissan,DVD24884,351456532863266,1,2,63,131.77,0.092,6.1,2,39
49dc2ce3-76ef-4d7b-90cb-699ecc8da8cc,Stephen Wade Nissan,DVD24884,356785072081155,2,0,31,186.2,0.276,3.2,0,47
49dc2ce3-76ef-4d7b-90cb-699ecc8da8cc,Stephen Wade Nissan,DVD24884,356260602908466,2,1,101,162.33,0.344,1.0,1,56
49dc2ce3-76ef-4d7b-90cb-699ecc8da8cc,Stephen Wade Nissan,DVD24884,358455048926738,3,2,41,249.96,0.393,5.7,0,37
49dc2ce3-76ef-4d7b-90cb-699ecc8da8cc,Stephen Wade Nissan,DVD24884,359975634108562,4,1,75,114.52,0.073,6.0,3,71
49dc2ce3-76ef-4d7b-90cb-699ecc8da8cc,Stephen Wade Nissan,DVD24884,358843188485200,0,1,27,167.55,0.058,3.9,1,35
49dc2ce3-76ef-4d7b-90cb-699ecc8da8cc,Stephen Wade Nissan,DVD24884,358943468105485,1,3,58,193.04,0.254,7.8,3,43
49dc2ce3-76ef-4d7b-90cb-699ecc8da8cc,Stephen Wade Nissan,DVD24884,351017490753998,3,4,81,200.47,0.281,7.4,1,22
49dc2ce3-76ef-4d7b-90cb-699ecc8da8cc,Stephen Wade Nissan,DVD24884,359354492683158,2,5,74,188.81,0.114,6.0,2,37
49dc2ce3-76ef-4d7b-90cb-699ecc8da8cc,Stephen Wade Nissan,DVD24884,359357126611062,0,4,69,35.32,0.05,3.9,1,18
49dc2ce3-76ef-4d7b-90cb-699ecc8da8cc,Stephen Wade Nissan,DVD24884,357371586988649,0,1,26,185.0,0.171,0.3,1,51
49dc2ce3-76ef-4d7b-90cb-699ecc8da8cc,Stephen Wade Nissan,DVD24884,357677622827728,3,4,15,170.95,0.231,4.2,3,52
49dc2ce3-76ef-4d7b-90cb-699ecc8da8cc,Stephen Wade Nissan,DVD24884,358137702851961,4,0,14,231.85,0.119,0.8,1,72
49dc2ce3-76ef-4d7b-90cb-699ecc8da8cc,Stephen Wade Nissan,DVD24884,351594082154544,1,5,32,223.38,0.192,0.0,0,21
49dc2ce3-76ef-4d7b-90cb-699ecc8da8cc,Stephen Wade Nissan,DVD24884,357022960443270,4,2,30,194.45,0.137,5.8,0,49
49dc2ce3-76ef-4d7b-90cb-699ecc8da8cc,Stephen Wade Nissan,DVD24884,351851067949756,2,0,64,198.79,0.267,6.8,1,54
49dc2ce3-76ef-4d7b-90cb-699ecc8da8cc,Stephen Wade Nissan,DVD24884,357922877725199,2,0,48,261.14,0.258,0.6,2,65
49dc2ce3-76ef-4d7b-90cb-699ecc8da8cc,Stephen Wade Nissan,DVD24884,356636580741209,2,0,14,249.02,0.272,4.0,1,53
49dc2ce3-76ef-4d7b-90cb-699ecc8da8cc,Stephen Wade Nissan,DVD24884,354818139890983,2,1,91,196.52,0.244,4.5,1,32
49dc2ce3-76ef-4d7b-90cb-699ecc8da8cc,Stephen Wade Nissan,DVD24884,357801820433971,3,1,56,308.73,0.367,3.9,0,51
49dc2ce3-76ef-4d7b-90cb-699ecc8da8cc,Stephen Wade Nissan,DVD24884,358956907056260,0,2,25,142.31,0.169,1.7,2,43
49dc2ce3-76ef-4d7b-90cb-699ecc8da8cc,Stephen Wade Nissan,DVD24884,358564111824224,0,0,29,108.87,0.147,7.2,1,41
49dc2ce3-76ef-4d7b-90cb-699ecc8da8cc,Stephen Wade Nissan,DVD24884,351246209520046,2,4,121,179.35,0.137,1.8,1,23
49dc2ce3-76ef-4d7b-90cb-699ecc8da8cc,Stephen Wade Nissan,DVD24884,351526546103399,1,1,16,157.57,0.131,0.6,1,55
49dc2ce3-76ef-4d7b-90cb-699ecc8da8cc,Stephen Wade Nissan,DVD24884,353788614057861,3,1,126,32.08,0.366,1.8,1,44
49dc2ce3-76ef-4d7b-90cb-699ecc8da8cc,Stephen Wade Nissan,DVD24884,357063048913824,3,1,38,140.86,0.168,5.5,1,55
49dc2ce3-76ef-4d7b-90cb-699ecc8da8cc,Stephen Wade Nissan,DVD24884,359671832582386,1,0,40,200.62,0.25,4.0,0,46
49dc2ce3-76ef-4d7b-90cb-699ecc8da8cc,Stephen Wade Nissan,DVD24884,358700794200749,5,0,60,176.52,0.111,3.0,0,57
49dc2ce3-76ef-4d7b-90cb-699ecc8da8cc,Stephen Wade Nissan,DVD24884,354653984028914,2,1,10,133.41,0.262,5.6,0,27
49dc2ce3-76ef-4d7b-90cb-699ecc8da8cc,Stephen Wade Nissan,DVD24884,351612846398554,5,1,55,182.54,0.197,5.2,1,62
49dc2ce3-76ef-4d7b-90cb-699ecc8da8cc,Stephen Wade Nissan,DVD24884,357435537950209,1,1,79,187.38,0.097,0.0,2,56
49dc2ce3-76ef-4d7b-90cb-699ecc8da8cc,Stephen Wade Nissan,DVD24884,357002687681180,1,2,32,222.9,0.287,5.5,2,53
49dc2ce3-76ef-4d7b-90cb-699ecc8da8cc,Stephen Wade Nissan,DVD24884,357156956201753,2,0,45,141.51,0.064,6.9,1,60
49dc2ce3-76ef-4d7b-90cb-699ecc8da8cc,Stephen Wade Nissan,DVD24884,357030453194337,1,0,177,232.43,0.068,4.3,2,52
49dc2ce3-76ef-4d7b-90cb-699ecc8da8cc,Stephen Wade Nissan,DVD24884,355047930361498,2,1,86,114.56,0.276,4.0,1,39
49dc2ce3-76ef-4d7b-90cb-699ecc8da8cc,Stephen Wade Nissan,DVD24884,357283999219212,6,2,21,149.8,0.113,8.3,3,85
49dc2ce3-76ef-4d7b-90cb-699ecc8da8cc,Stephen Wade Nissan,DVD24884,354938430894870,7,1,30,281.94,0.196,3.1,0,71
49dc2ce3-76ef-4d7b-90cb-699ecc8da8cc,Stephen Wade Nissan,DVD24884,356056641877580,2,0,37,118.57,0.072,4.2,1,56
49dc2ce3-76ef-4d7b-90cb-699ecc8da8cc,Stephen Wade Nissan,DVD24884,353046875063519,1,1,89,140.47,0.074,5.2,1,33
49dc2ce3-76ef-4d7b-90cb-699ecc8da8cc,Stephen Wade Nissan,DVD24884,350361332541107,4,0,20,104.81,0.123,4.6,2,79
49dc2ce3-76ef-4d7b-90cb-699ecc8da8cc,Stephen Wade Nissan,DVD24884,356095431735058,5,3,74,130.36,0.078,4.0,0,40
49dc2ce3-76ef-4d7b-90cb-699ecc8da8cc,Stephen Wade Nissan,DVD24884,353199717911006,4,2,74,188.3,0.084,4.7,2,69
49dc2ce3-76ef-4d7b-90cb-699ecc8da8cc,Stephen Wade Nissan,DVD24884,355120704961108,3,1,48,222.39,0.164,7.6,0,54
49dc2ce3-76ef-4d7b-90cb-699ecc8da8cc,Stephen Wade Nissan,DVD24884,350466196399076,3,2,92,178.88,0.324,6.1,0,33
49dc2ce3-76ef-4d7b-90cb-699ecc8da8cc,Stephen Wade Nissan,DVD24884,357699150785931,4,1,22,160.52,0.127,4.4,2,68
49dc2ce3-76ef-4d7b-90cb-699ecc8da8cc,Stephen Wade Nissan,DVD24884,351091939284567,1,0,105,105.43,0.096,2.8,1,49
49dc2ce3-76ef-4d7b-90cb-699ecc8da8cc,Stephen Wade Nissan,DVD24884,359723200249685,3,1,8,136.37,0.201,3.0,2,67
49dc2ce3-76ef-4d7b-90cb-699ecc8da8cc,Stephen Wade Nissan,DVD24884,354982274954508,1,0,20,87.24,0.169,6.4,3,64
49dc2ce3-76ef-4d7b-90cb-699ecc8da8cc,Stephen Wade Nissan,DVD24884,359203880653331,4,0,8,224.19,0.155,1.3,2,91
49dc2ce3-76ef-4d7b-90cb-699ecc8da8cc,Stephen Wade Nissan,DVD24884,355377959959465,3,4,24,228.36,0.095,9.3,2,46
49dc2ce3-76ef-4d7b-90cb-699ecc8da8cc,Stephen Wade Nissan,DVD24884,352170730337933,4,1,75,177.57,0.13,4.4,3,74
49dc2ce3-76ef-4d7b-90cb-699ecc8da8cc,Stephen Wade Nissan,DVD24884,357563620501508,2,1,62,206.49,0.234,1.7,0,37
49dc2ce3-76ef-4d7b-90cb-699ecc8da8cc,Stephen Wade Nissan,DVD24884,351247395003342,4,3,55,232.57,0.154,4.9,1,43
49dc2ce3-76ef-4d7b-90cb-699ecc8da8cc,Stephen Wade Nissan,DVD24884,353425832302410,5,1,23,186.07,0.058,2.9,2,84
49dc2ce3-76ef-4d7b-90cb-699ecc8da8cc,Stephen Wade Nissan,DVD24884,352615347355289,1,1,45,263.62,0.288,3.7,0,46
49dc2ce3-76ef-4d7b-90cb-699ecc8da8cc,Stephen Wade Nissan,DVD24884,356112233865596,2,3,105,118.57,0.191,1.5,1,39
49dc2ce3-76ef-4d7b-90cb-699ecc8da8cc,Stephen Wade Nissan,DVD24884,353099384253042,2,1,24,159.08,0.095,4.0,3,70
49dc2ce3-76ef-4d7b-90cb-699ecc8da8cc,Stephen Wade Nissan,DVD24884,358973179128685,2,0,25,151.94,0.121,0.3,1,60
49dc2ce3-76ef-4d7b-90cb-699ecc8da8cc,Stephen Wade Nissan,DVD24884,357872558777496,3,2,26,218.83,0.268,3.3,0,49
49dc2ce3-76ef-4d7b-90cb-699ecc8da8cc,Stephen Wade Nissan,DVD24884,359033373634669,6,2,53,93.95,0.08,2.8,1,83
49dc2ce3-76ef-4d7b-90cb-699ecc8da8cc,Stephen Wade Nissan,DVD24884,352548121478539,4,2,71,266.88,0.156,3.5,2,69
49dc2ce3-76ef-4d7b-90cb-699ecc8da8cc,Stephen Wade Nissan,DVD24884,350789567766575,3,0,83,213.71,0.24,3.0,2,57
49dc2ce3-76ef-4d7b-90cb-699ecc8da8cc,Stephen Wade Nissan,DVD24884,354602734151488,2,2,37,285.02,0.158,4.6,1,43
49dc2ce3-76ef-4d7b-90cb-699ecc8da8cc,Stephen Wade Nissan,DVD24884,358143111508353,2,0,34,177.57,0.151,6.3,3,71
49dc2ce3-76ef-4d7b-90cb-699ecc8da8cc,Stephen Wade Nissan,DVD24884,355444392840445,2,2,29,146.98,0.085,5.2,2,55
49dc2ce3-76ef-4d7b-90cb-699ecc8da8cc,Stephen Wade Nissan,DVD24884,356690782633373,4,2,67,219.43,0.186,7.1,1,52
49dc2ce3-76ef-4d7b-90cb-699ecc8da8cc,Stephen Wade Nissan,DVD24884,358987751536637,2,0,11,241.83,0.171,3.5,1,64
49dc2ce3-76ef-4d7b-90cb-699ecc8da8cc,Stephen Wade Nissan,DVD24884,357805292407553,5,0,41,137.13,0.037,5.1,2,84
49dc2ce3-76ef-4d7b-90cb-699ecc8da8cc,Stephen Wade Nissan,DVD24884,356668459090225,0,2,41,60.14,0.216,5.2,1,35
49dc2ce3-76ef-4d7b-90cb-699ecc8da8cc,Stephen Wade Nissan,DVD24884,359999663618637,1,2,75,70.42,0.296,6.8,1,21
49dc2ce3-76ef-4d7b-90cb-699ecc8da8cc,Stephen Wade Nissan,DVD24884,351597412182097,1,1,14,195.68,0.324,3.0,3,59
49dc2ce3-76ef-4d7b-90cb-699ecc8da8cc,Stephen Wade Nissan,DVD24884,350231643348170,5,3,79,272.41,0.122,6.1,1,44
49dc2ce3-76ef-4d7b-90cb-699ecc8da8cc,Stephen Wade Nissan,DVD24884,355802566212867,3,1,64,101.95,0.129,2.8,0,38
49dc2ce3-76ef-4d7b-90cb-699ecc8da8cc,Stephen Wade Nissan,DVD24884,351632346729949,1,1,151,163.66,0.27,3.4,2,40
49dc2ce3-76ef-4d7b-90cb-699ecc8da8cc,Stephen Wade Nissan,DVD24884,353874302716938,1,2,132,159.09,0.159,3.8,2,25
49dc2ce3-76ef-4d7b-90cb-699ecc8da8cc,Stephen Wade Nissan,DVD24884,355977790147546,2,1,100,295.23,0.11,5.4,5,63
49dc2ce3-76ef-4d7b-90cb-699ecc8da8cc,Stephen Wade Nissan,DVD24884,359263296762916,4,2,5,315.52,0.373,2.3,0,52
49dc2ce3-76ef-4d7b-90cb-699ecc8da8cc,Stephen Wade Nissan,DVD24884,350324841376815,1,1,16,205.47,0.048,2.6,4,80
49dc2ce3-76ef-4d7b-90cb-699ecc8da8cc,Stephen Wade Nissan,DVD24884,351185672438070,1,3,92,233.88,0.293,3.2,1,30
49dc2ce3-76ef-4d7b-90cb-699ecc8da8cc,Stephen Wade Nissan,DVD24884,351765636004125,5,4,40,232.21,0.108,4.6,2,62
49dc2ce3-76ef-4d7b-90cb-699ecc8da8cc,Stephen Wade Nissan,DVD24884,357771183727422,1,0,132,103.18,0.204,2.6,1,43
49dc2ce3-76ef-4d7b-90cb-699ecc8da8cc,Stephen Wade Nissan,DVD24884,350912418621042,2,2,49,221.91,0.138,5.0,1,43
49dc2ce3-76ef-4d7b-90cb-699ecc8da8cc,Stephen Wade Nissan,DVD24884,357523083708164,5,1,73,118.82,0.216,3.8,0,55
49dc2ce3-76ef-4d7b-90cb-699ecc8da8cc,Stephen Wade Nissan,DVD24884,357090063353310,2,1,70,169.71,0.162,5.8,1,42
49dc2ce3-76ef-4d7b-90cb-699ecc8da8cc,Stephen Wade Nissan,DVD24884,356005313122068,7,1,48,248.38,0.141,4.6,1,74
49dc2ce3-76ef-4d7b-90cb-699ecc8da8cc,Stephen Wade Nissan,DVD24884,351558393866133,2,2,93,184.86,0.174,8.0,1,40
49dc2ce3-76ef-4d7b-90cb-699ecc8da8cc,Stephen Wade Nissan,DVD24884,351552065063731,1,1,78,246.15,0.187,4.7,1,52
49dc2ce3-76ef-4d7b-90cb-699ecc8da8cc,Stephen Wade Nissan,DVD24884,354950136497189,1,2,17,257.96,0.112,2.1,1,49
49dc2ce3-76ef-4d7b-90cb-699ecc8da8cc,Stephen Wade Nissan,DVD24884,352419562525715,4,1,185,74.58,0.122,4.1,1,45
49dc2ce3-76ef-4d7b-90cb-699ecc8da8cc,Stephen Wade Nissan,DVD24884,350997683890309,2,1,16,49.34,0.284,4.5,5,83
49dc2ce3-76ef-4d7b-90cb-699ecc8da8cc,Stephen Wade Nissan,DVD24884,351436391025743,4,1,25,249.73,0.103,2.7,1,63
49dc2ce3-76ef-4d7b-90cb-699ecc8da8cc,Stephen Wade Nissan,DVD24884,352630397524508,8,1,72,252.14,0.131,7.5,2,79
49dc2ce3-76ef-4d7b-90cb-699ecc8da8cc,Stephen Wade Nissan,DVD24884,356403553380339,4,1,63,195.4,0.223,3.9,2,61
49dc2ce3-76ef-4d7b-90cb-699ecc8da8cc,Stephen Wade Nissan,DVD24884,356852701713023,2,2,82,203.53,0.252,3.2,1,48
49dc2ce3-76ef-4d7b-90cb-699ecc8da8cc,Stephen Wade Nissan,DVD24884,352129833816742,2,1,39,233.58,0.298,4.9,1,53
49dc2ce3-76ef-4d7b-90cb-699ecc8da8cc,Stephen Wade Nissan,DVD24884,353362934497347,2,1,66,232.46,0.097,2.7,1,58
49dc2ce3-76ef-4d7b-90cb-699ecc8da8cc,Stephen Wade Nissan,DVD24884,351566277689627,3,3,27,161.75,0.163,6.4,2,47
49dc2ce3-76ef-4d7b-90cb-699ecc8da8cc,Stephen Wade Nissan,DVD24884,350661498282467,3,1,49,237.35,0.209,6.0,2,62
49dc2ce3-76ef-4d7b-90cb-699ecc8da8cc,Stephen Wade Nissan,DVD24884,354746897152732,4,2,121,159.21,0.233,4.8,2,54
49dc2ce3-76ef-4d7b-90cb-699ecc8da8cc,Stephen Wade Nissan,DVD24884,353008576665674,2,1,15,194.61,0.069,5.7,2,65
49dc2ce3-76ef-4d7b-90cb-699ecc8da8cc,Stephen Wade Nissan,DVD24884,359160169236458,2,2,97,192.0,0.057,3.5,1,51
49dc2ce3-76ef-4d7b-90cb-699ecc8da8cc,Stephen Wade Nissan,DVD24884,357506633705024,4,3,41,128.43,0.061,1.5,0,56
49dc2ce3-76ef-4d7b-90cb-699ecc8da8cc,Stephen Wade Nissan,DVD24884,359724399201166,5,2,22,135.42,0.221,3.8,3,83
49dc2ce3-76ef-4d7b-90cb-699ecc8da8cc,Stephen Wade Nissan,DVD24884,359183626448869,4,1,23,314.05,0.192,3.5,2,62
49dc2ce3-76ef-4d7b-90cb-699ecc8da8cc,Stephen Wade Nissan,DVD24884,354611952436402,4,2,40,126.49,0.166,0.4,2,62
49dc2ce3-76ef-4d7b-90cb-699ecc8da8cc,Stephen Wade Nissan,DVD24884,357011686462252,3,1,100,202.2,0.052,2.4,1,65
49dc2ce3-76ef-4d7b-90cb-699ecc8da8cc,Stephen Wade Nissan,DVD24884,352372817932302,1,3,66,214.79,0.384,2.0,1,31
49dc2ce3-76ef-4d7b-90cb-699ecc8da8cc,Stephen Wade Nissan,DVD24884,353467912141614,4,0,14,176.75,0.182,2.4,0,56
49dc2ce3-76ef-4d7b-90cb-699ecc8da8cc,Stephen Wade Nissan,DVD24884,351509377100409,3,2,94,220.29,0.16,7.2,1,43
49dc2ce3-76ef-4d7b-90cb-699ecc8da8cc,Stephen Wade Nissan,DVD24884,350138069847759,1,1,83,199.74,0.19,5.5,1,36
49dc2ce3-76ef-4d7b-90cb-699ecc8da8cc,Stephen Wade Nissan,DVD24884,356555535669055,2,1,8,127.78,0.153,6.4,1,47
49dc2ce3-76ef-4d7b-90cb-699ecc8da8cc,Stephen Wade Nissan,DVD24884,351076209184357,2,1,21,212.21,0.101,5.5,0,47
49dc2ce3-76ef-4d7b-90cb-699ecc8da8cc,Stephen Wade Nissan,DVD24884,359786305050573,2,0,107,147.32,0.084,6.7,3,56
49dc2ce3-76ef-4d7b-90cb-699ecc8da8cc,Stephen Wade Nissan,DVD24884,359769156716493,2,2,48,284.44,0.22,4.6,1,55
49dc2ce3-76ef-4d7b-90cb-699ecc8da8cc,Stephen Wade Nissan,DVD24884,352898027148727,3,2,93,205.75,0.151,7.5,1,41
49dc2ce3-76ef-4d7b-90cb-699ecc8da8cc,Stephen Wade Nissan,DVD24884,351783332116025,3,1,3,137.99,0.205,2.0,0,55
49dc2ce3-76ef-4d7b-90cb-699ecc8da8cc,Stephen Wade Nissan,DVD24884,356434712871539,2,2,2,200.54,0.246,4.4,1,55
49dc2ce3-76ef-4d7b-90cb-699ecc8da8cc,Stephen Wade Nissan,DVD24884,359156686334141,1,2,76,124.51,0.245,2.5,3,53
49dc2ce3-76ef-4d7b-90cb-699ecc8da8cc,Stephen Wade Nissan,DVD24884,351159319525690,3,1,29,195.47,0.277,7.0,1,54
49dc2ce3-76ef-4d7b-90cb-699ecc8da8cc,Stephen Wade Nissan,DVD24884,354098366552899,8,3,79,166.46,0.182,5.3,1,65
49dc2ce3-76ef-4d7b-90cb-699ecc8da8cc,Stephen Wade Nissan,DVD24884,353160875243772,1,0,94,130.39,0.222,6.9,0,29
49dc2ce3-76ef-4d7b-90cb-699ecc8da8cc,Stephen Wade Nissan,DVD24884,359420954814973,5,0,30,129.63,0.33,1.7,1,73
49dc2ce3-76ef-4d7b-90cb-699ecc8da8cc,Stephen Wade Nissan,DVD24884,357460523302764,2,0,44,326.1,0.11,3.3,2,68
49dc2ce3-76ef-4d7b-90cb-699ecc8da8cc,Stephen Wade Nissan,DVD24884,352086567566184,4,0,37,185.48,0.074,0.9,1,70
49dc2ce3-76ef-4d7b-90cb-699ecc8da8cc,Stephen Wade Nissan,DVD24884,354386125904729,1,1,29,154.1,0.265,5.2,1,43
49dc2ce3-76ef-4d7b-90cb-699ecc8da8cc,Stephen Wade Nissan,DVD24884,352774233305912,1,0,56,143.7,0.265,3.6,3,53
49dc2ce3-76ef-4d7b-90cb-699ecc8da8cc,Stephen Wade Nissan,DVD24884,356620157201859,1,1,87,208.27,0.045,6.0,3,64
49dc2ce3-76ef-4d7b-90cb-699ecc8da8cc,Stephen Wade Nissan,DVD24884,356263013674926,5,0,25,141.69,0.138,4.6,0,69
49dc2ce3-76ef-4d7b-90cb-699ecc8da8cc,Stephen Wade Nissan,DVD24884,351764750111178,0,0,25,114.32,0.166,0.2,2,64
49dc2ce3-76ef-4d7b-90cb-699ecc8da8cc,Stephen Wade Nissan,DVD24884,353099974192676,5,0,30,178.06,0.28,1.2,3,98
49dc2ce3-76ef-4d7b-90cb-699ecc8da8cc,Stephen Wade Nissan,DVD24884,354921518260688,4,3,73,177.6,0.183,4.7,0,29
49dc2ce3-76ef-4d7b-90cb-699ecc8da8cc,Stephen Wade Nissan,DVD24884,358718981312920,1,3,94,154.98,0.091,5.4,2,43
49dc2ce3-76ef-4d7b-90cb-699ecc8da8cc,Stephen Wade Nissan,DVD24884,358751029321840,1,1,36,126.52,0.305,0.1,2,63
49dc2ce3-76ef-4d7b-90cb-699ecc8da8cc,Stephen Wade Nissan,DVD24884,351184582603408,2,1,6,156.54,0.266,4.3,1,48
49dc2ce3-76ef-4d7b-90cb-699ecc8da8cc,Stephen Wade Nissan,DVD24884,354872975859883,0,1,18,151.82,0.063,2.5,0,43
49dc2ce3-76ef-4d7b-90cb-699ecc8da8cc,Stephen Wade Nissan,DVD24884,351030324329839,2,3,34,143.5,0.383,2.3,3,50
49dc2ce3-76ef-4d7b-90cb-699ecc8da8cc,Stephen Wade Nissan,DVD24884,355429618446267,0,1,22,196.59,0.212,3.2,4,66
49dc2ce3-76ef-4d7b-90cb-699ecc8da8cc,Stephen Wade Nissan,DVD24884,351462831435989,3,3,14,313.57,0.267,4.7,0,40
49dc2ce3-76ef-4d7b-90cb-699ecc8da8cc,Stephen Wade Nissan,DVD24884,352625660931418,3,2,49,259.91,0.193,3.1,1,41
49dc2ce3-76ef-4d7b-90cb-699ecc8da8cc,Stephen Wade Nissan,DVD24884,351861515542340,4,0,215,296.52,0.192,0.5,2,69
49dc2ce3-76ef-4d7b-90cb-699ecc8da8cc,Stephen Wade Nissan,DVD24884,351636112849718,3,0,20,145.94,0.219,4.7,2,63
49dc2ce3-76ef-4d7b-90cb-699ecc8da8cc,Stephen Wade Nissan,DVD24884,355948491025625,5,2,57,280.48,0.242,3.8,0,62
49dc2ce3-76ef-4d7b-90cb-699ecc8da8cc,Stephen Wade Nissan,DVD24884,358896792408222,1,2,70,193.64,0.281,2.6,1,30
49dc2ce3-76ef-4d7b-90cb-699ecc8da8cc,Stephen Wade Nissan,DVD24884,356940539672757,3,0,74,239.18,0.182,3.9,0,57
49dc2ce3-76ef-4d7b-90cb-699ecc8da8cc,Stephen Wade Nissan,DVD24884,358446834146511,2,3,45,207.46,0.179,3.8,1,39
49dc2ce3-76ef-4d7b-90cb-699ecc8da8cc,Stephen Wade Nissan,DVD24884,351312901487068,0,3,15,159.4,0.115,4.6,1,36
49dc2ce3-76ef-4d7b-90cb-699ecc8da8cc,Stephen Wade Nissan,DVD24884,352778816093068,3,3,87,223.17,0.064,4.0,0,34
49dc2ce3-76ef-4d7b-90cb-699ecc8da8cc,Stephen Wade Nissan,DVD24884,355389097283215,5,2,9,209.1,0.257,4.8,1,58
49dc2ce3-76ef-4d7b-90cb-699ecc8da8cc,Stephen Wade Nissan,DVD24884,352850676251538,3,1,42,73.91,0.208,4.4,3,61
49dc2ce3-76ef-4d7b-90cb-699ecc8da8cc,Stephen Wade Nissan,DVD24884,351447443096348,1,0,38,172.55,0.283,6.1,0,40
49dc2ce3-76ef-4d7b-90cb-699ecc8da8cc,Stephen Wade Nissan,DVD24884,350797050975451,1,1,16,232.34,0.334,7.7,3,66
49dc2ce3-76ef-4d7b-90cb-699ecc8da8cc,Stephen Wade Nissan,DVD24884,350526501673188,3,0,30,196.65,0.113,4.5,2,68
49dc2ce3-76ef-4d7b-90cb-699ecc8da8cc,Stephen Wade Nissan,DVD24884,352617024376545,2,2,72,208.17,0.051,3.3,2,52
49dc2ce3-76ef-4d7b-90cb-699ecc8da8cc,Stephen Wade Nissan,DVD24884,356284177225605,1,1,42,134.91,0.124,1.6,0,47
49dc2ce3-76ef-4d7b-90cb-699ecc8da8cc,Stephen Wade Nissan,DVD24884,353134026650237,1,1,11,195.37,0.095,5.8,1,36
49dc2ce3-76ef-4d7b-90cb-699ecc8da8cc,Stephen Wade Nissan,DVD24884,354167872568621,2,1,80,174.22,0.349,2.7,2,51
49dc2ce3-76ef-4d7b-90cb-699ecc8da8cc,Stephen Wade Nissan,DVD24884,351022580305690,1,1,148,167.79,0.156,9.2,0,19
49dc2ce3-76ef-4d7b-90cb-699ecc8da8cc,Stephen Wade Nissan,DVD24884,356744716392823,3,1,13,139.24,0.505,10.1,1,41
49dc2ce3-76ef-4d7b-90cb-699ecc8da8cc,Stephen Wade Nissan,DVD24884,354143637189239,0,0,45,234.89,0.202,4.1,2,57
49dc2ce3-76ef-4d7b-90cb-699ecc8da8cc,Stephen Wade Nissan,DVD24884,352312604326093,2,0,46,200.73,0.224,1.2,2,66
49dc2ce3-76ef-4d7b-90cb-699ecc8da8cc,Stephen Wade Nissan,DVD24884,351066843356708,3,1,13,194.67,0.241,5.8,1,51
49dc2ce3-76ef-4d7b-90cb-699ecc8da8cc,Stephen Wade Nissan,DVD24884,356041454563502,3,1,110,303.05,0.035,8.7,2,50
49dc2ce3-76ef-4d7b-90cb-699ecc8da8cc,Stephen Wade Nissan,DVD24884,350005347491624,4,3,47,208.43,0.014,1.9,1,56
49dc2ce3-76ef-4d7b-90cb-699ecc8da8cc,Stephen Wade Nissan,DVD24884,357554110825559,4,2,89,252.03,0.089,8.3,1,40
49dc2ce3-76ef-4d7b-90cb-699ecc8da8cc,Stephen Wade Nissan,DVD24884,358953439611291,3,2,60,196.38,0.191,0.8,0,45
49dc2ce3-76ef-4d7b-90cb-699ecc8da8cc,Stephen Wade Nissan,DVD24884,350933711895473,3,1,107,158.81,0.154,1.6,2,56
49dc2ce3-76ef-4d7b-90cb-699ecc8da8cc,Stephen Wade Nissan,DVD24884,358202368485571,2,3,59,116.45,0.103,5.1,1,23
49dc2ce3-76ef-4d7b-90cb-699ecc8da8cc,Stephen Wade Nissan,DVD24884,356176880294240,2,2,33,194.48,0.243,6.5,4,65
49dc2ce3-76ef-4d7b-90cb-699ecc8da8cc,Stephen Wade Nissan,DVD24884,359036788127868,2,4,68,25.0,0.118,4.4,1,31
49dc2ce3-76ef-4d7b-90cb-699ecc8da8cc,Stephen Wade Nissan,DVD24884,356694320293908,4,0,23,196.35,0.048,5.4,1,71
49dc2ce3-76ef-4d7b-90cb-699ecc8da8cc,Stephen Wade Nissan,DVD24884,357884434481230,2,0,73,198.92,0.131,6.7,5,91
49dc2ce3-76ef-4d7b-90cb-699ecc8da8cc,Stephen Wade Nissan,DVD24884,358340242403381,4,0,20,166.95,0.088,6.9,1,70
49dc2ce3-76ef-4d7b-90cb-699ecc8da8cc,Stephen Wade Nissan,DVD24884,350595518426945,1,2,43,174.46,0.182,3.3,1,45
49dc2ce3-76ef-4d7b-90cb-699ecc8da8cc,Stephen Wade Nissan,DVD24884,350053424089164,3,1,37,104.93,0.087,2.8,0,49
49dc2ce3-76ef-4d7b-90cb-699ecc8da8cc,Stephen Wade Nissan,DVD24884,359837354396273,2,1,56,263.14,0.31,6.6,2,52
49dc2ce3-76ef-4d7b-90cb-699ecc8da8cc,Stephen Wade Nissan,DVD24884,356527172722397,4,1,119,159.76,0.238,5.4,3,58
49dc2ce3-76ef-4d7b-90cb-699ecc8da8cc,Stephen Wade Nissan,DVD24884,352404226931216,2,2,29,121.67,0.094,5.7,1,60
49dc2ce3-76ef-4d7b-90cb-699ecc8da8cc,Stephen Wade Nissan,DVD24884,353761820916601,1,2,85,212.68,0.06,3.2,2,50
49dc2ce3-76ef-4d7b-90cb-699ecc8da8cc,Stephen Wade Nissan,DVD24884,350023142900185,0,2,109,186.65,0.17,5.8,1,33
49dc2ce3-76ef-4d7b-90cb-699ecc8da8cc,Stephen Wade Nissan,DVD24884,351327972457230,4,2,83,158.5,0.074,2.3,1,50
49dc2ce3-76ef-4d7b-90cb-699ecc8da8cc,Stephen Wade Nissan,DVD24884,358481001841862,3,0,55,152.16,0.178,5.0,2,70
49dc2ce3-76ef-4d7b-90cb-699ecc8da8cc,Stephen Wade Nissan,DVD24884,350303662543617,2,1,53,179.66,0.054,4.7,2,58
49dc2ce3-76ef-4d7b-90cb-699ecc8da8cc,Stephen Wade Nissan,DVD24884,352131451951510,2,0,27,260.75,0.228,4.7,2,66
49dc2ce3-76ef-4d7b-90cb-699ecc8da8cc,Stephen Wade Nissan,DVD24884,359226859262494,7,1,10,208.17,0.303,6.1,0,61
49dc2ce3-76ef-4d7b-90cb-699ecc8da8cc,Stephen Wade Nissan,DVD24884,355147541022526,1,0,48,177.94,0.128,2.5,1,48
49dc2ce3-76ef-4d7b-90cb-699ecc8da8cc,Stephen Wade Nissan,DVD24884,357711964215226,1,1,116,231.15,0.073,5.9,0,28
49dc2ce3-76ef-4d7b-90cb-699ecc8da8cc,Stephen Wade Nissan,DVD24884,355576769523668,1,2,127,181.65,0.059,4.5,3,51
49dc2ce3-76ef-4d7b-90cb-699ecc8da8cc,Stephen Wade Nissan,DVD24884,357887883619689,2,0,12,204.09,0.221,2.9,1,60
49dc2ce3-76ef-4d7b-90cb-699ecc8da8cc,Stephen Wade Nissan,DVD24884,353135030587210,4,1,124,189.07,0.039,1.9,2,75
49dc2ce3-76ef-4d7b-90cb-699ecc8da8cc,Stephen Wade Nissan,DVD24884,355524728633302,2,2,71,215.39,0.126,8.3,3,64
49dc2ce3-76ef-4d7b-90cb-699ecc8da8cc,Stephen Wade Nissan,DVD24884,351260650191792,2,2,65,153.35,0.049,4.4,0,38
49dc2ce3-76ef-4d7b-90cb-699ecc8da8cc,Stephen Wade Nissan,DVD24884,350252131096227,3,3,115,111.64,0.038,3.8,1,30
49dc2ce3-76ef-4d7b-90cb-699ecc8da8cc,Stephen Wade Nissan,DVD24884,352847657041200,2,0,94,234.41,0.011,2.2,1,60
49dc2ce3-76ef-4d7b-90cb-699ecc8da8cc,Stephen Wade Nissan,DVD24884,359282066784984,0,1,19,270.3,0.21,6.7,2,45
49dc2ce3-76ef-4d7b-90cb-699ecc8da8cc,Stephen Wade Nissan,DVD24884,353624186236903,5,2,25,114.49,0.076,6.5,1,58
49dc2ce3-76ef-4d7b-90cb-699ecc8da8cc,Stephen Wade Nissan,DVD24884,356289177566205,2,1,8,190.76,0.106,6.1,1,66
49dc2ce3-76ef-4d7b-90cb-699ecc8da8cc,Stephen Wade Nissan,DVD24884,356341115950342,1,2,63,153.07,0.207,4.4,4,65
49dc2ce3-76ef-4d7b-90cb-699ecc8da8cc,Stephen Wade Nissan,DVD24884,358113904383034,3,2,22,233.0,0.178,6.0,1,50
49dc2ce3-76ef-4d7b-90cb-699ecc8da8cc,Stephen Wade Nissan,DVD24884,351990970051405,1,1,32,194.8,0.218,2.9,2,56
49dc2ce3-76ef-4d7b-90cb-699ecc8da8cc,Stephen Wade Nissan,DVD24884,354683565215681,3,4,106,379.65,0.121,4.9,2,42
49dc2ce3-76ef-4d7b-90cb-699ecc8da8cc,Stephen Wade Nissan,DVD24884,358209679042271,1,1,69,161.91,0.193,4.4,1,37
49dc2ce3-76ef-4d7b-90cb-699ecc8da8cc,Stephen Wade Nissan,DVD24884,351332288985725,1,1,71,272.24,0.317,5.0,1,43
49dc2ce3-76ef-4d7b-90cb-699ecc8da8cc,Stephen Wade Nissan,DVD24884,354596063399129,3,0,182,278.08,0.267,0.9,2,64
49dc2ce3-76ef-4d7b-90cb-699ecc8da8cc,Stephen Wade Nissan,DVD24884,357102481717524,2,0,1,212.02,0.209,8.2,2,65
49dc2ce3-76ef-4d7b-90cb-699ecc8da8cc,Stephen Wade Nissan,DVD24884,352149551127474,6,0,23,182.22,0.072,7.7,1,79
49dc2ce3-76ef-4d7b-90cb-699ecc8da8cc,Stephen Wade Nissan,DVD24884,357219705466927,3,0,37,185.69,0.195,2.2,2,75
49dc2ce3-76ef-4d7b-90cb-699ecc8da8cc,Stephen Wade Nissan,DVD24884,355895516874090,5,0,24,180.61,0.149,5.7,1,76
49dc2ce3-76ef-4d7b-90cb-699ecc8da8cc,Stephen Wade Nissan,DVD24884,353802146296136,1,2,89,248.0,0.107,1.5,2,52
49dc2ce3-76ef-4d7b-90cb-699ecc8da8cc,Stephen Wade Nissan,DVD24884,357157787112166,2,2,40,127.64,0.096,4.7,1,50
49dc2ce3-76ef-4d7b-90cb-699ecc8da8cc,Stephen Wade Nissan,DVD24884,353651559737147,3,1,17,170.34,0.192,0.1,3,78
49dc2ce3-76ef-4d7b-90cb-699ecc8da8cc,Stephen Wade Nissan,DVD24884,350827235909605,2,1,59,163.07,0.121,3.9,0,44
49dc2ce3-76ef-4d7b-90cb-699ecc8da8cc,Stephen Wade Nissan,DVD24884,356730306442121,0,3,66,76.43,0.238,3.5,1,31
49dc2ce3-76ef-4d7b-90cb-699ecc8da8cc,Stephen Wade Nissan,DVD24884,354614768342016,7,2,19,231.53,0.124,6.8,3,90
49dc2ce3-76ef-4d7b-90cb-699ecc8da8cc,Stephen Wade Nissan,DVD24884,355423567782659,1,0,42,243.78,0.264,7.8,0,41
49dc2ce3-76ef-4d7b-90cb-699ecc8da8cc,Stephen Wade Nissan,DVD24884,356089319925502,1,1,68,141.95,0.07,7.9,1,34
49dc2ce3-76ef-4d7b-90cb-699ecc8da8cc,Stephen Wade Nissan,DVD24884,357275164807279,3,1,110,241.81,0.244,6.8,0,37
49dc2ce3-76ef-4d7b-90cb-699ecc8da8cc,Stephen Wade Nissan,DVD24884,351033682963533,7,3,26,84.98,0.252,4.7,0,59
49dc2ce3-76ef-4d7b-90cb-699ecc8da8cc,Stephen Wade Nissan,DVD24884,359055044817766,0,2,73,181.44,0.354,5.3,1,30
49dc2ce3-76ef-4d7b-90cb-699ecc8da8cc,Stephen Wade Nissan,DVD24884,355586851276528,1,1,30,172.42,0.107,5.3,3,72
49dc2ce3-76ef-4d7b-90cb-699ecc8da8cc,Stephen Wade Nissan,DVD24884,359286646491111,1,2,51,185.26,0.274,2.1,0,27
49dc2ce3-76ef-4d7b-90cb-699ecc8da8cc,Stephen Wade Nissan,DVD24884,350961798178904,5,6,20,184.95,0.278,6.8,1,26
49dc2ce3-76ef-4d7b-90cb-699ecc8da8cc,Stephen Wade Nissan,DVD24884,356337861371576,2,1,72,175.38,0.141,5.9,1,46
49dc2ce3-76ef-4d7b-90cb-699ecc8da8cc,Stephen Wade Nissan,DVD24884,356053844446306,2,1,98,156.73,0.114,6.0,2,49
49dc2ce3-76ef-4d7b-90cb-699ecc8da8cc,Stephen Wade Nissan,DVD24884,350002589552963,4,1,43,173.48,0.223,0.0,1,68
49dc2ce3-76ef-4d7b-90cb-699ecc8da8cc,Stephen Wade Nissan,DVD24884,358639609626265,2,0,39,261.79,0.125,5.4,0,51
49dc2ce3-76ef-4d7b-90cb-699ecc8da8cc,Stephen Wade Nissan,DVD24884,358263128196482,1,0,36,145.28,0.37,6.5,2,53
49dc2ce3-76ef-4d7b-90cb-699ecc8da8cc,Stephen Wade Nissan,DVD24884,355311060920981,2,3,15,315.32,0.093,4.5,1,42
49dc2ce3-76ef-4d7b-90cb-699ecc8da8cc,Stephen Wade Nissan,DVD24884,359602752334383,2,0,82,141.89,0.252,3.5,0,38
49dc2ce3-76ef-4d7b-90cb-699ecc8da8cc,Stephen Wade Nissan,DVD24884,356404120911791,4,1,108,194.4,0.073,1.8,1,63
49dc2ce3-76ef-4d7b-90cb-699ecc8da8cc,Stephen Wade Nissan,DVD24884,351244211753617,0,3,25,214.27,0.198,1.6,1,35
49dc2ce3-76ef-4d7b-90cb-699ecc8da8cc,Stephen Wade Nissan,DVD24884,350617136657224,3,0,56,162.49,0.19,4.8,1,62
49dc2ce3-76ef-4d7b-90cb-699ecc8da8cc,Stephen Wade Nissan,DVD24884,350299015579980,3,1,70,262.94,0.215,4.0,0,49
49dc2ce3-76ef-4d7b-90cb-699ecc8da8cc,Stephen Wade Nissan,DVD24884,352841390808823,1,2,30,212.71,0.174,4.0,2,47
49dc2ce3-76ef-4d7b-90cb-699ecc8da8cc,Stephen Wade Nissan,DVD24884,355130523124473,5,0,127,167.71,0.275,7.6,2,67
49dc2ce3-76ef-4d7b-90cb-699ecc8da8cc,Stephen Wade Nissan,DVD24884,351584776863423,0,1,57,262.28,0.362,2.0,3,57
49dc2ce3-76ef-4d7b-90cb-699ecc8da8cc,Stephen Wade Nissan,DVD24884,354619942376769,2,3,12,119.07,0.065,3.8,2,56
49dc2ce3-76ef-4d7b-90cb-699ecc8da8cc,Stephen Wade Nissan,DVD24884,354591966395517,1,1,101,146.07,0.276,7.9,2,41
49dc2ce3-76ef-4d7b-90cb-699ecc8da8cc,Stephen Wade Nissan,DVD24884,352084964985601,0,2,45,213.75,0.041,3.9,3,52
49dc2ce3-76ef-4d7b-90cb-699ecc8da8cc,Stephen Wade Nissan,DVD24884,352562531355251,0,1,34,228.09,0.069,4.6,0,29
49dc2ce3-76ef-4d7b-90cb-699ecc8da8cc,Stephen Wade Nissan,DVD24884,350505379538164,4,2,78,199.36,0.094,4.1,2,76
49dc2ce3-76ef-4d7b-90cb-699ecc8da8cc,Stephen Wade Nissan,DVD24884,359383184919665,3,2,30,172.37,0.117,5.9,0,45
49dc2ce3-76ef-4d7b-90cb-699ecc8da8cc,Stephen Wade Nissan,DVD24884,355330770461172,1,0,121,164.91,0.203,0.4,0,32
49dc2ce3-76ef-4d7b-90cb-699ecc8da8cc,Stephen Wade Nissan,DVD24884,359596390409074,6,2,104,247.88,0.104,4.1,1,60
49dc2ce3-76ef-4d7b-90cb-699ecc8da8cc,Stephen Wade Nissan,DVD24884,352608805017164,2,0,133,194.42,0.131,4.6,1,46
49dc2ce3-76ef-4d7b-90cb-699ecc8da8cc,Stephen Wade Nissan,DVD24884,354556185790647,3,0,176,127.67,0.295,2.5,5,86
49dc2ce3-76ef-4d7b-90cb-699ecc8da8cc,Stephen Wade Nissan,DVD24884,357159103002156,1,0,69,124.21,0.214,5.2,1,40
49dc2ce3-76ef-4d7b-90cb-699ecc8da8cc,Stephen Wade Nissan,DVD24884,353213580040104,0,1,48,270.81,0.158,6.1,2,52
49dc2ce3-76ef-4d7b-90cb-699ecc8da8cc,Stephen Wade Nissan,DVD24884,351459642297125,3,0,29,136.87,0.167,5.4,3,78
49dc2ce3-76ef-4d7b-90cb-699ecc8da8cc,Stephen Wade Nissan,DVD24884,352967188397745,1,0,74,196.36,0.068,8.1,1,37
49dc2ce3-76ef-4d7b-90cb-699ecc8da8cc,Stephen Wade Nissan,DVD24884,357314415833117,4,2,173,261.05,0.164,3.6,1,46
49dc2ce3-76ef-4d7b-90cb-699ecc8da8cc,Stephen Wade Nissan,DVD24884,350303763715398,1,2,16,212.53,0.03,5.5,2,48
49dc2ce3-76ef-4d7b-90cb-699ecc8da8cc,Stephen Wade Nissan,DVD24884,358547281235679,7,2,61,134.54,0.02,5.5,0,64
49dc2ce3-76ef-4d7b-90cb-699ecc8da8cc,Stephen Wade Nissan,DVD24884,358363146249127,0,3,12,119.06,0.173,4.0,2,42
49dc2ce3-76ef-4d7b-90cb-699ecc8da8cc,Stephen Wade Nissan,DVD24884,351130724078754,1,2,11,292.19,0.152,6.8,2,52
49dc2ce3-76ef-4d7b-90cb-699ecc8da8cc,Stephen Wade Nissan,DVD24884,351815632686850,4,0,111,117.53,0.011,5.1,0,56
49dc2ce3-76ef-4d7b-90cb-699ecc8da8cc,Stephen Wade Nissan,DVD24884,357451066343629,2,0,99,146.8,0.097,2.1,1,55
49dc2ce3-76ef-4d7b-90cb-699ecc8da8cc,Stephen Wade Nissan,DVD24884,354897861031310,2,2,28,202.35,0.232,6.0,1,40
49dc2ce3-76ef-4d7b-90cb-699ecc8da8cc,Stephen Wade Nissan,DVD24884,350943181439666,3,2,18,166.87,0.305,3.5,1,39
49dc2ce3-76ef-4d7b-90cb-699ecc8da8cc,Stephen Wade Nissan,DVD24884,351347323549401,3,0,136,214.43,0.18,3.9,0,45
49dc2ce3-76ef-4d7b-90cb-699ecc8da8cc,Stephen Wade Nissan,DVD24884,352897432512257,2,0,20,91.93,0.211,4.0,1,56
49dc2ce3-76ef-4d7b-90cb-699ecc8da8cc,Stephen Wade Nissan,DVD24884,352076502412095,1,1,14,167.38,0.154,6.0,0,37
49dc2ce3-76ef-4d7b-90cb-699ecc8da8cc,Stephen Wade Nissan,DVD24884,357907371009438,1,0,20,220.66,0.171,6.7,2,62
49dc2ce3-76ef-4d7b-90cb-699ecc8da8cc,Stephen Wade Nissan,DVD24884,358221145775847,3,2,65,220.86,0.041,4.2,2,73
49dc2ce3-76ef-4d7b-90cb-699ecc8da8cc,Stephen Wade Nissan,DVD24884,354570545897148,4,3,192,145.65,0.211,4.1,1,27
49dc2ce3-76ef-4d7b-90cb-699ecc8da8cc,Stephen Wade Nissan,DVD24884,350263257039653,4,0,30,118.7,0.122,0.4,0,56
49dc2ce3-76ef-4d7b-90cb-699ecc8da8cc,Stephen Wade Nissan,DVD24884,351361487824556,3,0,110,192.82,0.267,3.1,1,55
49dc2ce3-76ef-4d7b-90cb-699ecc8da8cc,Stephen Wade Nissan,DVD24884,359644309859167,0,0,53,101.25,0.347,2.6,1,48
49dc2ce3-76ef-4d7b-90cb-699ecc8da8cc,Stephen Wade Nissan,DVD24884,359541072728498,1,2,6,257.06,0.167,5.1,0,35
49dc2ce3-76ef-4d7b-90cb-699ecc8da8cc,Stephen Wade Nissan,DVD24884,352474140703491,2,1,31,189.44,0.331,4.3,3,60
49dc2ce3-76ef-4d7b-90cb-699ecc8da8cc,Stephen Wade Nissan,DVD24884,350740650042548,0,0,100,138.19,0.216,2.7,4,71
49dc2ce3-76ef-4d7b-90cb-699ecc8da8cc,Stephen Wade Nissan,DVD24884,358214236914307,1,0,96,116.73,0.049,4.8,1,44
49dc2ce3-76ef-4d7b-90cb-699ecc8da8cc,Stephen Wade Nissan,DVD24884,355366614494296,2,1,27,142.02,0.225,4.4,1,44
49dc2ce3-76ef-4d7b-90cb-699ecc8da8cc,Stephen Wade Nissan,DVD24884,355923426834414,3,1,82,86.28,0.134,0.0,0,55
49dc2ce3-76ef-4d7b-90cb-699ecc8da8cc,Stephen Wade Nissan,DVD24884,359782661287585,6,1,44,209.69,0.294,6.7,2,74
49dc2ce3-76ef-4d7b-90cb-699ecc8da8cc,Stephen Wade Nissan,DVD24884,357567667080612,2,1,64,131.83,0.039,6.5,2,55
49dc2ce3-76ef-4d7b-90cb-699ecc8da8cc,Stephen Wade Nissan,DVD24884,359439852989406,1,1,114,203.98,0.033,4.0,1,42
49dc2ce3-76ef-4d7b-90cb-699ecc8da8cc,Stephen Wade Nissan,DVD24884,352607870104159,1,0,28,212.25,0.084,5.2,3,79
49dc2ce3-76ef-4d7b-90cb-699ecc8da8cc,Stephen Wade Nissan,DVD24884,351497501980382,2,1,35,237.96,0.055,3.8,2,61
49dc2ce3-76ef-4d7b-90cb-699ecc8da8cc,Stephen Wade Nissan,DVD24884,358723244079311,1,1,115,195.11,0.249,1.3,1,38
49dc2ce3-76ef-4d7b-90cb-699ecc8da8cc,Stephen Wade Nissan,DVD24884,350291813317087,3,2,179,247.51,0.234,8.8,1,27
49dc2ce3-76ef-4d7b-90cb-699ecc8da8cc,Stephen Wade Nissan,DVD24884,356014672384979,5,2,91,263.17,0.104,6.0,1,48
49dc2ce3-76ef-4d7b-90cb-699ecc8da8cc,Stephen Wade Nissan,DVD24884,351620223288377,0,1,61,195.49,0.245,6.4,1,33
49dc2ce3-76ef-4d7b-90cb-699ecc8da8cc,Stephen Wade Nissan,DVD24884,354419754661766,2,1,91,199.11,0.05,3.9,1,60
49dc2ce3-76ef-4d7b-90cb-699ecc8da8cc,Stephen Wade Nissan,DVD24884,352047196094097,2,2,30,146.55,0.342,6.8,2,47
49dc2ce3-76ef-4d7b-90cb-699ecc8da8cc,Stephen Wade Nissan,DVD24884,350527740258835,0,0,51,120.74,0.248,1.8,1,50
49dc2ce3-76ef-4d7b-90cb-699ecc8da8cc,Stephen Wade Nissan,DVD24884,358681225957244,0,1,11,256.92,0.278,4.0,1,51
49dc2ce3-76ef-4d7b-90cb-699ecc8da8cc,Stephen Wade Nissan,DVD24884,356176792988425,1,1,31,216.34,0.144,6.0,1,41
49dc2ce3-76ef-4d7b-90cb-699ecc8da8cc,Stephen Wade Nissan,DVD24884,359959961002311,5,2,67,221.21,0.031,3.2,1,63
49dc2ce3-76ef-4d7b-90cb-699ecc8da8cc,Stephen Wade Nissan,DVD24884,357753312661094,1,0,56,144.56,0.142,6.3,2,54
49dc2ce3-76ef-4d7b-90cb-699ecc8da8cc,Stephen Wade Nissan,DVD24884,351017590251762,1,1,4,277.44,0.112,5.1,0,50
49dc2ce3-76ef-4d7b-90cb-699ecc8da8cc,Stephen Wade Nissan,DVD24884,359833477433268,0,0,40,166.28,0.174,4.9,3,58
49dc2ce3-76ef-4d7b-90cb-699ecc8da8cc,Stephen Wade Nissan,DVD24884,353190130205698,5,0,56,131.89,0.237,3.1,1,67
49dc2ce3-76ef-4d7b-90cb-699ecc8da8cc,Stephen Wade Nissan,DVD24884,351528733978559,4,1,57,145.58,0.329,5.3,1,52
49dc2ce3-76ef-4d7b-90cb-699ecc8da8cc,Stephen Wade Nissan,DVD24884,358217661912841,0,2,14,274.27,0.1,8.4,1,32
49dc2ce3-76ef-4d7b-90cb-699ecc8da8cc,Stephen Wade Nissan,DVD24884,351730985034465,2,1,83,113.34,0.214,4.9,0,41
49dc2ce3-76ef-4d7b-90cb-699ecc8da8cc,Stephen Wade Nissan,DVD24884,351241893898469,3,4,162,134.93,0.062,5.6,2,32
49dc2ce3-76ef-4d7b-90cb-699ecc8da8cc,Stephen Wade Nissan,DVD24884,350819740056435,2,0,90,353.91,0.123,5.9,1,56
49dc2ce3-76ef-4d7b-90cb-699ecc8da8cc,Stephen Wade Nissan,DVD24884,350238503719905,1,1,51,236.46,0.215,2.2,2,55
49dc2ce3-76ef-4d7b-90cb-699ecc8da8cc,Stephen Wade Nissan,DVD24884,351699187240107,5,2,138,136.02,0.021,4.2,3,72
49dc2ce3-76ef-4d7b-90cb-699ecc8da8cc,Stephen Wade Nissan,DVD24884,358356743000389,1,1,31,115.11,0.428,4.2,3,53
49dc2ce3-76ef-4d7b-90cb-699ecc8da8cc,Stephen Wade Nissan,DVD24884,356087066266821,2,0,75,79.64,0.258,0.3,0,49
49dc2ce3-76ef-4d7b-90cb-699ecc8da8cc,Stephen Wade Nissan,DVD24884,357195535603319,4,3,47,185.83,0.15,6.1,0,43
49dc2ce3-76ef-4d7b-90cb-699ecc8da8cc,Stephen Wade Nissan,DVD24884,350368900301027,3,0,139,223.68,0.178,2.6,2,70
49dc2ce3-76ef-4d7b-90cb-699ecc8da8cc,Stephen Wade Nissan,DVD24884,352405593429671,3,1,21,271.13,0.189,5.9,0,47
49dc2ce3-76ef-4d7b-90cb-699ecc8da8cc,Stephen Wade Nissan,DVD24884,351148375374584,2,4,21,66.36,0.108,3.0,3,48
49dc2ce3-76ef-4d7b-90cb-699ecc8da8cc,Stephen Wade Nissan,DVD24884,353845881056974,2,3,117,100.48,0.042,8.6,4,49
49dc2ce3-76ef-4d7b-90cb-699ecc8da8cc,Stephen Wade Nissan,DVD24884,351328348315203,1,1,71,172.83,0.214,3.9,3,54
49dc2ce3-76ef-4d7b-90cb-699ecc8da8cc,Stephen Wade Nissan,DVD24884,357710704496410,6,3,124,347.26,0.237,8.3,0,41
49dc2ce3-76ef-4d7b-90cb-699ecc8da8cc,Stephen Wade Nissan,DVD24884,354967066703362,2,0,23,233.15,0.088,4.2,1,57
49dc2ce3-76ef-4d7b-90cb-699ecc8da8cc,Stephen Wade Nissan,DVD24884,356804085095493,3,3,27,202.37,0.115,4.4,2,58
49dc2ce3-76ef-4d7b-90cb-699ecc8da8cc,Stephen Wade Nissan,DVD24884,350596601864876,2,2,62,106.5,0.162,7.6,2,47
49dc2ce3-76ef-4d7b-90cb-699ecc8da8cc,Stephen Wade Nissan,DVD24884,359984267320441,2,0,12,52.8,0.228,2.7,2,62
49dc2ce3-76ef-4d7b-90cb-699ecc8da8cc,Stephen Wade Nissan,DVD24884,353845960945449,1,1,59,182.33,0.184,4.6,3,59
49dc2ce3-76ef-4d7b-90cb-699ecc8da8cc,Stephen Wade Nissan,DVD24884,350149542770707,1,2,35,174.04,0.651,5.6,0,21
49dc2ce3-76ef-4d7b-90cb-699ecc8da8cc,Stephen Wade Nissan,DVD24884,350578360914985,6,1,46,163.93,0.083,5.3,0,60
49dc2ce3-76ef-4d7b-90cb-699ecc8da8cc,Stephen Wade Nissan,DVD24884,351724447232290,1,3,82,157.17,0.151,4.6,1,25
49dc2ce3-76ef-4d7b-90cb-699ecc8da8cc,Stephen Wade Nissan,DVD24884,353102879508304,2,3,85,135.1,0.116,4.3,3,50
49dc2ce3-76ef-4d7b-90cb-699ecc8da8cc,Stephen Wade Nissan,DVD24884,354058093511871,0,1,157,121.34,0.226,6.2,1,19
49dc2ce3-76ef-4d7b-90cb-699ecc8da8cc,Stephen Wade Nissan,DVD24884,358133595616420,1,1,105,263.37,0.248,4.9,0,28
49dc2ce3-76ef-4d7b-90cb-699ecc8da8cc,Stephen Wade Nissan,DVD24884,355955657490250,2,2,6,126.81,0.325,6.4,2,53
49dc2ce3-76ef-4d7b-90cb-699ecc8da8cc,Stephen Wade Nissan,DVD24884,354290193588953,4,1,23,163.43,0.115,5.3,1,67
49dc2ce3-76ef-4d7b-90cb-699ecc8da8cc,Stephen Wade Nissan,DVD24884,356902611398986,1,2,25,177.66,0.015,5.8,1,38
49dc2ce3-76ef-4d7b-90cb-699ecc8da8cc,Stephen Wade Nissan,DVD24884,358180978875439,1,2,98,222.38,0.069,6.8,1,37
49dc2ce3-76ef-4d7b-90cb-699ecc8da8cc,Stephen Wade Nissan,DVD24884,354353537513765,5,1,142,128.89,0.121,3.9,3,74
49dc2ce3-76ef-4d7b-90cb-699ecc8da8cc,Stephen Wade Nissan,DVD24884,351588157937639,0,1,16,238.68,0.097,6.7,2,56
49dc2ce3-76ef-4d7b-90cb-699ecc8da8cc,Stephen Wade Nissan,DVD24884,352836929445511,2,1,100,145.22,0.081,4.2,2,60
49dc2ce3-76ef-4d7b-90cb-699ecc8da8cc,Stephen Wade Nissan,DVD24884,356682973270216,0,1,51,170.29,0.258,1.7,2,51
49dc2ce3-76ef-4d7b-90cb-699ecc8da8cc,Stephen Wade Nissan,DVD24884,354871206021288,2,1,45,278.59,0.198,3.8,1,47
49dc2ce3-76ef-4d7b-90cb-699ecc8da8cc,Stephen Wade Nissan,DVD24884,356652683415599,0,1,30,121.85,0.184,3.1,0,28
49dc2ce3-76ef-4d7b-90cb-699ecc8da8cc,Stephen Wade Nissan,DVD24884,359101576764722,3,1,40,223.25,0.31,5.3,2,57
49dc2ce3-76ef-4d7b-90cb-699ecc8da8cc,Stephen Wade Nissan,DVD24884,359812099576572,4,2,59,240.28,0.093,3.9,1,60
49dc2ce3-76ef-4d7b-90cb-699ecc8da8cc,Stephen Wade Nissan,DVD24884,358941347509889,0,2,33,198.59,0.071,4.8,2,44
49dc2ce3-76ef-4d7b-90cb-699ecc8da8cc,Stephen Wade Nissan,DVD24884,358645652203684,0,1,69,172.95,0.222,6.5,1,30
49dc2ce3-76ef-4d7b-90cb-699ecc8da8cc,Stephen Wade Nissan,DVD24884,359951542144773,4,1,45,307.54,0.168,7.5,6,90
49dc2ce3-76ef-4d7b-90cb-699ecc8da8cc,Stephen Wade Nissan,DVD24884,352449134213882,3,2,42,179.17,0.12,5.1,0,42
49dc2ce3-76ef-4d7b-90cb-699ecc8da8cc,Stephen Wade Nissan,DVD24884,350908830705349,4,1,78,192.24,0.206,6.7,4,73
49dc2ce3-76ef-4d7b-90cb-699ecc8da8cc,Stephen Wade Nissan,DVD24884,356782741176741,3,0,64,159.81,0.05,4.1,0,60
49dc2ce3-76ef-4d7b-90cb-699ecc8da8cc,Stephen Wade Nissan,DVD24884,352415131528547,3,1,4,189.06,0.014,1.4,1,75
49dc2ce3-76ef-4d7b-90cb-699ecc8da8cc,Stephen Wade Nissan,DVD24884,358150618538003,7,0,71,237.85,0.255,2.1,1,72
49dc2ce3-76ef-4d7b-90cb-699ecc8da8cc,Stephen Wade Nissan,DVD24884,352963347272742,4,0,61,163.48,0.263,4.1,0,54
49dc2ce3-76ef-4d7b-90cb-699ecc8da8cc,Stephen Wade Nissan,DVD24884,353183061789320,2,1,110,53.49,0.065,6.1,1,42
49dc2ce3-76ef-4d7b-90cb-699ecc8da8cc,Stephen Wade Nissan,DVD24884,356496935782434,2,2,63,210.81,0.293,4.1,1,35
49dc2ce3-76ef-4d7b-90cb-699ecc8da8cc,Stephen Wade Nissan,DVD24884,357769587413146,5,0,39,115.3,0.335,6.9,1,69
49dc2ce3-76ef-4d7b-90cb-699ecc8da8cc,Stephen Wade Nissan,DVD24884,357536127515627,1,0,29,224.51,0.064,8.2,2,58
49dc2ce3-76ef-4d7b-90cb-699ecc8da8cc,Stephen Wade Nissan,DVD24884,357963044836085,5,0,9,179.92,0.275,2.7,2,85
49dc2ce3-76ef-4d7b-90cb-699ecc8da8cc,Stephen Wade Nissan,DVD24884,354566766404735,7,2,50,236.59,0.318,8.7,0,58
49dc2ce3-76ef-4d7b-90cb-699ecc8da8cc,Stephen Wade Nissan,DVD24884,350476392831995,2,0,25,123.1,0.1,1.2,0,53
49dc2ce3-76ef-4d7b-90cb-699ecc8da8cc,Stephen Wade Nissan,DVD24884,352980061558108,2,1,121,147.89,0.225,8.2,0,31
49dc2ce3-76ef-4d7b-90cb-699ecc8da8cc,Stephen Wade Nissan,DVD24884,353583286342556,3,2,52,159.6,0.092,4.4,2,49
49dc2ce3-76ef-4d7b-90cb-699ecc8da8cc,Stephen Wade Nissan,DVD24884,353830008186702,2,3,19,91.06,0.245,4.0,3,47
49dc2ce3-76ef-4d7b-90cb-699ecc8da8cc,Stephen Wade Nissan,DVD24884,354403304166241,0,2,7,246.69,0.063,4.5,2,44
49dc2ce3-76ef-4d7b-90cb-699ecc8da8cc,Stephen Wade Nissan,DVD24884,351186008921963,0,3,10,82.47,0.402,2.9,1,30
49dc2ce3-76ef-4d7b-90cb-699ecc8da8cc,Stephen Wade Nissan,DVD24884,359456804473149,1,1,67,245.84,0.213,7.5,0,28
49dc2ce3-76ef-4d7b-90cb-699ecc8da8cc,Stephen Wade Nissan,DVD24884,357646136847488,3,0,131,205.46,0.225,3.1,0,37
49dc2ce3-76ef-4d7b-90cb-699ecc8da8cc,Stephen Wade Nissan,DVD24884,353607658173906,1,1,77,168.07,0.051,3.4,1,42
49dc2ce3-76ef-4d7b-90cb-699ecc8da8cc,Stephen Wade Nissan,DVD24884,353757914521182,4,1,46,200.71,0.192,1.7,3,83
49dc2ce3-76ef-4d7b-90cb-699ecc8da8cc,Stephen Wade Nissan,DVD24884,353793126978930,3,2,181,199.06,0.377,3.0,1,46
49dc2ce3-76ef-4d7b-90cb-699ecc8da8cc,Stephen Wade Nissan,DVD24884,357464520599604,4,0,89,155.97,0.093,3.1,1,58
49dc2ce3-76ef-4d7b-90cb-699ecc8da8cc,Stephen Wade Nissan,DVD24884,353878753577881,4,2,63,197.89,0.506,3.0,0,34
49dc2ce3-76ef-4d7b-90cb-699ecc8da8cc,Stephen Wade Nissan,DVD24884,351616202812371,4,0,38,223.87,0.233,4.1,1,68
49dc2ce3-76ef-4d7b-90cb-699ecc8da8cc,Stephen Wade Nissan,DVD24884,350672872866041,6,1,136,123.32,0.232,2.3,2,68
49dc2ce3-76ef-4d7b-90cb-699ecc8da8cc,Stephen Wade Nissan,DVD24884,356448595922483,1,0,41,200.77,0.167,7.7,1,52
49dc2ce3-76ef-4d7b-90cb-699ecc8da8cc,Stephen Wade Nissan,DVD24884,359589477352287,2,1,25,25.0,0.115,4.2,0,38
49dc2ce3-76ef-4d7b-90cb-699ecc8da8cc,Stephen Wade Nissan,DVD24884,350562271043318,3,0,48,64.22,0.094,5.2,1,64
49dc2ce3-76ef-4d7b-90cb-699ecc8da8cc,Stephen Wade Nissan,DVD24884,357510979215835,6,2,56,213.87,0.188,6.2,1,66
49dc2ce3-76ef-4d7b-90cb-699ecc8da8cc,Stephen Wade Nissan,DVD24884,350344694596488,4,2,95,154.93,0.218,8.5,1,50
49dc2ce3-76ef-4d7b-90cb-699ecc8da8cc,Stephen Wade Nissan,DVD24884,353192134249128,1,0,24,128.79,0.215,6.3,3,61
49dc2ce3-76ef-4d7b-90cb-699ecc8da8cc,Stephen Wade Nissan,DVD24884,359659994973203,0,3,29,176.82,0.381,4.0,0,21
49dc2ce3-76ef-4d7b-90cb-699ecc8da8cc,Stephen Wade Nissan,DVD24884,353192227051028,6,2,30,156.24,0.247,2.4,2,66
49dc2ce3-76ef-4d7b-90cb-699ecc8da8cc,Stephen Wade Nissan,DVD24884,357675481386667,3,1,46,120.68,0.111,5.2,0,42
49dc2ce3-76ef-4d7b-90cb-699ecc8da8cc,Stephen Wade Nissan,DVD24884,355485819324268,1,0,19,81.66,0.254,6.6,2,55
49dc2ce3-76ef-4d7b-90cb-699ecc8da8cc,Stephen Wade Nissan,DVD24884,357741865205756,1,2,120,61.91,0.135,4.8,0,23
49dc2ce3-76ef-4d7b-90cb-699ecc8da8cc,Stephen Wade Nissan,DVD24884,353983652037583,4,2,10,224.33,0.043,4.6,3,87
49dc2ce3-76ef-4d7b-90cb-699ecc8da8cc,Stephen Wade Nissan,DVD24884,350945154809404,2,2,138,154.65,0.087,4.9,0,29
49dc2ce3-76ef-4d7b-90cb-699ecc8da8cc,Stephen Wade Nissan,DVD24884,357604409079772,3,1,88,238.17,0.136,0.8,2,56
49dc2ce3-76ef-4d7b-90cb-699ecc8da8cc,Stephen Wade Nissan,DVD24884,357810509222161,6,2,23,154.04,0.043,4.8,2,82
49dc2ce3-76ef-4d7b-90cb-699ecc8da8cc,Stephen Wade Nissan,DVD24884,350705184390552,1,1,43,201.3,0.23,6.0,3,55
49dc2ce3-76ef-4d7b-90cb-699ecc8da8cc,Stephen Wade Nissan,DVD24884,359580660138241,4,2,26,172.48,0.069,4.4,2,59
49dc2ce3-76ef-4d7b-90cb-699ecc8da8cc,Stephen Wade Nissan,DVD24884,352704938620448,3,2,89,182.67,0.088,6.7,2,58
49dc2ce3-76ef-4d7b-90cb-699ecc8da8cc,Stephen Wade Nissan,DVD24884,355157919711121,1,0,129,185.58,0.186,6.8,1,43
49dc2ce3-76ef-4d7b-90cb-699ecc8da8cc,Stephen Wade Nissan,DVD24884,352590203571343,2,0,292,153.26,0.192,3.5,1,33
49dc2ce3-76ef-4d7b-90cb-699ecc8da8cc,Stephen Wade Nissan,DVD24884,352406424295633,3,1,73,106.22,0.067,5.4,2,56
49dc2ce3-76ef-4d7b-90cb-699ecc8da8cc,Stephen Wade Nissan,DVD24884,354324474175955,2,0,11,225.97,0.101,4.6,3,80
49dc2ce3-76ef-4d7b-90cb-699ecc8da8cc,Stephen Wade Nissan,DVD24884,358720962893654,1,1,21,275.61,0.242,0.4,1,46
49dc2ce3-76ef-4d7b-90cb-699ecc8da8cc,Stephen Wade Nissan,DVD24884,353588418343740,1,1,71,279.55,0.262,4.1,1,37
49dc2ce3-76ef-4d7b-90cb-699ecc8da8cc,Stephen Wade Nissan,DVD24884,351827279559690,1,1,44,146.8,0.267,2.4,4,66
49dc2ce3-76ef-4d7b-90cb-699ecc8da8cc,Stephen Wade Nissan,DVD24884,355150267551254,1,1,87,136.01,0.025,4.8,1,36
49dc2ce3-76ef-4d7b-90cb-699ecc8da8cc,Stephen Wade Nissan,DVD24884,352782079799667,4,2,64,146.74,0.038,5.9,2,46
49dc2ce3-76ef-4d7b-90cb-699ecc8da8cc,Stephen Wade Nissan,DVD24884,353459576403816,2,2,23,169.45,0.093,4.1,1,51
49dc2ce3-76ef-4d7b-90cb-699ecc8da8cc,Stephen Wade Nissan,DVD24884,356496902824983,2,1,39,176.85,0.261,2.7,2,63
49dc2ce3-76ef-4d7b-90cb-699ecc8da8cc,Stephen Wade Nissan,DVD24884,359225014257627,2,3,90,120.12,0.18,5.0,2,39
49dc2ce3-76ef-4d7b-90cb-699ecc8da8cc,Stephen Wade Nissan,DVD24884,350232441233613,4,1,67,91.22,0.05,9.4,1,61
49dc2ce3-76ef-4d7b-90cb-699ecc8da8cc,Stephen Wade Nissan,DVD24884,352850725178637,0,1,88,183.0,0.216,0.2,1,46
49dc2ce3-76ef-4d7b-90cb-699ecc8da8cc,Stephen Wade Nissan,DVD24884,356731625265469,2,0,15,25.0,0.127,5.0,1,60
49dc2ce3-76ef-4d7b-90cb-699ecc8da8cc,Stephen Wade Nissan,DVD24884,356815790392355,2,2,25,173.96,0.135,3.4,1,48
49dc2ce3-76ef-4d7b-90cb-699ecc8da8cc,Stephen Wade Nissan,DVD24884,355809961327303,3,3,115,123.32,0.129,3.6,1,47
49dc2ce3-76ef-4d7b-90cb-699ecc8da8cc,Stephen Wade Nissan,DVD24884,354615626244670,0,0,15,226.81,0.081,4.3,2,55
49dc2ce3-76ef-4d7b-90cb-699ecc8da8cc,Stephen Wade Nissan,DVD24884,354622681715160,1,0,84,242.86,0.425,3.8,3,62
49dc2ce3-76ef-4d7b-90cb-699ecc8da8cc,Stephen Wade Nissan,DVD24884,352529867076604,3,1,14,244.27,0.331,5.7,2,66
49dc2ce3-76ef-4d7b-90cb-699ecc8da8cc,Stephen Wade Nissan,DVD24884,356419785758512,0,3,55,159.21,0.039,4.0,0,20
49dc2ce3-76ef-4d7b-90cb-699ecc8da8cc,Stephen Wade Nissan,DVD24884,356861205943897,0,2,34,111.89,0.049,0.2,1,46
49dc2ce3-76ef-4d7b-90cb-699ecc8da8cc,Stephen Wade Nissan,DVD24884,356074017750954,3,0,23,131.12,0.191,7.1,1,54
49dc2ce3-76ef-4d7b-90cb-699ecc8da8cc,Stephen Wade Nissan,DVD24884,356540842456075,1,0,58,197.26,0.168,6.8,1,42
49dc2ce3-76ef-4d7b-90cb-699ecc8da8cc,Stephen Wade Nissan,DVD24884,354091508632181,1,3,111,81.25,0.088,3.3,1,30
49dc2ce3-76ef-4d7b-90cb-699ecc8da8cc,Stephen Wade Nissan,DVD24884,352276457938970,8,1,28,263.61,0.249,4.6,0,72
49dc2ce3-76ef-4d7b-90cb-699ecc8da8cc,Stephen Wade Nissan,DVD24884,351550291681546,6,1,5,160.16,0.143,6.9,1,75
49dc2ce3-76ef-4d7b-90cb-699ecc8da8cc,Stephen Wade Nissan,DVD24884,356024161394498,4,4,45,210.01,0.206,6.6,2,45
49dc2ce3-76ef-4d7b-90cb-699ecc8da8cc,Stephen Wade Nissan,DVD24884,358305973642480,6,1,23,73.11,0.113,7.2,1,63
49dc2ce3-76ef-4d7b-90cb-699ecc8da8cc,Stephen Wade Nissan,DVD24884,359624406306244,4,1,92,124.44,0.279,5.2,0,45
49dc2ce3-76ef-4d7b-90cb-699ecc8da8cc,Stephen Wade Nissan,DVD24884,357951330531949,1,0,34,65.66,0.261,6.0,2,63
49dc2ce3-76ef-4d7b-90cb-699ecc8da8cc,Stephen Wade Nissan,DVD24884,357969586780555,2,0,29,241.27,0.19,7.3,2,60
49dc2ce3-76ef-4d7b-90cb-699ecc8da8cc,Stephen Wade Nissan,DVD24884,355727738264609,3,0,38,170.39,0.158,3.8,1,68
49dc2ce3-76ef-4d7b-90cb-699ecc8da8cc,Stephen Wade Nissan,DVD24884,351785138544577,1,0,111,214.28,0.08,5.4,1,43
49dc2ce3-76ef-4d7b-90cb-699ecc8da8cc,Stephen Wade Nissan,DVD24884,350299295966048,3,1,70,183.8,0.289,0.2,1,60
49dc2ce3-76ef-4d7b-90cb-699ecc8da8cc,Stephen Wade Nissan,DVD24884,357368269116331,2,3,20,208.11,0.043,1.3,3,62
49dc2ce3-76ef-4d7b-90cb-699ecc8da8cc,Stephen Wade Nissan,DVD24884,359422686536945,3,1,15,159.75,0.397,5.5,2,66
49dc2ce3-76ef-4d7b-90cb-699ecc8da8cc,Stephen Wade Nissan,DVD24884,355158886367747,1,0,137,167.79,0.214,5.8,3,58
49dc2ce3-76ef-4d7b-90cb-699ecc8da8cc,Stephen Wade Nissan,DVD24884,352264085721696,0,1,28,174.5,0.245,3.7,1,39
49dc2ce3-76ef-4d7b-90cb-699ecc8da8cc,Stephen Wade Nissan,DVD24884,356630932998199,4,1,113,204.34,0.305,3.3,1,50
49dc2ce3-76ef-4d7b-90cb-699ecc8da8cc,Stephen Wade Nissan,DVD24884,356059329715096,7,3,44,205.93,0.378,3.8,5,87
49dc2ce3-76ef-4d7b-90cb-699ecc8da8cc,Stephen Wade Nissan,DVD24884,358832753273524,2,0,25,348.69,0.129,4.9,3,74
49dc2ce3-76ef-4d7b-90cb-699ecc8da8cc,Stephen Wade Nissan,DVD24884,351039773973278,6,2,27,280.9,0.153,0.0,3,83
49dc2ce3-76ef-4d7b-90cb-699ecc8da8cc,Stephen Wade Nissan,DVD24884,351952371006876,2,0,46,73.27,0.292,5.4,1,51
49dc2ce3-76ef-4d7b-90cb-699ecc8da8cc,Stephen Wade Nissan,DVD24884,351648198077046,1,2,5,171.41,0.237,4.6,0,27
49dc2ce3-76ef-4d7b-90cb-699ecc8da8cc,Stephen Wade Nissan,DVD24884,350568761124912,2,1,26,155.65,0.219,5.0,2,58
49dc2ce3-76ef-4d7b-90cb-699ecc8da8cc,Stephen Wade Nissan,DVD24884,355652373415177,3,0,171,256.81,0.065,4.3,3,75
49dc2ce3-76ef-4d7b-90cb-699ecc8da8cc,Stephen Wade Nissan,DVD24884,353454757494902,0,2,206,161.06,0.205,1.7,1,20
49dc2ce3-76ef-4d7b-90cb-699ecc8da8cc,Stephen Wade Nissan,DVD24884,352840359544294,1,1,28,207.86,0.037,2.3,2,64
49dc2ce3-76ef-4d7b-90cb-699ecc8da8cc,Stephen Wade Nissan,DVD24884,357742229464303,1,0,81,39.78,0.043,7.5,1,45
49dc2ce3-76ef-4d7b-90cb-699ecc8da8cc,Stephen Wade Nissan,DVD24884,359429045886792,2,1,68,89.18,0.25,3.2,4,72
49dc2ce3-76ef-4d7b-90cb-699ecc8da8cc,Stephen Wade Nissan,DVD24884,355298585672872,3,0,17,305.54,0.176,6.1,1,77
49dc2ce3-76ef-4d7b-90cb-699ecc8da8cc,Stephen Wade Nissan,DVD24884,357601534332491,1,2,82,183.01,0.207,2.3,1,34
49dc2ce3-76ef-4d7b-90cb-699ecc8da8cc,Stephen Wade Nissan,DVD24884,353577908335061,2,1,37,120.09,0.209,4.5,0,46
49dc2ce3-76ef-4d7b-90cb-699ecc8da8cc,Stephen Wade Nissan,DVD24884,355814888107983,4,1,53,194.57,0.38,3.6,0,45
49dc2ce3-76ef-4d7b-90cb-699ecc8da8cc,Stephen Wade Nissan,DVD24884,353423372094841,1,0,94,116.82,0.141,3.9,0,41
49dc2ce3-76ef-4d7b-90cb-699ecc8da8cc,Stephen Wade Nissan,DVD24884,353128403339977,3,1,39,163.0,0.128,3.8,3,88
49dc2ce3-76ef-4d7b-90cb-699ecc8da8cc,Stephen Wade Nissan,DVD24884,351805137171731,4,3,39,92.84,0.289,7.4,0,37
49dc2ce3-76ef-4d7b-90cb-699ecc8da8cc,Stephen Wade Nissan,DVD24884,358939749096173,2,0,76,132.68,0.056,8.4,2,52
49dc2ce3-76ef-4d7b-90cb-699ecc8da8cc,Stephen Wade Nissan,DVD24884,359970469472587,1,3,115,155.02,0.182,5.0,0,19
49dc2ce3-76ef-4d7b-90cb-699ecc8da8cc,Stephen Wade Nissan,DVD24884,358444835488471,4,1,73,247.24,0.125,3.7,2,78
49dc2ce3-76ef-4d7b-90cb-699ecc8da8cc,Stephen Wade Nissan,DVD24884,352705877221641,5,2,40,207.84,0.104,1.8,2,73
49dc2ce3-76ef-4d7b-90cb-699ecc8da8cc,Stephen Wade Nissan,DVD24884,357582313348458,2,2,107,218.31,0.169,1.7,1,46
49dc2ce3-76ef-4d7b-90cb-699ecc8da8cc,Stephen Wade Nissan,DVD24884,357149392523622,3,0,66,178.45,0.13,7.4,3,78
49dc2ce3-76ef-4d7b-90cb-699ecc8da8cc,Stephen Wade Nissan,DVD24884,359258796434745,3,3,133,229.37,0.069,1.6,1,46
49dc2ce3-76ef-4d7b-90cb-699ecc8da8cc,Stephen Wade Nissan,DVD24884,352455574696606,1,3,157,127.59,0.066,3.6,0,16
49dc2ce3-76ef-4d7b-90cb-699ecc8da8cc,Stephen Wade Nissan,DVD24884,350652740334450,3,0,72,136.04,0.15,4.8,3,74
49dc2ce3-76ef-4d7b-90cb-699ecc8da8cc,Stephen Wade Nissan,DVD24884,355665883398741,3,1,126,204.46,0.445,0.0,3,69
49dc2ce3-76ef-4d7b-90cb-699ecc8da8cc,Stephen Wade Nissan,DVD24884,351325797067349,1,1,129,163.25,0.117,2.0,1,50
49dc2ce3-76ef-4d7b-90cb-699ecc8da8cc,Stephen Wade Nissan,DVD24884,359601054857417,1,0,48,179.17,0.194,1.8,1,53
49dc2ce3-76ef-4d7b-90cb-699ecc8da8cc,Stephen Wade Nissan,DVD24884,352156229493817,2,3,129,170.15,0.187,3.2,4,54
49dc2ce3-76ef-4d7b-90cb-699ecc8da8cc,Stephen Wade Nissan,DVD24884,353598488402155,1,3,55,255.21,0.1,5.0,1,31
49dc2ce3-76ef-4d7b-90cb-699ecc8da8cc,Stephen Wade Nissan,DVD24884,357325737553449,6,0,88,258.33,0.29,6.6,1,67
49dc2ce3-76ef-4d7b-90cb-699ecc8da8cc,Stephen Wade Nissan,DVD24884,350216667080850,4,1,51,142.43,0.165,3.2,0,51
49dc2ce3-76ef-4d7b-90cb-699ecc8da8cc,Stephen Wade Nissan,DVD24884,359608587495119,5,1,12,74.41,0.171,3.6,2,79
49dc2ce3-76ef-4d7b-90cb-699ecc8da8cc,Stephen Wade Nissan,DVD24884,351818281979316,1,0,188,137.31,0.244,4.3,2,44
49dc2ce3-76ef-4d7b-90cb-699ecc8da8cc,Stephen Wade Nissan,DVD24884,354772512957860,1,2,85,126.18,0.162,2.9,2,47
49dc2ce3-76ef-4d7b-90cb-699ecc8da8cc,Stephen Wade Nissan,DVD24884,356940960035624,4,3,91,229.9,0.389,5.3,0,27
49dc2ce3-76ef-4d7b-90cb-699ecc8da8cc,Stephen Wade Nissan,DVD24884,353958739592323,5,1,59,235.23,0.193,5.4,2,73
49dc2ce3-76ef-4d7b-90cb-699ecc8da8cc,Stephen Wade Nissan,DVD24884,354210890285155,3,1,128,118.14,0.262,0.0,0,44
49dc2ce3-76ef-4d7b-90cb-699ecc8da8cc,Stephen Wade Nissan,DVD24884,353334264335027,3,2,47,134.73,0.348,5.8,0,26
49dc2ce3-76ef-4d7b-90cb-699ecc8da8cc,Stephen Wade Nissan,DVD24884,351607360776336,2,2,49,91.26,0.382,4.8,2,47
49dc2ce3-76ef-4d7b-90cb-699ecc8da8cc,Stephen Wade Nissan,DVD24884,359112898123179,3,0,20,188.06,0.03,5.0,2,69
49dc2ce3-76ef-4d7b-90cb-699ecc8da8cc,Stephen Wade Nissan,DVD24884,355563318574817,3,1,64,177.31,0.189,6.9,0,40
49dc2ce3-76ef-4d7b-90cb-699ecc8da8cc,Stephen Wade Nissan,DVD24884,350066615541643,2,2,124,227.35,0.166,0.9,1,40
49dc2ce3-76ef-4d7b-90cb-699ecc8da8cc,Stephen Wade Nissan,DVD24884,351670450232902,2,0,47,209.83,0.014,2.0,2,77
49dc2ce3-76ef-4d7b-90cb-699ecc8da8cc,Stephen Wade Nissan,DVD24884,358227009345962,2,2,17,216.61,0.055,4.4,3,69
49dc2ce3-76ef-4d7b-90cb-699ecc8da8cc,Stephen Wade Nissan,DVD24884,356228225120734,0,0,106,87.48,0.067,0.0,1,45
49dc2ce3-76ef-4d7b-90cb-699ecc8da8cc,Stephen Wade Nissan,DVD24884,356549500507026,1,3,76,142.42,0.063,4.1,6,76
49dc2ce3-76ef-4d7b-90cb-699ecc8da8cc,Stephen Wade Nissan,DVD24884,350869822105316,3,3,173,236.93,0.188,6.2,3,45
49dc2ce3-76ef-4d7b-90cb-699ecc8da8cc,Stephen Wade Nissan,DVD24884,351177687290477,1,2,27,147.69,0.134,5.3,2,57
49dc2ce3-76ef-4d7b-90cb-699ecc8da8cc,Stephen Wade Nissan,DVD24884,354258591779323,4,0,86,82.35,0.228,4.7,1,56
49dc2ce3-76ef-4d7b-90cb-699ecc8da8cc,Stephen Wade Nissan,DVD24884,358223116491334,0,1,17,228.48,0.164,4.0,0,34
49dc2ce3-76ef-4d7b-90cb-699ecc8da8cc,Stephen Wade Nissan,DVD24884,352457988942565,3,3,52,145.36,0.114,3.6,1,38
49dc2ce3-76ef-4d7b-90cb-699ecc8da8cc,Stephen Wade Nissan,DVD24884,352906032020326,2,0,60,243.76,0.199,3.5,2,64
49dc2ce3-76ef-4d7b-90cb-699ecc8da8cc,Stephen Wade Nissan,DVD24884,355097753967379,2,2,11,178.9,0.194,5.0,0,37
49dc2ce3-76ef-4d7b-90cb-699ecc8da8cc,Stephen Wade Nissan,DVD24884,354871485524578,1,1,117,163.37,0.128,1.4,1,37
49dc2ce3-76ef-4d7b-90cb-699ecc8da8cc,Stephen Wade Nissan,DVD24884,357158415608213,1,0,96,261.79,0.259,7.4,2,46
49dc2ce3-76ef-4d7b-90cb-699ecc8da8cc,Stephen Wade Nissan,DVD24884,357118425476818,2,2,76,101.84,0.138,3.0,4,68
49dc2ce3-76ef-4d7b-90cb-699ecc8da8cc,Stephen Wade Nissan,DVD24884,352683230358929,2,2,18,266.05,0.157,5.6,0,34
49dc2ce3-76ef-4d7b-90cb-699ecc8da8cc,Stephen Wade Nissan,DVD24884,358808583825212,1,1,29,141.64,0.162,4.7,1,50
49dc2ce3-76ef-4d7b-90cb-699ecc8da8cc,Stephen Wade Nissan,DVD24884,359328963406468,1,1,104,189.74,0.156,2.2,1,51
49dc2ce3-76ef-4d7b-90cb-699ecc8da8cc,Stephen Wade Nissan,DVD24884,356775240148439,1,1,52,190.31,0.241,7.1,4,62
49dc2ce3-76ef-4d7b-90cb-699ecc8da8cc,Stephen Wade Nissan,DVD24884,359106227236266,2,2,44,154.37,0.119,6.7,2,41
49dc2ce3-76ef-4d7b-90cb-699ecc8da8cc,Stephen Wade Nissan,DVD24884,359335134261923,1,2,126,134.27,0.192,1.4,0,21
49dc2ce3-76ef-4d7b-90cb-699ecc8da8cc,Stephen Wade Nissan,DVD24884,357245018481973,5,1,58,157.81,0.157,4.4,1,61
49dc2ce3-76ef-4d7b-90cb-699ecc8da8cc,Stephen Wade Nissan,DVD24884,357418972154064,0,2,19,119.13,0.289,4.9,1,34
49dc2ce3-76ef-4d7b-90cb-699ecc8da8cc,Stephen Wade Nissan,DVD24884,351769274381199,1,2,103,297.72,0.057,0.4,2,59
49dc2ce3-76ef-4d7b-90cb-699ecc8da8cc,Stephen Wade Nissan,DVD24884,355376601444856,0,2,17,151.13,0.267,0.3,0,33
49dc2ce3-76ef-4d7b-90cb-699ecc8da8cc,Stephen Wade Nissan,DVD24884,354510173973964,1,2,52,249.54,0.237,2.8,3,49
49dc2ce3-76ef-4d7b-90cb-699ecc8da8cc,Stephen Wade Nissan,DVD24884,351789969860919,1,0,65,241.63,0.105,1.9,0,48
49dc2ce3-76ef-4d7b-90cb-699ecc8da8cc,Stephen Wade Nissan,DVD24884,351911359966057,3,0,88,201.78,0.057,2.4,2,70
49dc2ce3-76ef-4d7b-90cb-699ecc8da8cc,Stephen Wade Nissan,DVD24884,357980660392051,2,2,13,171.86,0.143,1.9,1,40
49dc2ce3-76ef-4d7b-90cb-699ecc8da8cc,Stephen Wade Nissan,DVD24884,354607455534705,1,0,4,191.63,0.221,4.3,2,60
49dc2ce3-76ef-4d7b-90cb-699ecc8da8cc,Stephen Wade Nissan,DVD24884,357423885652715,2,2,4,214.33,0.145,2.7,2,56
49dc2ce3-76ef-4d7b-90cb-699ecc8da8cc,Stephen Wade Nissan,DVD24884,355983541165972,1,0,137,186.03,0.077,6.7,1,42
49dc2ce3-76ef-4d7b-90cb-699ecc8da8cc,Stephen Wade Nissan,DVD24884,356347557522501,2,0,11,86.0,0.178,4.9,1,66
49dc2ce3-76ef-4d7b-90cb-699ecc8da8cc,Stephen Wade Nissan,DVD24884,353948848826913,1,0,162,70.9,0.258,6.1,2,33
49dc2ce3-76ef-4d7b-90cb-699ecc8da8cc,Stephen Wade Nissan,DVD24884,351196425856261,2,1,111,270.54,0.04,1.1,1,52
49dc2ce3-76ef-4d7b-90cb-699ecc8da8cc,Stephen Wade Nissan,DVD24884,354991537038240,6,0,23,25.0,0.11,3.2,1,78
49dc2ce3-76ef-4d7b-90cb-699ecc8da8cc,Stephen Wade Nissan,DVD24884,357333373204309,4,1,6,191.74,0.164,4.8,1,59
49dc2ce3-76ef-4d7b-90cb-699ecc8da8cc,Stephen Wade Nissan,DVD24884,357768893628969,1,1,55,165.9,0.085,5.4,3,60
49dc2ce3-76ef-4d7b-90cb-699ecc8da8cc,Stephen Wade Nissan,DVD24884,356454655358512,4,0,34,189.65,0.166,3.2,3,82
49dc2ce3-76ef-4d7b-90cb-699ecc8da8cc,Stephen Wade Nissan,DVD24884,355389218785193,3,0,128,111.6,0.435,3.5,3,66
49dc2ce3-76ef-4d7b-90cb-699ecc8da8cc,Stephen Wade Nissan,DVD24884,355837490797796,1,3,64,201.04,0.461,3.7,1,18
49dc2ce3-76ef-4d7b-90cb-699ecc8da8cc,Stephen Wade Nissan,DVD24884,351208780572151,2,3,52,192.36,0.233,3.9,1,40
49dc2ce3-76ef-4d7b-90cb-699ecc8da8cc,Stephen Wade Nissan,DVD24884,354940976263748,6,4,44,345.66,0.163,8.8,2,59
49dc2ce3-76ef-4d7b-90cb-699ecc8da8cc,Stephen Wade Nissan,DVD24884,354539862895090,5,1,88,187.8,0.312,5.1,2,65
49dc2ce3-76ef-4d7b-90cb-699ecc8da8cc,Stephen Wade Nissan,DVD24884,355911918623392,1,0,49,260.89,0.177,4.6,0,48
49dc2ce3-76ef-4d7b-90cb-699ecc8da8cc,Stephen Wade Nissan,DVD24884,352071511696667,4,1,184,90.08,0.175,2.0,2,51
49dc2ce3-76ef-4d7b-90cb-699ecc8da8cc,Stephen Wade Nissan,DVD24884,352521452647124,3,1,10,241.21,0.022,2.0,1,77
49dc2ce3-76ef-4d7b-90cb-699ecc8da8cc,Stephen Wade Nissan,DVD24884,356335157184090,0,0,40,193.58,0.268,4.1,5,79
49dc2ce3-76ef-4d7b-90cb-699ecc8da8cc,Stephen Wade Nissan,DVD24884,358051208005640,3,0,79,196.18,0.094,6.8,5,84
49dc2ce3-76ef-4d7b-90cb-699ecc8da8cc,Stephen Wade Nissan,DVD24884,359951239728351,2,1,71,197.01,0.31,4.1,1,48
49dc2ce3-76ef-4d7b-90cb-699ecc8da8cc,Stephen Wade Nissan,DVD24884,352959272827090,4,1,183,282.38,0.089,4.2,3,63
49dc2ce3-76ef-4d7b-90cb-699ecc8da8cc,Stephen Wade Nissan,DVD24884,358144152982173,1,3,27,195.31,0.124,3.0,1,38
49dc2ce3-76ef-4d7b-90cb-699ecc8da8cc,Stephen Wade Nissan,DVD24884,359295786718153,1,0,1,132.95,0.082,1.0,2,71
49dc2ce3-76ef-4d7b-90cb-699ecc8da8cc,Stephen Wade Nissan,DVD24884,355237360507918,3,2,105,143.04,0.076,5.4,3,61
49dc2ce3-76ef-4d7b-90cb-699ecc8da8cc,Stephen Wade Nissan,DVD24884,351589988683452,3,2,62,229.03,0.158,4.0,0,44
49dc2ce3-76ef-4d7b-90cb-699ecc8da8cc,Stephen Wade Nissan,DVD24884,357346666170715,4,1,106,206.85,0.31,5.4,0,35
49dc2ce3-76ef-4d7b-90cb-699ecc8da8cc,Stephen Wade Nissan,DVD24884,358796474080314,2,0,69,88.17,0.04,4.8,1,62
49dc2ce3-76ef-4d7b-90cb-699ecc8da8cc,Stephen Wade Nissan,DVD24884,359982508004635,5,3,3,210.88,0.152,2.6,2,72
49dc2ce3-76ef-4d7b-90cb-699ecc8da8cc,Stephen Wade Nissan,DVD24884,358068828503172,3,2,72,115.06,0.203,5.0,2,56
49dc2ce3-76ef-4d7b-90cb-699ecc8da8cc,Stephen Wade Nissan,DVD24884,353513739900631,6,1,27,206.3,0.138,1.9,0,68
49dc2ce3-76ef-4d7b-90cb-699ecc8da8cc,Stephen Wade Nissan,DVD24884,354035263560229,2,2,40,131.67,0.185,4.9,0,38
49dc2ce3-76ef-4d7b-90cb-699ecc8da8cc,Stephen Wade Nissan,DVD24884,353946943460666,5,0,47,163.11,0.224,4.4,2,76
49dc2ce3-76ef-4d7b-90cb-699ecc8da8cc,Stephen Wade Nissan,DVD24884,354374906072311,2,2,17,147.31,0.093,7.6,0,37
49dc2ce3-76ef-4d7b-90cb-699ecc8da8cc,Stephen Wade Nissan,DVD24884,351271285246484,5,2,26,271.13,0.051,2.8,1,74
49dc2ce3-76ef-4d7b-90cb-699ecc8da8cc,Stephen Wade Nissan,DVD24884,354941163187328,0,1,92,204.11,0.21,1.8,3,57
49dc2ce3-76ef-4d7b-90cb-699ecc8da8cc,Stephen Wade Nissan,DVD24884,350771130621136,2,0,92,255.67,0.275,3.7,1,61
49dc2ce3-76ef-4d7b-90cb-699ecc8da8cc,Stephen Wade Nissan,DVD24884,359572790833509,0,0,9,353.71,0.041,5.7,4,77
49dc2ce3-76ef-4d7b-90cb-699ecc8da8cc,Stephen Wade Nissan,DVD24884,350254257306624,3,2,63,182.81,0.077,0.0,3,70
49dc2ce3-76ef-4d7b-90cb-699ecc8da8cc,Stephen Wade Nissan,DVD24884,358132357071398,3,0,100,270.12,0.152,6.3,0,50
49dc2ce3-76ef-4d7b-90cb-699ecc8da8cc,Stephen Wade Nissan,DVD24884,354822850116880,0,2,58,138.03,0.168,4.1,1,33
49dc2ce3-76ef-4d7b-90cb-699ecc8da8cc,Stephen Wade Nissan,DVD24884,359255021306090,1,2,65,255.29,0.052,2.2,2,52
49dc2ce3-76ef-4d7b-90cb-699ecc8da8cc,Stephen Wade Nissan,DVD24884,356913098107964,2,1,10,131.55,0.282,3.8,1,41
49dc2ce3-76ef-4d7b-90cb-699ecc8da8cc,Stephen Wade Nissan,DVD24884,359673794577278,3,1,124,178.9,0.072,3.0,2,55
49dc2ce3-76ef-4d7b-90cb-699ecc8da8cc,Stephen Wade Nissan,DVD24884,355324264250642,1,0,19,212.21,0.046,2.0,0,54
49dc2ce3-76ef-4d7b-90cb-699ecc8da8cc,Stephen Wade Nissan,DVD24884,350768362536667,4,0,38,221.65,0.092,0.6,2,81
49dc2ce3-76ef-4d7b-90cb-699ecc8da8cc,Stephen Wade Nissan,DVD24884,357767555628333,4,0,100,103.65,0.137,6.0,1,65
49dc2ce3-76ef-4d7b-90cb-699ecc8da8cc,Stephen Wade Nissan,DVD24884,353939578654362,4,3,155,127.98,0.226,3.4,1,41
49dc2ce3-76ef-4d7b-90cb-699ecc8da8cc,Stephen Wade Nissan,DVD24884,357187496033582,4,1,41,216.69,0.278,3.7,1,62
49dc2ce3-76ef-4d7b-90cb-699ecc8da8cc,Stephen Wade Nissan,DVD24884,356862703692492,1,1,214,157.94,0.286,6.2,2,34
49dc2ce3-76ef-4d7b-90cb-699ecc8da8cc,Stephen Wade Nissan,DVD24884,356932657327599,1,2,59,96.16,0.176,4.6,2,46
49dc2ce3-76ef-4d7b-90cb-699ecc8da8cc,Stephen Wade Nissan,DVD24884,358011100051553,4,2,54,175.74,0.176,1.4,0,50
49dc2ce3-76ef-4d7b-90cb-699ecc8da8cc,Stephen Wade Nissan,DVD24884,352341595977524,2,0,21,172.86,0.183,5.8,2,60
49dc2ce3-76ef-4d7b-90cb-699ecc8da8cc,Stephen Wade Nissan,DVD24884,354182226189628,1,2,39,190.61,0.155,7.5,1,37
49dc2ce3-76ef-4d7b-90cb-699ecc8da8cc,Stephen Wade Nissan,DVD24884,358743127102676,2,1,63,211.75,0.102,5.5,0,41
49dc2ce3-76ef-4d7b-90cb-699ecc8da8cc,Stephen Wade Nissan,DVD24884,357209579927079,3,1,80,207.94,0.024,2.8,2,67
49dc2ce3-76ef-4d7b-90cb-699ecc8da8cc,Stephen Wade Nissan,DVD24884,355515122946213,2,0,77,133.91,0.341,1.6,3,68
49dc2ce3-76ef-4d7b-90cb-699ecc8da8cc,Stephen Wade Nissan,DVD24884,355415970996254,2,1,36,155.35,0.086,2.7,4,77
49dc2ce3-76ef-4d7b-90cb-699ecc8da8cc,Stephen Wade Nissan,DVD24884,353848075203447,2,1,136,235.67,0.19,4.7,2,47
49dc2ce3-76ef-4d7b-90cb-699ecc8da8cc,Stephen Wade Nissan,DVD24884,356504715802909,0,0,56,147.41,0.151,7.4,3,59
49dc2ce3-76ef-4d7b-90cb-699ecc8da8cc,Stephen Wade Nissan,DVD24884,350463766046558,3,2,53,156.29,0.153,3.0,2,58
49dc2ce3-76ef-4d7b-90cb-699ecc8da8cc,Stephen Wade Nissan,DVD24884,356652548374417,1,1,20,89.74,0.123,3.2,0,36
49dc2ce3-76ef-4d7b-90cb-699ecc8da8cc,Stephen Wade Nissan,DVD24884,351581021312512,3,1,86,178.28,0.172,6.5,0,39
49dc2ce3-76ef-4d7b-90cb-699ecc8da8cc,Stephen Wade Nissan,DVD24884,359311005912975,3,2,50,200.72,0.334,3.6,1,38
49dc2ce3-76ef-4d7b-90cb-699ecc8da8cc,Stephen Wade Nissan,DVD24884,351910231211063,2,3,42,61.47,0.181,7.9,1,26
49dc2ce3-76ef-4d7b-90cb-699ecc8da8cc,Stephen Wade Nissan,DVD24884,353016583737927,1,2,14,115.78,0.219,4.2,0,30
49dc2ce3-76ef-4d7b-90cb-699ecc8da8cc,Stephen Wade Nissan,DVD24884,354907280123428,6,0,15,94.7,0.057,6.8,1,70
49dc2ce3-76ef-4d7b-90cb-699ecc8da8cc,Stephen Wade Nissan,DVD24884,359311325326949,3,0,69,227.3,0.383,5.3,1,61
49dc2ce3-76ef-4d7b-90cb-699ecc8da8cc,Stephen Wade Nissan,DVD24884,356843645380442,2,1,150,65.26,0.21,5.9,3,58
49dc2ce3-76ef-4d7b-90cb-699ecc8da8cc,Stephen Wade Nissan,DVD24884,351017509617015,1,1,44,175.28,0.233,4.1,3,63
49dc2ce3-76ef-4d7b-90cb-699ecc8da8cc,Stephen Wade Nissan,DVD24884,359591945757574,2,0,44,223.07,0.154,4.3,1,59
49dc2ce3-76ef-4d7b-90cb-699ecc8da8cc,Stephen Wade Nissan,DVD24884,357583392056775,0,1,87,191.27,0.536,5.3,3,53
49dc2ce3-76ef-4d7b-90cb-699ecc8da8cc,Stephen Wade Nissan,DVD24884,356777226602562,5,0,121,153.6,0.218,6.1,0,48
49dc2ce3-76ef-4d7b-90cb-699ecc8da8cc,Stephen Wade Nissan,DVD24884,356506229231067,5,1,33,200.79,0.104,5.6,2,79
49dc2ce3-76ef-4d7b-90cb-699ecc8da8cc,Stephen Wade Nissan,DVD24884,352453076248433,5,2,20,242.22,0.073,1.0,1,71
49dc2ce3-76ef-4d7b-90cb-699ecc8da8cc,Stephen Wade Nissan,DVD24884,357976627051157,0,0,49,173.54,0.032,5.0,1,45
49dc2ce3-76ef-4d7b-90cb-699ecc8da8cc,Stephen Wade Nissan,DVD24884,359423873670425,3,1,76,45.66,0.244,3.2,3,57
49dc2ce3-76ef-4d7b-90cb-699ecc8da8cc,Stephen Wade Nissan,DVD24884,354969192845525,0,0,4,248.86,0.118,3.4,0,45
49dc2ce3-76ef-4d7b-90cb-699ecc8da8cc,Stephen Wade Nissan,DVD24884,359710756335357,2,3,37,204.02,0.251,5.4,1,34
49dc2ce3-76ef-4d7b-90cb-699ecc8da8cc,Stephen Wade Nissan,DVD24884,354859532593993,3,0,45,178.02,0.316,7.9,1,57
49dc2ce3-76ef-4d7b-90cb-699ecc8da8cc,Stephen Wade Nissan,DVD24884,353797058162951,2,1,41,61.18,0.133,4.0,1,44
49dc2ce3-76ef-4d7b-90cb-699ecc8da8cc,Stephen Wade Nissan,DVD24884,358779417634250,0,0,13,162.1,0.054,8.4,1,43
49dc2ce3-76ef-4d7b-90cb-699ecc8da8cc,Stephen Wade Nissan,DVD24884,357330559782457,0,0,37,127.47,0.408,2.3,4,70
49dc2ce3-76ef-4d7b-90cb-699ecc8da8cc,Stephen Wade Nissan,DVD24884,355983399140388,4,0,46,107.02,0.145,7.0,0,49
49dc2ce3-76ef-4d7b-90cb-699ecc8da8cc,Stephen Wade Nissan,DVD24884,354366044324006,5,1,23,171.81,0.296,5.4,1,60
49dc2ce3-76ef-4d7b-90cb-699ecc8da8cc,Stephen Wade Nissan,DVD24884,351572768297514,0,1,64,147.84,0.112,4.9,4,69
49dc2ce3-76ef-4d7b-90cb-699ecc8da8cc,Stephen Wade Nissan,DVD24884,357439742925010,1,1,96,151.79,0.065,7.3,1,25
49dc2ce3-76ef-4d7b-90cb-699ecc8da8cc,Stephen Wade Nissan,DVD24884,355875256806562,5,3,98,224.38,0.221,3.2,3,78
49dc2ce3-76ef-4d7b-90cb-699ecc8da8cc,Stephen Wade Nissan,DVD24884,355904599080271,1,2,29,195.33,0.171,7.1,0,28
49dc2ce3-76ef-4d7b-90cb-699ecc8da8cc,Stephen Wade Nissan,DVD24884,351221823155516,6,1,75,150.27,0.208,4.1,2,71
49dc2ce3-76ef-4d7b-90cb-699ecc8da8cc,Stephen Wade Nissan,DVD24884,355176808662813,1,1,71,142.66,0.094,3.2,3,63
49dc2ce3-76ef-4d7b-90cb-699ecc8da8cc,Stephen Wade Nissan,DVD24884,357214330800370,2,2,173,152.71,0.092,1.8,2,37
49dc2ce3-76ef-4d7b-90cb-699ecc8da8cc,Stephen Wade Nissan,DVD24884,350332285566084,3,2,75,165.15,0.386,7.7,1,35
49dc2ce3-76ef-4d7b-90cb-699ecc8da8cc,Stephen Wade Nissan,DVD24884,357068103903397,1,1,79,215.04,0.354,6.8,2,40
49dc2ce3-76ef-4d7b-90cb-699ecc8da8cc,Stephen Wade Nissan,DVD24884,350519582632809,2,1,110,117.45,0.148,3.5,1,48
49dc2ce3-76ef-4d7b-90cb-699ecc8da8cc,Stephen Wade Nissan,DVD24884,354485862394535,0,3,16,267.51,0.046,5.6,2,35
49dc2ce3-76ef-4d7b-90cb-699ecc8da8cc,Stephen Wade Nissan,DVD24884,354614707986321,0,2,54,215.09,0.089,4.8,1,43
49dc2ce3-76ef-4d7b-90cb-699ecc8da8cc,Stephen Wade Nissan,DVD24884,350613394394570,2,0,157,25.0,0.11,3.8,1,43
49dc2ce3-76ef-4d7b-90cb-699ecc8da8cc,Stephen Wade Nissan,DVD24884,353943804032537,1,1,159,185.12,0.276,6.4,2,32
49dc2ce3-76ef-4d7b-90cb-699ecc8da8cc,Stephen Wade Nissan,DVD24884,356576927789431,5,2,37,242.44,0.14,3.2,1,62
49dc2ce3-76ef-4d7b-90cb-699ecc8da8cc,Stephen Wade Nissan,DVD24884,359100900404769,2,2,154,203.32,0.161,0.1,0,31
49dc2ce3-76ef-4d7b-90cb-699ecc8da8cc,Stephen Wade Nissan,DVD24884,352105336514604,1,3,42,155.26,0.116,5.0,0,25
49dc2ce3-76ef-4d7b-90cb-699ecc8da8cc,Stephen Wade Nissan,DVD24884,350142473107201,5,0,65,176.33,0.082,4.6,0,69
49dc2ce3-76ef-4d7b-90cb-699ecc8da8cc,Stephen Wade Nissan,DVD24884,351379844097123,4,1,10,190.7,0.298,3.3,3,75
49dc2ce3-76ef-4d7b-90cb-699ecc8da8cc,Stephen Wade Nissan,DVD24884,351660076762090,1,0,132,226.18,0.437,2.7,1,44
49dc2ce3-76ef-4d7b-90cb-699ecc8da8cc,Stephen Wade Nissan,DVD24884,351447340433700,2,0,40,95.09,0.316,1.4,2,59
49dc2ce3-76ef-4d7b-90cb-699ecc8da8cc,Stephen Wade Nissan,DVD24884,359687304519577,1,2,13,143.7,0.174,3.8,0,37
49dc2ce3-76ef-4d7b-90cb-699ecc8da8cc,Stephen Wade Nissan,DVD24884,358255882556296,2,2,47,278.31,0.22,2.7,1,48
49dc2ce3-76ef-4d7b-90cb-699ecc8da8cc,Stephen Wade Nissan,DVD24884,355754278656194,2,0,2,181.98,0.051,6.4,2,75
49dc2ce3-76ef-4d7b-90cb-699ecc8da8cc,Stephen Wade Nissan,DVD24884,352557782058295,1,1,84,271.67,0.123,5.5,2,49
49dc2ce3-76ef-4d7b-90cb-699ecc8da8cc,Stephen Wade Nissan,DVD24884,358292361618808,2,1,116,359.14,0.095,3.5,1,51
49dc2ce3-76ef-4d7b-90cb-699ecc8da8cc,Stephen Wade Nissan,DVD24884,351904823571558,4,1,21,150.48,0.186,5.5,0,57
49dc2ce3-76ef-4d7b-90cb-699ecc8da8cc,Stephen Wade Nissan,DVD24884,356863956137230,3,1,20,108.16,0.136,4.3,2,66
49dc2ce3-76ef-4d7b-90cb-699ecc8da8cc,Stephen Wade Nissan,DVD24884,358172143643813,3,2,79,164.07,0.182,4.0,2,47
49dc2ce3-76ef-4d7b-90cb-699ecc8da8cc,Stephen Wade Nissan,DVD24884,350004132114716,2,2,87,245.94,0.143,4.4,2,54
49dc2ce3-76ef-4d7b-90cb-699ecc8da8cc,Stephen Wade Nissan,DVD24884,355609456534699,3,0,30,254.33,0.041,8.0,1,60
49dc2ce3-76ef-4d7b-90cb-699ecc8da8cc,Stephen Wade Nissan,DVD24884,357990707550476,2,1,24,316.32,0.141,5.8,2,69
49dc2ce3-76ef-4d7b-90cb-699ecc8da8cc,Stephen Wade Nissan,DVD24884,358169957060717,3,2,102,177.79,0.071,3.9,2,57
49dc2ce3-76ef-4d7b-90cb-699ecc8da8cc,Stephen Wade Nissan,DVD24884,354811317653970,1,2,12,209.28,0.145,6.3,0,45
49dc2ce3-76ef-4d7b-90cb-699ecc8da8cc,Stephen Wade Nissan,DVD24884,355487396102908,2,2,35,137.29,0.24,6.2,1,42
49dc2ce3-76ef-4d7b-90cb-699ecc8da8cc,Stephen Wade Nissan,DVD24884,357182749680491,2,4,23,29.58,0.129,5.0,1,36
49dc2ce3-76ef-4d7b-90cb-699ecc8da8cc,Stephen Wade Nissan,DVD24884,358727420495612,0,1,79,177.62,0.191,3.8,2,48
49dc2ce3-76ef-4d7b-90cb-699ecc8da8cc,Stephen Wade Nissan,DVD24884,351377306260423,2,0,25,110.77,0.108,3.7,0,44
49dc2ce3-76ef-4d7b-90cb-699ecc8da8cc,Stephen Wade Nissan,DVD24884,355973711222990,3,1,111,218.6,0.046,2.3,0,47
49dc2ce3-76ef-4d7b-90cb-699ecc8da8cc,Stephen Wade Nissan,DVD24884,357756085816704,1,6,34,67.12,0.131,4.9,3,41
49dc2ce3-76ef-4d7b-90cb-699ecc8da8cc,Stephen Wade Nissan,DVD24884,356861114576832,1,2,69,135.64,0.079,3.3,2,54
49dc2ce3-76ef-4d7b-90cb-699ecc8da8cc,Stephen Wade Nissan,DVD24884,351021923785847,4,0,25,196.06,0.085,3.6,2,87
49dc2ce3-76ef-4d7b-90cb-699ecc8da8cc,Stephen Wade Nissan,DVD24884,351296180332426,3,0,59,202.34,0.069,5.7,2,63
49dc2ce3-76ef-4d7b-90cb-699ecc8da8cc,Stephen Wade Nissan,DVD24884,350508018498042,1,1,28,177.15,0.219,7.9,2,43
49dc2ce3-76ef-4d7b-90cb-699ecc8da8cc,Stephen Wade Nissan,DVD24884,355373377731268,3,2,19,292.04,0.305,5.2,1,46
49dc2ce3-76ef-4d7b-90cb-699ecc8da8cc,Stephen Wade Nissan,DVD24884,358122821781923,3,4,86,274.17,0.361,4.3,0,21
49dc2ce3-76ef-4d7b-90cb-699ecc8da8cc,Stephen Wade Nissan,DVD24884,356534606056035,0,1,25,138.94,0.089,4.5,2,51
49dc2ce3-76ef-4d7b-90cb-699ecc8da8cc,Stephen Wade Nissan,DVD24884,356793279862398,5,0,25,276.56,0.083,6.8,0,64
49dc2ce3-76ef-4d7b-90cb-699ecc8da8cc,Stephen Wade Nissan,DVD24884,354716906181205,2,1,55,285.73,0.231,5.3,0,43
49dc2ce3-76ef-4d7b-90cb-699ecc8da8cc,Stephen Wade Nissan,DVD24884,354647548954787,3,1,63,172.57,0.202,4.9,2,67
49dc2ce3-76ef-4d7b-90cb-699ecc8da8cc,Stephen Wade Nissan,DVD24884,356989992751758,2,1,18,182.72,0.169,5.0,2,63
49dc2ce3-76ef-4d7b-90cb-699ecc8da8cc,Stephen Wade Nissan,DVD24884,358914444983553,3,1,74,176.96,0.187,1.6,0,45
49dc2ce3-76ef-4d7b-90cb-699ecc8da8cc,Stephen Wade Nissan,DVD24884,359354358644963,3,1,26,141.3,0.276,5.3,1,47
49dc2ce3-76ef-4d7b-90cb-699ecc8da8cc,Stephen Wade Nissan,DVD24884,359243588537982,3,0,14,147.26,0.129,2.7,0,63
49dc2ce3-76ef-4d7b-90cb-699ecc8da8cc,Stephen Wade Nissan,DVD24884,351433952753674,5,0,40,259.16,0.16,5.3,1,79
49dc2ce3-76ef-4d7b-90cb-699ecc8da8cc,Stephen Wade Nissan,DVD24884,359785249141686,3,0,39,206.24,0.108,3.0,1,63
49dc2ce3-76ef-4d7b-90cb-699ecc8da8cc,Stephen Wade Nissan,DVD24884,350134778948963,2,4,70,146.75,0.091,5.7,5,62
49dc2ce3-76ef-4d7b-90cb-699ecc8da8cc,Stephen Wade Nissan,DVD24884,354067917665122,3,0,178,124.44,0.304,4.2,2,48
49dc2ce3-76ef-4d7b-90cb-699ecc8da8cc,Stephen Wade Nissan,DVD24884,351500141884216,3,0,55,134.51,0.194,2.2,0,62
49dc2ce3-76ef-4d7b-90cb-699ecc8da8cc,Stephen Wade Nissan,DVD24884,353090015944633,1,1,77,170.17,0.116,3.9,3,63
49dc2ce3-76ef-4d7b-90cb-699ecc8da8cc,Stephen Wade Nissan,DVD24884,353999485320895,3,1,10,234.79,0.188,8.9,0,40
49dc2ce3-76ef-4d7b-90cb-699ecc8da8cc,Stephen Wade Nissan,DVD24884,353263890219947,2,1,115,128.4,0.193,0.0,0,40
49dc2ce3-76ef-4d7b-90cb-699ecc8da8cc,Stephen Wade Nissan,DVD24884,351136337922341,3,1,45,234.1,0.112,4.8,2,73
49dc2ce3-76ef-4d7b-90cb-699ecc8da8cc,Stephen Wade Nissan,DVD24884,350346996733116,2,2,15,191.82,0.097,2.5,3,67
49dc2ce3-76ef-4d7b-90cb-699ecc8da8cc,Stephen Wade Nissan,DVD24884,357726960843768,2,0,112,188.57,0.043,7.3,3,68
49dc2ce3-76ef-4d7b-90cb-699ecc8da8cc,Stephen Wade Nissan,DVD24884,355507896793521,2,0,47,241.55,0.115,6.1,2,60
49dc2ce3-76ef-4d7b-90cb-699ecc8da8cc,Stephen Wade Nissan,DVD24884,359626335564343,5,0,99,230.6,0.082,4.9,2,76
49dc2ce3-76ef-4d7b-90cb-699ecc8da8cc,Stephen Wade Nissan,DVD24884,356970931706955,3,0,191,95.73,0.22,6.3,1,46
49dc2ce3-76ef-4d7b-90cb-699ecc8da8cc,Stephen Wade Nissan,DVD24884,356076761645345,3,0,11,114.96,0.144,5.0,4,84
49dc2ce3-76ef-4d7b-90cb-699ecc8da8cc,Stephen Wade Nissan,DVD24884,354722398983065,1,4,25,166.23,0.372,4.5,1,27
49dc2ce3-76ef-4d7b-90cb-699ecc8da8cc,Stephen Wade Nissan,DVD24884,350312198041847,2,5,87,201.36,0.291,3.3,1,26
49dc2ce3-76ef-4d7b-90cb-699ecc8da8cc,Stephen Wade Nissan,DVD24884,352426423642813,0,0,49,261.87,0.112,3.8,0,36
49dc2ce3-76ef-4d7b-90cb-699ecc8da8cc,Stephen Wade Nissan,DVD24884,351909248762303,0,0,3,183.9,0.255,3.6,3,68
49dc2ce3-76ef-4d7b-90cb-699ecc8da8cc,Stephen Wade Nissan,DVD24884,359111428178522,3,1,36,282.22,0.254,4.5,0,53
49dc2ce3-76ef-4d7b-90cb-699ecc8da8cc,Stephen Wade Nissan,DVD24884,358230524808806,3,0,41,137.6,0.161,0.7,1,69
49dc2ce3-76ef-4d7b-90cb-699ecc8da8cc,Stephen Wade Nissan,DVD24884,352207223959473,0,0,47,147.75,0.223,6.6,2,44
49dc2ce3-76ef-4d7b-90cb-699ecc8da8cc,Stephen Wade Nissan,DVD24884,357213290162047,1,2,25,161.66,0.099,8.4,2,45
49dc2ce3-76ef-4d7b-90cb-699ecc8da8cc,Stephen Wade Nissan,DVD24884,358768868785996,4,0,135,130.97,0.098,3.6,0,49
49dc2ce3-76ef-4d7b-90cb-699ecc8da8cc,Stephen Wade Nissan,DVD24884,354862872031954,0,1,10,249.56,0.07,6.8,1,39
49dc2ce3-76ef-4d7b-90cb-699ecc8da8cc,Stephen Wade Nissan,DVD24884,351966645057303,3,2,66,25.0,0.074,4.2,1,47
49dc2ce3-76ef-4d7b-90cb-699ecc8da8cc,Stephen Wade Nissan,DVD24884,356279246320374,3,1,31,149.79,0.069,3.3,2,79
49dc2ce3-76ef-4d7b-90cb-699ecc8da8cc,Stephen Wade Nissan,DVD24884,357677537260321,0,3,29,248.89,0.083,3.7,0,28
49dc2ce3-76ef-4d7b-90cb-699ecc8da8cc,Stephen Wade Nissan,DVD24884,354505766194588,4,3,123,161.26,0.09,4.7,0,33
49dc2ce3-76ef-4d7b-90cb-699ecc8da8cc,Stephen Wade Nissan,DVD24884,357071553482012,2,1,39,244.37,0.079,3.1,1,51
49dc2ce3-76ef-4d7b-90cb-699ecc8da8cc,Stephen Wade Nissan,DVD24884,358400838507659,1,0,66,311.86,0.025,5.7,0,42
49dc2ce3-76ef-4d7b-90cb-699ecc8da8cc,Stephen Wade Nissan,DVD24884,357595450891776,1,2,91,184.82,0.114,3.5,0,33
49dc2ce3-76ef-4d7b-90cb-699ecc8da8cc,Stephen Wade Nissan,DVD24884,358089812657422,8,5,51,250.14,0.073,2.4,4,77
49dc2ce3-76ef-4d7b-90cb-699ecc8da8cc,Stephen Wade Nissan,DVD24884,353196463004023,3,0,124,325.15,0.089,4.5,2,79
49dc2ce3-76ef-4d7b-90cb-699ecc8da8cc,Stephen Wade Nissan,DVD24884,356936268943012,1,0,14,204.13,0.286,3.1,0,46
49dc2ce3-76ef-4d7b-90cb-699ecc8da8cc,Stephen Wade Nissan,DVD24884,350471372711759,2,1,69,177.12,0.134,3.8,1,58
49dc2ce3-76ef-4d7b-90cb-699ecc8da8cc,Stephen Wade Nissan,DVD24884,355749885582984,2,1,179,234.15,0.186,4.4,1,37
49dc2ce3-76ef-4d7b-90cb-699ecc8da8cc,Stephen Wade Nissan,DVD24884,359330674584760,6,0,65,251.05,0.065,1.8,1,91
49dc2ce3-76ef-4d7b-90cb-699ecc8da8cc,Stephen Wade Nissan,DVD24884,359441283337218,3,0,8,177.67,0.156,7.4,1,62
49dc2ce3-76ef-4d7b-90cb-699ecc8da8cc,Stephen Wade Nissan,DVD24884,358566695413297,3,1,71,150.97,0.361,6.1,2,45
49dc2ce3-76ef-4d7b-90cb-699ecc8da8cc,Stephen Wade Nissan,DVD24884,351506662670551,1,1,139,283.04,0.051,3.2,1,46
49dc2ce3-76ef-4d7b-90cb-699ecc8da8cc,Stephen Wade Nissan,DVD24884,354377693663439,2,1,36,163.76,0.293,4.5,1,42
49dc2ce3-76ef-4d7b-90cb-699ecc8da8cc,Stephen Wade Nissan,DVD24884,352529596111102,3,1,36,251.62,0.132,5.8,2,75
49dc2ce3-76ef-4d7b-90cb-699ecc8da8cc,Stephen Wade Nissan,DVD24884,358671200720245,3,0,85,195.77,0.245,4.9,3,79
49dc2ce3-76ef-4d7b-90cb-699ecc8da8cc,Stephen Wade Nissan,DVD24884,355910245109109,1,1,74,289.62,0.239,8.3,0,28
49dc2ce3-76ef-4d7b-90cb-699ecc8da8cc,Stephen Wade Nissan,DVD24884,350326714949819,2,1,52,129.06,0.281,4.0,2,53
49dc2ce3-76ef-4d7b-90cb-699ecc8da8cc,Stephen Wade Nissan,DVD24884,354217942817934,1,0,26,128.94,0.239,6.9,1,46
49dc2ce3-76ef-4d7b-90cb-699ecc8da8cc,Stephen Wade Nissan,DVD24884,350652775844663,2,1,33,231.27,0.119,1.8,1,63
49dc2ce3-76ef-4d7b-90cb-699ecc8da8cc,Stephen Wade Nissan,DVD24884,354533722010912,1,1,20,112.18,0.169,2.1,2,57
49dc2ce3-76ef-4d7b-90cb-699ecc8da8cc,Stephen Wade Nissan,DVD24884,351722145593766,0,1,7,187.0,0.052,7.9,2,48
49dc2ce3-76ef-4d7b-90cb-699ecc8da8cc,Stephen Wade Nissan,DVD24884,351894370526351,1,3,115,272.9,0.168,3.6,0,25
49dc2ce3-76ef-4d7b-90cb-699ecc8da8cc,Stephen Wade Nissan,DVD24884,350046277657256,3,2,88,72.91,0.299,2.2,1,40
49dc2ce3-76ef-4d7b-90cb-699ecc8da8cc,Stephen Wade Nissan,DVD24884,355920246175202,4,0,82,204.13,0.321,4.4,1,57
49dc2ce3-76ef-4d7b-90cb-699ecc8da8cc,Stephen Wade Nissan,DVD24884,353897432600559,1,3,81,252.7,0.155,7.0,4,56
49dc2ce3-76ef-4d7b-90cb-699ecc8da8cc,Stephen Wade Nissan,DVD24884,355501783325848,3,3,42,178.45,0.437,3.0,4,56
49dc2ce3-76ef-4d7b-90cb-699ecc8da8cc,Stephen Wade Nissan,DVD24884,356899936079848,3,1,38,124.37,0.258,4.4,1,47
49dc2ce3-76ef-4d7b-90cb-699ecc8da8cc,Stephen Wade Nissan,DVD24884,357045069176799,1,0,15,164.24,0.073,0.8,0,50
49dc2ce3-76ef-4d7b-90cb-699ecc8da8cc,Stephen Wade Nissan,DVD24884,353593744039464,4,1,93,129.69,0.086,3.6,0,56
49dc2ce3-76ef-4d7b-90cb-699ecc8da8cc,Stephen Wade Nissan,DVD24884,350830373606014,1,2,251,184.15,0.321,6.5,3,27
49dc2ce3-76ef-4d7b-90cb-699ecc8da8cc,Stephen Wade Nissan,DVD24884,358860849079388,0,2,69,163.4,0.042,2.9,1,35
49dc2ce3-76ef-4d7b-90cb-699ecc8da8cc,Stephen Wade Nissan,DVD24884,354136852830615,2,1,103,149.2,0.229,2.0,0,25
49dc2ce3-76ef-4d7b-90cb-699ecc8da8cc,Stephen Wade Nissan,DVD24884,353701242446263,1,1,103,207.97,0.203,2.9,0,37
49dc2ce3-76ef-4d7b-90cb-699ecc8da8cc,Stephen Wade Nissan,DVD24884,352514488112103,0,1,146,274.75,0.084,3.3,2,37
49dc2ce3-76ef-4d7b-90cb-699ecc8da8cc,Stephen Wade Nissan,DVD24884,351421751887817,2,0,23,199.67,0.531,6.0,1,43
49dc2ce3-76ef-4d7b-90cb-699ecc8da8cc,Stephen Wade Nissan,DVD24884,359415152638409,4,1,10,260.62,0.119,5.3,1,74
49dc2ce3-76ef-4d7b-90cb-699ecc8da8cc,Stephen Wade Nissan,DVD24884,351122528837505,4,2,59,274.73,0.126,5.6,0,44
49dc2ce3-76ef-4d7b-90cb-699ecc8da8cc,Stephen Wade Nissan,DVD24884,356618632397913,4,0,45,144.8,0.145,4.6,1,68
49dc2ce3-76ef-4d7b-90cb-699ecc8da8cc,Stephen Wade Nissan,DVD24884,357876553007309,5,2,237,196.49,0.202,3.3,0,30
49dc2ce3-76ef-4d7b-90cb-699ecc8da8cc,Stephen Wade Nissan,DVD24884,355055605712198,1,1,20,154.5,0.406,2.9,4,73
49dc2ce3-76ef-4d7b-90cb-699ecc8da8cc,Stephen Wade Nissan,DVD24884,358192778851905,1,0,177,91.07,0.065,5.4,3,47
49dc2ce3-76ef-4d7b-90cb-699ecc8da8cc,Stephen Wade Nissan,DVD24884,353486401042462,1,1,46,201.35,0.183,7.7,4,61
49dc2ce3-76ef-4d7b-90cb-699ecc8da8cc,Stephen Wade Nissan,DVD24884,354561851744600,2,0,18,116.87,0.197,2.6,2,70
49dc2ce3-76ef-4d7b-90cb-699ecc8da8cc,Stephen Wade Nissan,DVD24884,354521289915114,3,2,155,209.06,0.075,2.5,2,45
49dc2ce3-76ef-4d7b-90cb-699ecc8da8cc,Stephen Wade Nissan,DVD24884,355512939130448,3,0,24,86.65,0.174,2.2,1,61
49dc2ce3-76ef-4d7b-90cb-699ecc8da8cc,Stephen Wade Nissan,DVD24884,358189848416046,2,1,104,190.26,0.132,6.2,2,47
49dc2ce3-76ef-4d7b-90cb-699ecc8da8cc,Stephen Wade Nissan,DVD24884,351540211901707,1,2,60,85.76,0.065,4.4,0,25
49dc2ce3-76ef-4d7b-90cb-699ecc8da8cc,Stephen Wade Nissan,DVD24884,355681429831522,2,2,177,220.43,0.295,5.6,1,25
49dc2ce3-76ef-4d7b-90cb-699ecc8da8cc,Stephen Wade Nissan,DVD24884,359107322836084,2,0,120,156.4,0.287,3.5,3,68
49dc2ce3-76ef-4d7b-90cb-699ecc8da8cc,Stephen Wade Nissan,DVD24884,359378306396384,2,0,45,150.61,0.173,5.7,2,55
49dc2ce3-76ef-4d7b-90cb-699ecc8da8cc,Stephen Wade Nissan,DVD24884,355269694439164,3,2,156,247.59,0.111,3.9,2,48
49dc2ce3-76ef-4d7b-90cb-699ecc8da8cc,Stephen Wade Nissan,DVD24884,359701693429291,2,0,75,160.71,0.158,1.4,2,70
49dc2ce3-76ef-4d7b-90cb-699ecc8da8cc,Stephen Wade Nissan,DVD24884,353203301623419,2,2,54,186.65,0.038,6.3,1,39
49dc2ce3-76ef-4d7b-90cb-699ecc8da8cc,Stephen Wade Nissan,DVD24884,350310615372215,0,2,59,168.08,0.306,4.4,2,39
49dc2ce3-76ef-4d7b-90cb-699ecc8da8cc,Stephen Wade Nissan,DVD24884,355668473236533,0,1,107,210.44,0.068,3.9,2,49
49dc2ce3-76ef-4d7b-90cb-699ecc8da8cc,Stephen Wade Nissan,DVD24884,357746040672007,3,0,43,242.58,0.131,5.1,0,57
49dc2ce3-76ef-4d7b-90cb-699ecc8da8cc,Stephen Wade Nissan,DVD24884,358436142442607,2,1,33,230.14,0.211,1.6,1,57
49dc2ce3-76ef-4d7b-90cb-699ecc8da8cc,Stephen Wade Nissan,DVD24884,358197543734764,5,2,27,152.0,0.367,5.4,0,44
49dc2ce3-76ef-4d7b-90cb-699ecc8da8cc,Stephen Wade Nissan,DVD24884,352737203763882,5,1,68,252.54,0.261,3.3,2,64
49dc2ce3-76ef-4d7b-90cb-699ecc8da8cc,Stephen Wade Nissan,DVD24884,351458414846019,3,0,29,125.02,0.223,4.2,2,68
49dc2ce3-76ef-4d7b-90cb-699ecc8da8cc,Stephen Wade Nissan,DVD24884,351344389982780,3,1,108,135.45,0.286,6.8,1,39
49dc2ce3-76ef-4d7b-90cb-699ecc8da8cc,Stephen Wade Nissan,DVD24884,352058695073214,1,1,42,172.33,0.159,5.8,1,37
49dc2ce3-76ef-4d7b-90cb-699ecc8da8cc,Stephen Wade Nissan,DVD24884,356449369995167,0,2,80,242.81,0.194,4.1,0,19
49dc2ce3-76ef-4d7b-90cb-699ecc8da8cc,Stephen Wade Nissan,DVD24884,359335055738573,1,2,125,109.79,0.18,4.3,1,28
49dc2ce3-76ef-4d7b-90cb-699ecc8da8cc,Stephen Wade Nissan,DVD24884,356801192360376,2,2,148,233.49,0.366,0.0,1,41
49dc2ce3-76ef-4d7b-90cb-699ecc8da8cc,Stephen Wade Nissan,DVD24884,358118723335104,7,1,63,176.72,0.248,2.9,3,88
49dc2ce3-76ef-4d7b-90cb-699ecc8da8cc,Stephen Wade Nissan,DVD24884,350961497315391,2,3,5,153.98,0.093,4.8,4,75
49dc2ce3-76ef-4d7b-90cb-699ecc8da8cc,Stephen Wade Nissan,DVD24884,351498307482073,3,0,6,245.87,0.403,3.0,2,69
49dc2ce3-76ef-4d7b-90cb-699ecc8da8cc,Stephen Wade Nissan,DVD24884,356511893940655,2,0,106,131.84,0.09,1.8,1,55
49dc2ce3-76ef-4d7b-90cb-699ecc8da8cc,Stephen Wade Nissan,DVD24884,357820190432230,2,1,22,317.14,0.07,5.5,0,50
49dc2ce3-76ef-4d7b-90cb-699ecc8da8cc,Stephen Wade Nissan,DVD24884,352333247073920,0,3,40,169.4,0.315,7.1,0,29
49dc2ce3-76ef-4d7b-90cb-699ecc8da8cc,Stephen Wade Nissan,DVD24884,351354621276025,4,0,117,188.99,0.227,3.1,0,41
49dc2ce3-76ef-4d7b-90cb-699ecc8da8cc,Stephen Wade Nissan,DVD24884,350826112312616,4,2,34,272.57,0.195,6.3,0,49
49dc2ce3-76ef-4d7b-90cb-699ecc8da8cc,Stephen Wade Nissan,DVD24884,353248889957298,2,2,15,190.56,0.176,5.9,2,50
49dc2ce3-76ef-4d7b-90cb-699ecc8da8cc,Stephen Wade Nissan,DVD24884,359376297454930,2,1,42,251.33,0.269,2.5,2,61
49dc2ce3-76ef-4d7b-90cb-699ecc8da8cc,Stephen Wade Nissan,DVD24884,353646871912038,3,1,91,62.81,0.23,3.0,3,64
49dc2ce3-76ef-4d7b-90cb-699ecc8da8cc,Stephen Wade Nissan,DVD24884,351876920828323,3,0,33,153.44,0.119,8.1,2,69
49dc2ce3-76ef-4d7b-90cb-699ecc8da8cc,Stephen Wade Nissan,DVD24884,350898138815881,4,0,82,203.8,0.352,2.3,1,58
49dc2ce3-76ef-4d7b-90cb-699ecc8da8cc,Stephen Wade Nissan,DVD24884,354458220673231,4,2,16,244.89,0.326,3.3,3,79
49dc2ce3-76ef-4d7b-90cb-699ecc8da8cc,Stephen Wade Nissan,DVD24884,358297168157245,0,1,26,226.18,0.125,8.4,2,39
49dc2ce3-76ef-4d7b-90cb-699ecc8da8cc,Stephen Wade Nissan,DVD24884,350000001529113,1,0,42,220.56,0.275,3.4,1,54
49dc2ce3-76ef-4d7b-90cb-699ecc8da8cc,Stephen Wade Nissan,DVD24884,357178509025561,3,1,128,243.66,0.176,7.2,2,48
49dc2ce3-76ef-4d7b-90cb-699ecc8da8cc,Stephen Wade Nissan,DVD24884,358444218299874,2,2,37,208.5,0.257,2.5,0,36
49dc2ce3-76ef-4d7b-90cb-699ecc8da8cc,Stephen Wade Nissan,DVD24884,357812248905670,2,4,32,51.41,0.046,4.8,2,47
49dc2ce3-76ef-4d7b-90cb-699ecc8da8cc,Stephen Wade Nissan,DVD24884,358670090043655,3,0,33,266.53,0.351,6.7,3,83
49dc2ce3-76ef-4d7b-90cb-699ecc8da8cc,Stephen Wade Nissan,DVD24884,351584826691362,2,2,82,129.74,0.091,3.6,1,52
49dc2ce3-76ef-4d7b-90cb-699ecc8da8cc,Stephen Wade Nissan,DVD24884,354835505429608,1,2,98,198.82,0.111,4.7,1,38
49dc2ce3-76ef-4d7b-90cb-699ecc8da8cc,Stephen Wade Nissan,DVD24884,350706336998795,3,2,124,190.86,0.212,6.0,0,35
49dc2ce3-76ef-4d7b-90cb-699ecc8da8cc,Stephen Wade Nissan,DVD24884,350982210401648,2,0,196,182.84,0.141,2.7,0,49
49dc2ce3-76ef-4d7b-90cb-699ecc8da8cc,Stephen Wade Nissan,DVD24884,351880442877383,1,4,68,113.64,0.206,9.0,0,0
49dc2ce3-76ef-4d7b-90cb-699ecc8da8cc,Stephen Wade Nissan,DVD24884,356381643212694,3,2,29,63.68,0.088,6.6,2,52
49dc2ce3-76ef-4d7b-90cb-699ecc8da8cc,Stephen Wade Nissan,DVD24884,352894642036258,4,1,47,119.86,0.194,3.8,0,50
49dc2ce3-76ef-4d7b-90cb-699ecc8da8cc,Stephen Wade Nissan,DVD24884,356314417064625,3,2,23,229.57,0.195,4.0,4,90
49dc2ce3-76ef-4d7b-90cb-699ecc8da8cc,Stephen Wade Nissan,DVD24884,355402635582430,5,3,59,93.2,0.266,8.3,2,42
49dc2ce3-76ef-4d7b-90cb-699ecc8da8cc,Stephen Wade Nissan,DVD24884,351764644898803,3,1,27,127.18,0.038,3.8,3,81
49dc2ce3-76ef-4d7b-90cb-699ecc8da8cc,Stephen Wade Nissan,DVD24884,351538882452790,2,2,123,205.08,0.154,3.6,1,44
49dc2ce3-76ef-4d7b-90cb-699ecc8da8cc,Stephen Wade Nissan,DVD24884,355040433335384,2,2,64,118.35,0.182,6.8,0,36
49dc2ce3-76ef-4d7b-90cb-699ecc8da8cc,Stephen Wade Nissan,DVD24884,359516321119787,4,2,151,147.42,0.116,1.7,0,45
49dc2ce3-76ef-4d7b-90cb-699ecc8da8cc,Stephen Wade Nissan,DVD24884,351809339137326,3,1,95,184.91,0.068,4.3,1,51
49dc2ce3-76ef-4d7b-90cb-699ecc8da8cc,Stephen Wade Nissan,DVD24884,355306011987561,2,1,89,196.96,0.176,4.7,0,37
49dc2ce3-76ef-4d7b-90cb-699ecc8da8cc,Stephen Wade Nissan,DVD24884,357868800230091,1,0,15,117.17,0.095,3.1,0,41
49dc2ce3-76ef-4d7b-90cb-699ecc8da8cc,Stephen Wade Nissan,DVD24884,355618298036577,3,1,82,188.46,0.129,1.4,0,51
49dc2ce3-76ef-4d7b-90cb-699ecc8da8cc,Stephen Wade Nissan,DVD24884,354491609365952,5,2,193,203.93,0.19,4.6,1,38
49dc2ce3-76ef-4d7b-90cb-699ecc8da8cc,Stephen Wade Nissan,DVD24884,350149118941843,1,3,38,103.61,0.041,5.9,1,29
49dc2ce3-76ef-4d7b-90cb-699ecc8da8cc,Stephen Wade Nissan,DVD24884,353687509263223,3,1,111,192.89,0.492,3.1,1,46
49dc2ce3-76ef-4d7b-90cb-699ecc8da8cc,Stephen Wade Nissan,DVD24884,359982137455611,3,0,11,137.01,0.222,2.1,0,57
49dc2ce3-76ef-4d7b-90cb-699ecc8da8cc,Stephen Wade Nissan,DVD24884,354042886050537,3,1,20,187.43,0.131,7.0,2,72
49dc2ce3-76ef-4d7b-90cb-699ecc8da8cc,Stephen Wade Nissan,DVD24884,356660811260030,1,2,50,223.38,0.173,5.6,2,50
49dc2ce3-76ef-4d7b-90cb-699ecc8da8cc,Stephen Wade Nissan,DVD24884,358356691062715,3,2,33,169.42,0.088,3.8,3,61
49dc2ce3-76ef-4d7b-90cb-699ecc8da8cc,Stephen Wade Nissan,DVD24884,353123455068826,0,2,27,234.8,0.042,6.3,4,66
49dc2ce3-76ef-4d7b-90cb-699ecc8da8cc,Stephen Wade Nissan,DVD24884,359177682938440,6,2,33,227.45,0.1,5.0,3,78
49dc2ce3-76ef-4d7b-90cb-699ecc8da8cc,Stephen Wade Nissan,DVD24884,351348087354378,3,2,76,234.47,0.092,8.1,0,34
49dc2ce3-76ef-4d7b-90cb-699ecc8da8cc,Stephen Wade Nissan,DVD24884,358260335910157,2,1,112,204.19,0.099,5.8,1,44
49dc2ce3-76ef-4d7b-90cb-699ecc8da8cc,Stephen Wade Nissan,DVD24884,350908599144920,2,0,81,246.05,0.292,1.7,0,51
49dc2ce3-76ef-4d7b-90cb-699ecc8da8cc,Stephen Wade Nissan,DVD24884,357492699969964,2,0,84,203.11,0.042,3.2,2,66
49dc2ce3-76ef-4d7b-90cb-699ecc8da8cc,Stephen Wade Nissan,DVD24884,358997184285969,2,1,51,79.96,0.138,3.3,1,51
49dc2ce3-76ef-4d7b-90cb-699ecc8da8cc,Stephen Wade Nissan,DVD24884,353259140849932,0,0,19,132.48,0.289,5.1,2,52
49dc2ce3-76ef-4d7b-90cb-699ecc8da8cc,Stephen Wade Nissan,DVD24884,353123426698069,2,2,48,167.32,0.083,3.9,2,56
49dc2ce3-76ef-4d7b-90cb-699ecc8da8cc,Stephen Wade Nissan,DVD24884,350872617607234,2,0,60,174.77,0.201,2.2,6,100
49dc2ce3-76ef-4d7b-90cb-699ecc8da8cc,Stephen Wade Nissan,DVD24884,358389359538280,3,3,115,201.46,0.116,5.7,0,32
49dc2ce3-76ef-4d7b-90cb-699ecc8da8cc,Stephen Wade Nissan,DVD24884,354056129965082,2,2,168,131.58,0.12,6.5,4,59
49dc2ce3-76ef-4d7b-90cb-699ecc8da8cc,Stephen Wade Nissan,DVD24884,356958264186965,3,0,71,300.52,0.025,4.3,3,76
49dc2ce3-76ef-4d7b-90cb-699ecc8da8cc,Stephen Wade Nissan,DVD24884,356130876123859,1,1,107,173.85,0.232,4.9,1,32
49dc2ce3-76ef-4d7b-90cb-699ecc8da8cc,Stephen Wade Nissan,DVD24884,355143468239484,2,0,4,179.54,0.207,2.6,1,63
49dc2ce3-76ef-4d7b-90cb-699ecc8da8cc,Stephen Wade Nissan,DVD24884,350027300869661,2,3,41,139.76,0.192,3.5,1,43
49dc2ce3-76ef-4d7b-90cb-699ecc8da8cc,Stephen Wade Nissan,DVD24884,350168311395001,4,3,51,119.8,0.107,3.5,1,49
49dc2ce3-76ef-4d7b-90cb-699ecc8da8cc,Stephen Wade Nissan,DVD24884,356809414915076,1,1,79,172.42,0.155,5.6,0,31
49dc2ce3-76ef-4d7b-90cb-699ecc8da8cc,Stephen Wade Nissan,DVD24884,352839762053440,2,3,170,181.65,0.332,5.0,0,13
49dc2ce3-76ef-4d7b-90cb-699ecc8da8cc,Stephen Wade Nissan,DVD24884,357779462072662,3,2,68,174.79,0.361,3.8,0,41
49dc2ce3-76ef-4d7b-90cb-699ecc8da8cc,Stephen Wade Nissan,DVD24884,359250817760299,4,0,9,279.31,0.161,3.8,4,97
49dc2ce3-76ef-4d7b-90cb-699ecc8da8cc,Stephen Wade Nissan,DVD24884,351406884133373,2,2,85,172.42,0.047,0.6,2,57
49dc2ce3-76ef-4d7b-90cb-699ecc8da8cc,Stephen Wade Nissan,DVD24884,351255235617817,2,1,39,174.84,0.038,7.7,4,79
49dc2ce3-76ef-4d7b-90cb-699ecc8da8cc,Stephen Wade Nissan,DVD24884,350321192061363,3,0,79,228.92,0.11,0.3,1,70
49dc2ce3-76ef-4d7b-90cb-699ecc8da8cc,Stephen Wade Nissan,DVD24884,358527789561337,6,0,90,169.74,0.244,5.3,3,81
49dc2ce3-76ef-4d7b-90cb-699ecc8da8cc,Stephen Wade Nissan,DVD24884,351844490295026,2,0,9,212.36,0.365,4.6,0,52
49dc2ce3-76ef-4d7b-90cb-699ecc8da8cc,Stephen Wade Nissan,DVD24884,354801644037341,0,0,49,103.26,0.112,4.0,0,41
49dc2ce3-76ef-4d7b-90cb-699ecc8da8cc,Stephen Wade Nissan,DVD24884,356781277822102,1,1,51,103.73,0.217,4.5,1,41
49dc2ce3-76ef-4d7b-90cb-699ecc8da8cc,Stephen Wade Nissan,DVD24884,351798213486298,2,0,67,187.32,0.226,3.2,1,57
49dc2ce3-76ef-4d7b-90cb-699ecc8da8cc,Stephen Wade Nissan,DVD24884,355797363831828,4,1,28,166.1,0.22,5.8,1,51
49dc2ce3-76ef-4d7b-90cb-699ecc8da8cc,Stephen Wade Nissan,DVD24884,355605397079866,1,1,22,131.46,0.072,1.9,0,43
49dc2ce3-76ef-4d7b-90cb-699ecc8da8cc,Stephen Wade Nissan,DVD24884,351770673682050,3,0,169,187.31,0.328,5.2,3,56
49dc2ce3-76ef-4d7b-90cb-699ecc8da8cc,Stephen Wade Nissan,DVD24884,356821223552165,3,1,62,192.55,0.065,3.1,0,46
49dc2ce3-76ef-4d7b-90cb-699ecc8da8cc,Stephen Wade Nissan,DVD24884,350587146921821,2,0,24,137.41,0.166,3.6,1,59
49dc2ce3-76ef-4d7b-90cb-699ecc8da8cc,Stephen Wade Nissan,DVD24884,359259679089843,3,0,34,148.87,0.466,3.7,0,42
49dc2ce3-76ef-4d7b-90cb-699ecc8da8cc,Stephen Wade Nissan,DVD24884,356998480220509,1,1,174,193.0,0.117,4.2,0,29
49dc2ce3-76ef-4d7b-90cb-699ecc8da8cc,Stephen Wade Nissan,DVD24884,353869484249598,1,1,131,118.74,0.251,5.5,2,41
49dc2ce3-76ef-4d7b-90cb-699ecc8da8cc,Stephen Wade Nissan,DVD24884,358114578870715,1,0,31,143.76,0.21,4.4,3,67
49dc2ce3-76ef-4d7b-90cb-699ecc8da8cc,Stephen Wade Nissan,DVD24884,352386767382097,4,1,20,212.04,0.2,6.4,1,62
49dc2ce3-76ef-4d7b-90cb-699ecc8da8cc,Stephen Wade Nissan,DVD24884,354619177987682,2,0,21,178.57,0.165,6.6,4,74
49dc2ce3-76ef-4d7b-90cb-699ecc8da8cc,Stephen Wade Nissan,DVD24884,359968722589370,3,1,121,151.37,0.21,5.1,2,52
49dc2ce3-76ef-4d7b-90cb-699ecc8da8cc,Stephen Wade Nissan,DVD24884,358580623504056,1,1,37,125.82,0.155,5.9,1,43
49dc2ce3-76ef-4d7b-90cb-699ecc8da8cc,Stephen Wade Nissan,DVD24884,356957900124825,2,2,12,119.21,0.193,8.5,1,40
49dc2ce3-76ef-4d7b-90cb-699ecc8da8cc,Stephen Wade Nissan,DVD24884,355442867963259,2,0,35,172.09,0.215,1.7,2,68
49dc2ce3-76ef-4d7b-90cb-699ecc8da8cc,Stephen Wade Nissan,DVD24884,354232894633891,5,2,67,301.55,0.255,6.7,1,50
49dc2ce3-76ef-4d7b-90cb-699ecc8da8cc,Stephen Wade Nissan,DVD24884,355624152857256,3,1,48,213.95,0.224,7.6,1,54
49dc2ce3-76ef-4d7b-90cb-699ecc8da8cc,Stephen Wade Nissan,DVD24884,352926933589513,7,1,132,100.03,0.115,5.4,0,55
49dc2ce3-76ef-4d7b-90cb-699ecc8da8cc,Stephen Wade Nissan,DVD24884,358186550784685,0,1,68,222.43,0.154,8.3,1,32
49dc2ce3-76ef-4d7b-90cb-699ecc8da8cc,Stephen Wade Nissan,DVD24884,350957443034918,3,1,75,134.47,0.195,8.0,0,41
49dc2ce3-76ef-4d7b-90cb-699ecc8da8cc,Stephen Wade Nissan,DVD24884,359117972038593,3,4,102,179.71,0.106,3.8,5,67
49dc2ce3-76ef-4d7b-90cb-699ecc8da8cc,Stephen Wade Nissan,DVD24884,354015364154715,3,1,99,144.67,0.069,4.0,2,61
49dc2ce3-76ef-4d7b-90cb-699ecc8da8cc,Stephen Wade Nissan,DVD24884,355313259367813,3,2,34,301.37,0.139,5.6,1,47
49dc2ce3-76ef-4d7b-90cb-699ecc8da8cc,Stephen Wade Nissan,DVD24884,356750094214105,3,3,20,111.95,0.131,3.3,1,45
49dc2ce3-76ef-4d7b-90cb-699ecc8da8cc,Stephen Wade Nissan,DVD24884,352769819878092,2,1,64,198.82,0.081,9.9,0,36
49dc2ce3-76ef-4d7b-90cb-699ecc8da8cc,Stephen Wade Nissan,DVD24884,357045238885622,4,3,57,138.88,0.112,6.1,4,70
49dc2ce3-76ef-4d7b-90cb-699ecc8da8cc,Stephen Wade Nissan,DVD24884,355866059867874,1,2,68,224.33,0.022,4.6,1,43
49dc2ce3-76ef-4d7b-90cb-699ecc8da8cc,Stephen Wade Nissan,DVD24884,354227585485965,3,3,72,197.61,0.103,1.7,0,41
49dc2ce3-76ef-4d7b-90cb-699ecc8da8cc,Stephen Wade Nissan,DVD24884,355942824911650,0,2,160,255.27,0.195,5.0,2,30
49dc2ce3-76ef-4d7b-90cb-699ecc8da8cc,Stephen Wade Nissan,DVD24884,352000245393132,3,1,43,223.09,0.129,2.1,2,62
49dc2ce3-76ef-4d7b-90cb-699ecc8da8cc,Stephen Wade Nissan,DVD24884,351551305570836,3,1,74,138.39,0.121,6.0,1,49
49dc2ce3-76ef-4d7b-90cb-699ecc8da8cc,Stephen Wade Nissan,DVD24884,358214448896699,4,2,20,354.97,0.425,0.0,1,56
49dc2ce3-76ef-4d7b-90cb-699ecc8da8cc,Stephen Wade Nissan,DVD24884,357273677462025,1,1,27,213.33,0.211,7.3,2,57
49dc2ce3-76ef-4d7b-90cb-699ecc8da8cc,Stephen Wade Nissan,DVD24884,358254318328123,1,1,54,146.96,0.174,3.7,1,46
49dc2ce3-76ef-4d7b-90cb-699ecc8da8cc,Stephen Wade Nissan,DVD24884,351239204910601,0,1,23,192.33,0.182,1.1,1,51
49dc2ce3-76ef-4d7b-90cb-699ecc8da8cc,Stephen Wade Nissan,DVD24884,358364723875082,3,2,86,217.85,0.154,4.5,1,46
49dc2ce3-76ef-4d7b-90cb-699ecc8da8cc,Stephen Wade Nissan,DVD24884,357681722577545,3,1,77,215.57,0.13,4.5,2,56
49dc2ce3-76ef-4d7b-90cb-699ecc8da8cc,Stephen Wade Nissan,DVD24884,358472629052918,4,2,31,209.76,0.134,4.4,1,55
49dc2ce3-76ef-4d7b-90cb-699ecc8da8cc,Stephen Wade Nissan,DVD24884,357683160827172,4,2,45,237.99,0.066,7.3,0,36
49dc2ce3-76ef-4d7b-90cb-699ecc8da8cc,Stephen Wade Nissan,DVD24884,351733739920522,1,2,122,232.09,0.314,5.3,0,18
49dc2ce3-76ef-4d7b-90cb-699ecc8da8cc,Stephen Wade Nissan,DVD24884,352999362165914,1,1,63,129.15,0.11,6.1,2,49
49dc2ce3-76ef-4d7b-90cb-699ecc8da8cc,Stephen Wade Nissan,DVD24884,353882325539835,3,2,224,306.48,0.208,4.0,0,21
49dc2ce3-76ef-4d7b-90cb-699ecc8da8cc,Stephen Wade Nissan,DVD24884,358446177732643,0,3,45,298.13,0.024,5.4,0,25
49dc2ce3-76ef-4d7b-90cb-699ecc8da8cc,Stephen Wade Nissan,DVD24884,350954497912799,1,0,50,228.06,0.13,1.9,2,62
49dc2ce3-76ef-4d7b-90cb-699ecc8da8cc,Stephen Wade Nissan,DVD24884,357029271205397,1,2,54,182.32,0.215,5.0,1,40
49dc2ce3-76ef-4d7b-90cb-699ecc8da8cc,Stephen Wade Nissan,DVD24884,358713752988322,5,0,11,183.35,0.248,3.0,3,78
49dc2ce3-76ef-4d7b-90cb-699ecc8da8cc,Stephen Wade Nissan,DVD24884,350125608320048,5,1,48,160.57,0.055,7.1,1,64
49dc2ce3-76ef-4d7b-90cb-699ecc8da8cc,Stephen Wade Nissan,DVD24884,357978889753585,2,1,47,168.34,0.13,4.7,1,47
49dc2ce3-76ef-4d7b-90cb-699ecc8da8cc,Stephen Wade Nissan,DVD24884,352386003044361,1,1,92,48.79,0.267,5.8,0,26
49dc2ce3-76ef-4d7b-90cb-699ecc8da8cc,Stephen Wade Nissan,DVD24884,359951715239102,1,1,125,271.82,0.085,5.0,6,86
49dc2ce3-76ef-4d7b-90cb-699ecc8da8cc,Stephen Wade Nissan,DVD24884,359295014374830,0,1,42,250.65,0.078,8.1,2,59
49dc2ce3-76ef-4d7b-90cb-699ecc8da8cc,Stephen Wade Nissan,DVD24884,359309671397191,1,2,5,79.4,0.099,1.4,2,59
49dc2ce3-76ef-4d7b-90cb-699ecc8da8cc,Stephen Wade Nissan,DVD24884,352602213217672,0,0,61,233.4,0.24,4.3,0,36
49dc2ce3-76ef-4d7b-90cb-699ecc8da8cc,Stephen Wade Nissan,DVD24884,350191116612201,4,1,23,179.54,0.181,2.6,1,62
49dc2ce3-76ef-4d7b-90cb-699ecc8da8cc,Stephen Wade Nissan,DVD24884,359072587339304,2,1,65,168.06,0.22,0.4,0,44
49dc2ce3-76ef-4d7b-90cb-699ecc8da8cc,Stephen Wade Nissan,DVD24884,359366538027481,1,3,64,209.57,0.09,2.4,2,46
49dc2ce3-76ef-4d7b-90cb-699ecc8da8cc,Stephen Wade Nissan,DVD24884,352421140868250,1,3,29,75.43,0.057,6.8,2,42
49dc2ce3-76ef-4d7b-90cb-699ecc8da8cc,Stephen Wade Nissan,DVD24884,359522946209355,1,3,61,179.33,0.341,4.4,1,32
49dc2ce3-76ef-4d7b-90cb-699ecc8da8cc,Stephen Wade Nissan,DVD24884,356103995297013,2,1,13,184.77,0.099,4.1,0,48
49dc2ce3-76ef-4d7b-90cb-699ecc8da8cc,Stephen Wade Nissan,DVD24884,357124365858564,0,1,68,184.83,0.045,6.0,1,30
49dc2ce3-76ef-4d7b-90cb-699ecc8da8cc,Stephen Wade Nissan,DVD24884,352304120270615,1,1,98,97.95,0.123,4.7,1,43
49dc2ce3-76ef-4d7b-90cb-699ecc8da8cc,Stephen Wade Nissan,DVD24884,359273874029907,5,0,79,206.81,0.234,5.7,1,60
49dc2ce3-76ef-4d7b-90cb-699ecc8da8cc,Stephen Wade Nissan,DVD24884,351669063224815,1,0,35,243.59,0.187,5.1,2,58
49dc2ce3-76ef-4d7b-90cb-699ecc8da8cc,Stephen Wade Nissan,DVD24884,355420340301095,2,0,93,204.44,0.356,5.6,0,39
49dc2ce3-76ef-4d7b-90cb-699ecc8da8cc,Stephen Wade Nissan,DVD24884,356797564915795,2,2,85,166.25,0.075,3.6,3,57
49dc2ce3-76ef-4d7b-90cb-699ecc8da8cc,Stephen Wade Nissan,DVD24884,355462347124760,3,2,88,341.34,0.254,6.6,1,35
49dc2ce3-76ef-4d7b-90cb-699ecc8da8cc,Stephen Wade Nissan,DVD24884,351080181030683,2,1,136,124.53,0.049,2.1,1,50
49dc2ce3-76ef-4d7b-90cb-699ecc8da8cc,Stephen Wade Nissan,DVD24884,351764172680808,0,0,73,226.41,0.048,4.3,2,57
49dc2ce3-76ef-4d7b-90cb-699ecc8da8cc,Stephen Wade Nissan,DVD24884,351571290150713,5,2,21,194.6,0.196,6.7,0,45
49dc2ce3-76ef-4d7b-90cb-699ecc8da8cc,Stephen Wade Nissan,DVD24884,358067130735104,2,1,24,300.74,0.161,4.2,3,64
49dc2ce3-76ef-4d7b-90cb-699ecc8da8cc,Stephen Wade Nissan,DVD24884,355847436213009,2,1,73,203.2,0.28,3.6,0,35
49dc2ce3-76ef-4d7b-90cb-699ecc8da8cc,Stephen Wade Nissan,DVD24884,356258857669470,1,1,47,216.07,0.079,9.1,1,41
49dc2ce3-76ef-4d7b-90cb-699ecc8da8cc,Stephen Wade Nissan,DVD24884,353180533962746,7,1,40,210.34,0.392,7.3,1,64
49dc2ce3-76ef-4d7b-90cb-699ecc8da8cc,Stephen Wade Nissan,DVD24884,356621591832700,4,0,84,116.5,0.217,4.8,2,68
49dc2ce3-76ef-4d7b-90cb-699ecc8da8cc,Stephen Wade Nissan,DVD24884,350466614590110,4,1,17,127.87,0.168,2.6,3,75
49dc2ce3-76ef-4d7b-90cb-699ecc8da8cc,Stephen Wade Nissan,DVD24884,357977140049388,1,2,85,163.46,0.056,0.4,2,54
49dc2ce3-76ef-4d7b-90cb-699ecc8da8cc,Stephen Wade Nissan,DVD24884,351949053152049,3,2,45,237.44,0.251,5.9,0,39
49dc2ce3-76ef-4d7b-90cb-699ecc8da8cc,Stephen Wade Nissan,DVD24884,359809497698731,4,2,69,193.99,0.329,7.0,1,46
49dc2ce3-76ef-4d7b-90cb-699ecc8da8cc,Stephen Wade Nissan,DVD24884,353797166984166,3,0,19,167.6,0.16,5.3,1,64
49dc2ce3-76ef-4d7b-90cb-699ecc8da8cc,Stephen Wade Nissan,DVD24884,351237407794332,1,0,87,262.33,0.31,1.1,0,40
49dc2ce3-76ef-4d7b-90cb-699ecc8da8cc,Stephen Wade Nissan,DVD24884,355623899499197,3,2,110,61.05,0.046,4.8,1,38
49dc2ce3-76ef-4d7b-90cb-699ecc8da8cc,Stephen Wade Nissan,DVD24884,350142620370878,3,2,352,102.25,0.075,3.5,0,14
49dc2ce3-76ef-4d7b-90cb-699ecc8da8cc,Stephen Wade Nissan,DVD24884,352116020418135,2,3,66,30.2,0.09,4.8,4,56
49dc2ce3-76ef-4d7b-90cb-699ecc8da8cc,Stephen Wade Nissan,DVD24884,359989897211708,2,0,107,252.5,0.058,8.4,2,62
49dc2ce3-76ef-4d7b-90cb-699ecc8da8cc,Stephen Wade Nissan,DVD24884,358948018644822,1,0,23,174.2,0.335,6.1,2,47
49dc2ce3-76ef-4d7b-90cb-699ecc8da8cc,Stephen Wade Nissan,DVD24884,351758839785708,3,1,131,237.98,0.059,5.7,2,63
49dc2ce3-76ef-4d7b-90cb-699ecc8da8cc,Stephen Wade Nissan,DVD24884,352004806757123,2,1,14,173.44,0.084,4.4,1,52
49dc2ce3-76ef-4d7b-90cb-699ecc8da8cc,Stephen Wade Nissan,DVD24884,356914961128794,1,1,167,241.39,0.067,5.3,0,30
49dc2ce3-76ef-4d7b-90cb-699ecc8da8cc,Stephen Wade Nissan,DVD24884,352968827697040,4,3,61,172.39,0.308,3.1,1,40
49dc2ce3-76ef-4d7b-90cb-699ecc8da8cc,Stephen Wade Nissan,DVD24884,359531419615607,2,1,15,204.59,0.237,5.6,0,41
49dc2ce3-76ef-4d7b-90cb-699ecc8da8cc,Stephen Wade Nissan,DVD24884,358327488356517,5,4,41,195.81,0.08,4.1,2,64
49dc2ce3-76ef-4d7b-90cb-699ecc8da8cc,Stephen Wade Nissan,DVD24884,359624096496683,1,2,107,200.26,0.071,2.9,0,33
49dc2ce3-76ef-4d7b-90cb-699ecc8da8cc,Stephen Wade Nissan,DVD24884,354960478421702,3,1,48,281.08,0.333,6.1,5,76
49dc2ce3-76ef-4d7b-90cb-699ecc8da8cc,Stephen Wade Nissan,DVD24884,358516225936488,3,1,47,82.53,0.149,0.0,0,56
49dc2ce3-76ef-4d7b-90cb-699ecc8da8cc,Stephen Wade Nissan,DVD24884,352089348688390,7,2,100,175.9,0.095,3.4,0,65
49dc2ce3-76ef-4d7b-90cb-699ecc8da8cc,Stephen Wade Nissan,DVD24884,356246728799160,3,2,51,191.88,0.291,5.7,1,42
49dc2ce3-76ef-4d7b-90cb-699ecc8da8cc,Stephen Wade Nissan,DVD24884,359114131935923,4,1,125,182.9,0.029,6.9,1,48
49dc2ce3-76ef-4d7b-90cb-699ecc8da8cc,Stephen Wade Nissan,DVD24884,356133760523045,3,1,34,156.13,0.067,5.4,3,73
49dc2ce3-76ef-4d7b-90cb-699ecc8da8cc,Stephen Wade Nissan,DVD24884,358816502544724,1,1,10,147.92,0.076,3.2,0,46
49dc2ce3-76ef-4d7b-90cb-699ecc8da8cc,Stephen Wade Nissan,DVD24884,351916503440966,3,2,54,271.8,0.086,4.4,0,51
49dc2ce3-76ef-4d7b-90cb-699ecc8da8cc,Stephen Wade Nissan,DVD24884,351771824989808,3,1,59,175.76,0.116,5.1,1,60
49dc2ce3-76ef-4d7b-90cb-699ecc8da8cc,Stephen Wade Nissan,DVD24884,358067821417468,3,3,33,326.28,0.104,7.6,2,54
49dc2ce3-76ef-4d7b-90cb-699ecc8da8cc,Stephen Wade Nissan,DVD24884,351359266486989,1,3,68,211.7,0.362,6.3,0,19
49dc2ce3-76ef-4d7b-90cb-699ecc8da8cc,Stephen Wade Nissan,DVD24884,353969874869415,2,1,12,162.62,0.143,6.4,0,41
49dc2ce3-76ef-4d7b-90cb-699ecc8da8cc,Stephen Wade Nissan,DVD24884,355945011929207,4,3,70,213.16,0.055,4.6,1,51
49dc2ce3-76ef-4d7b-90cb-699ecc8da8cc,Stephen Wade Nissan,DVD24884,355360511716039,2,2,20,186.54,0.125,2.4,2,58
49dc2ce3-76ef-4d7b-90cb-699ecc8da8cc,Stephen Wade Nissan,DVD24884,358863653621894,1,2,15,260.52,0.073,1.7,1,42
49dc2ce3-76ef-4d7b-90cb-699ecc8da8cc,Stephen Wade Nissan,DVD24884,355590670009942,2,2,57,109.94,0.098,3.9,1,54
49dc2ce3-76ef-4d7b-90cb-699ecc8da8cc,Stephen Wade Nissan,DVD24884,354894204664896,1,1,14,71.93,0.36,5.9,2,50
49dc2ce3-76ef-4d7b-90cb-699ecc8da8cc,Stephen Wade Nissan,DVD24884,356760564204565,2,0,6,201.66,0.195,3.5,2,74
49dc2ce3-76ef-4d7b-90cb-699ecc8da8cc,Stephen Wade Nissan,DVD24884,357758097453389,2,2,76,230.14,0.27,5.6,1,37
49dc2ce3-76ef-4d7b-90cb-699ecc8da8cc,Stephen Wade Nissan,DVD24884,350623546622654,2,4,22,197.15,0.153,2.9,2,40
49dc2ce3-76ef-4d7b-90cb-699ecc8da8cc,Stephen Wade Nissan,DVD24884,350165995300622,2,3,82,220.35,0.044,3.2,2,44
49dc2ce3-76ef-4d7b-90cb-699ecc8da8cc,Stephen Wade Nissan,DVD24884,351224276774625,2,2,44,211.53,0.074,7.3,0,38
49dc2ce3-76ef-4d7b-90cb-699ecc8da8cc,Stephen Wade Nissan,DVD24884,359160112411584,3,1,57,91.18,0.293,6.0,1,44
49dc2ce3-76ef-4d7b-90cb-699ecc8da8cc,Stephen Wade Nissan,DVD24884,358860080179867,7,4,108,196.87,0.268,3.9,1,48
49dc2ce3-76ef-4d7b-90cb-699ecc8da8cc,Stephen Wade Nissan,DVD24884,357823129957047,3,1,73,259.01,0.214,2.8,1,47
49dc2ce3-76ef-4d7b-90cb-699ecc8da8cc,Stephen Wade Nissan,DVD24884,352642612120384,3,2,83,190.31,0.222,6.4,1,45
49dc2ce3-76ef-4d7b-90cb-699ecc8da8cc,Stephen Wade Nissan,DVD24884,353753659680785,3,0,81,101.4,0.21,6.3,1,54
49dc2ce3-76ef-4d7b-90cb-699ecc8da8cc,Stephen Wade Nissan,DVD24884,352548242183854,3,1,31,159.97,0.161,5.8,3,69
49dc2ce3-76ef-4d7b-90cb-699ecc8da8cc,Stephen Wade Nissan,DVD24884,355400644547523,2,1,71,213.41,0.169,4.1,1,49
49dc2ce3-76ef-4d7b-90cb-699ecc8da8cc,Stephen Wade Nissan,DVD24884,351123274897917,2,4,25,287.74,0.043,2.3,2,56
49dc2ce3-76ef-4d7b-90cb-699ecc8da8cc,Stephen Wade Nissan,DVD24884,357633427203886,3,3,71,62.62,0.133,4.5,0,39
49dc2ce3-76ef-4d7b-90cb-699ecc8da8cc,Stephen Wade Nissan,DVD24884,352175080196304,1,0,42,201.67,0.124,7.3,5,82
49dc2ce3-76ef-4d7b-90cb-699ecc8da8cc,Stephen Wade Nissan,DVD24884,355306935882493,1,2,49,124.07,0.016,2.7,3,72
49dc2ce3-76ef-4d7b-90cb-699ecc8da8cc,Stephen Wade Nissan,DVD24884,355340018167784,1,1,154,210.46,0.127,4.6,1,40
49dc2ce3-76ef-4d7b-90cb-699ecc8da8cc,Stephen Wade Nissan,DVD24884,358165244454460,0,1,79,215.27,0.188,7.8,4,54
49dc2ce3-76ef-4d7b-90cb-699ecc8da8cc,Stephen Wade Nissan,DVD24884,358385179937810,3,1,33,166.01,0.151,3.9,1,59
49dc2ce3-76ef-4d7b-90cb-699ecc8da8cc,Stephen Wade Nissan,DVD24884,355391287884869,1,1,12,217.9,0.322,4.2,0,28
49dc2ce3-76ef-4d7b-90cb-699ecc8da8cc,Stephen Wade Nissan,DVD24884,359969882904579,0,0,59,248.39,0.223,1.8,0,41
49dc2ce3-76ef-4d7b-90cb-699ecc8da8cc,Stephen Wade Nissan,DVD24884,352714724630198,3,1,13,170.13,0.297,5.7,1,49
49dc2ce3-76ef-4d7b-90cb-699ecc8da8cc,Stephen Wade Nissan,DVD24884,356424238397283,2,2,168,99.77,0.355,3.0,2,33
49dc2ce3-76ef-4d7b-90cb-699ecc8da8cc,Stephen Wade Nissan,DVD24884,353912187062932,1,0,50,265.53,0.09,1.4,0,53
49dc2ce3-76ef-4d7b-90cb-699ecc8da8cc,Stephen Wade Nissan,DVD24884,358809832210102,0,6,100,229.72,0.322,2.6,1,0
49dc2ce3-76ef-4d7b-90cb-699ecc8da8cc,Stephen Wade Nissan,DVD24884,353200186766100,5,3,16,213.83,0.095,4.9,1,62
49dc2ce3-76ef-4d7b-90cb-699ecc8da8cc,Stephen Wade Nissan,DVD24884,358987610814356,3,1,77,138.54,0.087,1.3,0,48
49dc2ce3-76ef-4d7b-90cb-699ecc8da8cc,Stephen Wade Nissan,DVD24884,351403845319807,1,2,115,239.13,0.173,1.7,0,35
49dc2ce3-76ef-4d7b-90cb-699ecc8da8cc,Stephen Wade Nissan,DVD24884,354682354695100,3,0,82,302.55,0.153,5.6,1,63
49dc2ce3-76ef-4d7b-90cb-699ecc8da8cc,Stephen Wade Nissan,DVD24884,353076205459671,0,1,95,172.72,0.315,4.4,0,29
49dc2ce3-76ef-4d7b-90cb-699ecc8da8cc,Stephen Wade Nissan,DVD24884,355006666411065,1,1,72,185.67,0.108,2.7,2,58
49dc2ce3-76ef-4d7b-90cb-699ecc8da8cc,Stephen Wade Nissan,DVD24884,354113407851699,1,3,39,116.09,0.094,3.9,2,41
49dc2ce3-76ef-4d7b-90cb-699ecc8da8cc,Stephen Wade Nissan,DVD24884,354970890583668,3,1,25,136.83,0.112,8.0,1,56
49dc2ce3-76ef-4d7b-90cb-699ecc8da8cc,Stephen Wade Nissan,DVD24884,353482689996269,3,0,29,115.53,0.043,7.1,1,68
49dc2ce3-76ef-4d7b-90cb-699ecc8da8cc,Stephen Wade Nissan,DVD24884,357083868889178,3,2,170,187.85,0.032,4.3,3,48
49dc2ce3-76ef-4d7b-90cb-699ecc8da8cc,Stephen Wade Nissan,DVD24884,357915059625719,2,2,63,159.55,0.152,6.1,2,48
49dc2ce3-76ef-4d7b-90cb-699ecc8da8cc,Stephen Wade Nissan,DVD24884,357609320126578,2,1,123,202.37,0.36,4.7,3,56
49dc2ce3-76ef-4d7b-90cb-699ecc8da8cc,Stephen Wade Nissan,DVD24884,359826041809521,2,4,34,126.49,0.049,1.0,4,68
49dc2ce3-76ef-4d7b-90cb-699ecc8da8cc,Stephen Wade Nissan,DVD24884,357558517774127,2,3,91,169.95,0.164,0.6,1,37
49dc2ce3-76ef-4d7b-90cb-699ecc8da8cc,Stephen Wade Nissan,DVD24884,354692118824199,3,1,24,122.79,0.32,2.7,2,66
49dc2ce3-76ef-4d7b-90cb-699ecc8da8cc,Stephen Wade Nissan,DVD24884,356264222975891,5,3,45,191.25,0.09,1.3,1,64
49dc2ce3-76ef-4d7b-90cb-699ecc8da8cc,Stephen Wade Nissan,DVD24884,357045421854570,2,1,38,82.06,0.113,5.0,2,60
49dc2ce3-76ef-4d7b-90cb-699ecc8da8cc,Stephen Wade Nissan,DVD24884,355682092257090,5,0,158,189.09,0.212,3.4,3,80
49dc2ce3-76ef-4d7b-90cb-699ecc8da8cc,Stephen Wade Nissan,DVD24884,350163564072324,4,0,28,163.28,0.213,5.4,1,61
49dc2ce3-76ef-4d7b-90cb-699ecc8da8cc,Stephen Wade Nissan,DVD24884,357282895400178,0,0,84,190.86,0.112,5.4,0,38
49dc2ce3-76ef-4d7b-90cb-699ecc8da8cc,Stephen Wade Nissan,DVD24884,358224731261685,1,0,74,80.86,0.153,5.9,0,37
49dc2ce3-76ef-4d7b-90cb-699ecc8da8cc,Stephen Wade Nissan,DVD24884,350710580119509,3,2,18,219.28,0.23,2.6,0,48
49dc2ce3-76ef-4d7b-90cb-699ecc8da8cc,Stephen Wade Nissan,DVD24884,352711526105370,3,4,124,162.08,0.249,5.5,1,17
49dc2ce3-76ef-4d7b-90cb-699ecc8da8cc,Stephen Wade Nissan,DVD24884,359230071695007,1,2,133,193.03,0.082,2.6,1,36
49dc2ce3-76ef-4d7b-90cb-699ecc8da8cc,Stephen Wade Nissan,DVD24884,354189485432987,3,1,64,67.8,0.089,5.9,3,73
49dc2ce3-76ef-4d7b-90cb-699ecc8da8cc,Stephen Wade Nissan,DVD24884,356989365294471,2,1,56,105.44,0.259,6.9,1,41
49dc2ce3-76ef-4d7b-90cb-699ecc8da8cc,Stephen Wade Nissan,DVD24884,356198273481310,0,1,9,156.59,0.369,5.9,2,42
49dc2ce3-76ef-4d7b-90cb-699ecc8da8cc,Stephen Wade Nissan,DVD24884,354502589632174,3,2,15,262.53,0.199,4.1,1,54
49dc2ce3-76ef-4d7b-90cb-699ecc8da8cc,Stephen Wade Nissan,DVD24884,353574835268064,6,1,44,211.64,0.202,5.6,0,64
49dc2ce3-76ef-4d7b-90cb-699ecc8da8cc,Stephen Wade Nissan,DVD24884,358606739834488,4,1,25,187.79,0.038,1.4,2,78
49dc2ce3-76ef-4d7b-90cb-699ecc8da8cc,Stephen Wade Nissan,DVD24884,353842536462805,4,0,101,124.54,0.098,1.0,1,60
49dc2ce3-76ef-4d7b-90cb-699ecc8da8cc,Stephen Wade Nissan,DVD24884,355077406579551,0,0,15,113.62,0.093,5.4,1,40
49dc2ce3-76ef-4d7b-90cb-699ecc8da8cc,Stephen Wade Nissan,DVD24884,355623920908551,4,1,13,196.6,0.167,7.1,0,51
49dc2ce3-76ef-4d7b-90cb-699ecc8da8cc,Stephen Wade Nissan,DVD24884,350740913111786,2,2,79,222.04,0.326,2.0,1,43
49dc2ce3-76ef-4d7b-90cb-699ecc8da8cc,Stephen Wade Nissan,DVD24884,351902547602206,4,1,70,192.54,0.213,4.5,0,56
49dc2ce3-76ef-4d7b-90cb-699ecc8da8cc,Stephen Wade Nissan,DVD24884,359535412012275,3,2,60,282.57,0.351,5.4,0,34
49dc2ce3-76ef-4d7b-90cb-699ecc8da8cc,Stephen Wade Nissan,DVD24884,359500260151532,4,2,92,139.05,0.327,3.3,0,28
49dc2ce3-76ef-4d7b-90cb-699ecc8da8cc,Stephen Wade Nissan,DVD24884,355947950740717,3,0,32,190.76,0.346,3.8,1,59
49dc2ce3-76ef-4d7b-90cb-699ecc8da8cc,Stephen Wade Nissan,DVD24884,353279805950310,3,3,39,78.41,0.064,5.7,2,57
49dc2ce3-76ef-4d7b-90cb-699ecc8da8cc,Stephen Wade Nissan,DVD24884,350649340391045,0,1,69,192.66,0.135,4.7,0,30
49dc2ce3-76ef-4d7b-90cb-699ecc8da8cc,Stephen Wade Nissan,DVD24884,352036089411849,3,1,63,268.16,0.166,4.7,3,82
49dc2ce3-76ef-4d7b-90cb-699ecc8da8cc,Stephen Wade Nissan,DVD24884,351359928553595,2,2,26,117.51,0.161,2.5,3,69
49dc2ce3-76ef-4d7b-90cb-699ecc8da8cc,Stephen Wade Nissan,DVD24884,352056100679900,1,0,112,230.53,0.216,4.4,2,63
49dc2ce3-76ef-4d7b-90cb-699ecc8da8cc,Stephen Wade Nissan,DVD24884,356968018677403,1,1,18,266.46,0.215,3.7,1,37
49dc2ce3-76ef-4d7b-90cb-699ecc8da8cc,Stephen Wade Nissan,DVD24884,357842339449530,2,1,42,138.62,0.189,3.8,2,61
49dc2ce3-76ef-4d7b-90cb-699ecc8da8cc,Stephen Wade Nissan,DVD24884,350677625503250,4,1,20,208.02,0.119,3.4,0,65
49dc2ce3-76ef-4d7b-90cb-699ecc8da8cc,Stephen Wade Nissan,DVD24884,351736542624178,3,1,219,274.78,0.051,4.4,3,63
49dc2ce3-76ef-4d7b-90cb-699ecc8da8cc,Stephen Wade Nissan,DVD24884,354290292334511,1,1,57,193.83,0.094,2.8,1,47
49dc2ce3-76ef-4d7b-90cb-699ecc8da8cc,Stephen Wade Nissan,DVD24884,350090605308868,4,2,23,227.2,0.072,4.5,2,60
49dc2ce3-76ef-4d7b-90cb-699ecc8da8cc,Stephen Wade Nissan,DVD24884,354302116673290,3,2,38,73.56,0.115,3.8,0,49
49dc2ce3-76ef-4d7b-90cb-699ecc8da8cc,Stephen Wade Nissan,DVD24884,354575988759212,2,5,68,215.83,0.119,2.6,3,43
49dc2ce3-76ef-4d7b-90cb-699ecc8da8cc,Stephen Wade Nissan,DVD24884,359964260336202,1,2,100,211.03,0.178,0.6,1,40
49dc2ce3-76ef-4d7b-90cb-699ecc8da8cc,Stephen Wade Nissan,DVD24884,357558214770920,2,2,25,100.43,0.088,6.4,1,46
49dc2ce3-76ef-4d7b-90cb-699ecc8da8cc,Stephen Wade Nissan,DVD24884,357115238023621,6,3,138,122.14,0.166,6.0,2,54
49dc2ce3-76ef-4d7b-90cb-699ecc8da8cc,Stephen Wade Nissan,DVD24884,359215818970591,2,2,55,216.24,0.177,2.9,3,60
49dc2ce3-76ef-4d7b-90cb-699ecc8da8cc,Stephen Wade Nissan,DVD24884,356118638558819,4,1,80,161.84,0.136,5.9,0,42
49dc2ce3-76ef-4d7b-90cb-699ecc8da8cc,Stephen Wade Nissan,DVD24884,355977216880053,2,2,35,246.72,0.16,2.5,2,64
49dc2ce3-76ef-4d7b-90cb-699ecc8da8cc,Stephen Wade Nissan,DVD24884,357893186928972,0,2,72,198.64,0.254,3.9,2,36
49dc2ce3-76ef-4d7b-90cb-699ecc8da8cc,Stephen Wade Nissan,DVD24884,358454018227200,0,4,33,183.39,0.241,3.4,1,22
49dc2ce3-76ef-4d7b-90cb-699ecc8da8cc,Stephen Wade Nissan,DVD24884,352839482322041,3,2,39,169.77,0.171,3.9,4,79
49dc2ce3-76ef-4d7b-90cb-699ecc8da8cc,Stephen Wade Nissan,DVD24884,354474328116599,1,1,103,197.56,0.174,5.8,2,35
49dc2ce3-76ef-4d7b-90cb-699ecc8da8cc,Stephen Wade Nissan,DVD24884,353020203042322,3,3,76,228.18,0.097,3.7,0,31
49dc2ce3-76ef-4d7b-90cb-699ecc8da8cc,Stephen Wade Nissan,DVD24884,357752135302816,2,0,43,212.03,0.143,3.8,1,56
49dc2ce3-76ef-4d7b-90cb-699ecc8da8cc,Stephen Wade Nissan,DVD24884,355064630059377,1,2,99,154.62,0.133,6.0,2,45
49dc2ce3-76ef-4d7b-90cb-699ecc8da8cc,Stephen Wade Nissan,DVD24884,357569198321029,0,1,66,254.37,0.145,4.6,2,42
49dc2ce3-76ef-4d7b-90cb-699ecc8da8cc,Stephen Wade Nissan,DVD24884,351617469029831,5,2,8,219.46,0.493,3.3,0,45
49dc2ce3-76ef-4d7b-90cb-699ecc8da8cc,Stephen Wade Nissan,DVD24884,350438419662291,5,2,49,203.11,0.248,5.0,2,62
49dc2ce3-76ef-4d7b-90cb-699ecc8da8cc,Stephen Wade Nissan,DVD24884,353167080568566,3,2,101,185.5,0.389,6.5,0,25
49dc2ce3-76ef-4d7b-90cb-699ecc8da8cc,Stephen Wade Nissan,DVD24884,357063621986550,1,1,167,210.0,0.241,6.6,0,13
49dc2ce3-76ef-4d7b-90cb-699ecc8da8cc,Stephen Wade Nissan,DVD24884,354944407663493,0,2,21,70.1,0.203,1.9,2,52
49dc2ce3-76ef-4d7b-90cb-699ecc8da8cc,Stephen Wade Nissan,DVD24884,353965049627322,0,5,97,194.48,0.28,2.0,2,20
49dc2ce3-76ef-4d7b-90cb-699ecc8da8cc,Stephen Wade Nissan,DVD24884,356261142436258,6,2,55,278.41,0.101,6.5,0,55
49dc2ce3-76ef-4d7b-90cb-699ecc8da8cc,Stephen Wade Nissan,DVD24884,355421880879919,4,5,18,193.2,0.171,3.9,2,54
49dc2ce3-76ef-4d7b-90cb-699ecc8da8cc,Stephen Wade Nissan,DVD24884,356234199643385,6,2,19,185.01,0.162,0.1,1,78
49dc2ce3-76ef-4d7b-90cb-699ecc8da8cc,Stephen Wade Nissan,DVD24884,353247250583334,3,0,22,144.25,0.047,3.0,2,70
49dc2ce3-76ef-4d7b-90cb-699ecc8da8cc,Stephen Wade Nissan,DVD24884,353031158760545,4,2,13,209.56,0.273,3.6,1,51
49dc2ce3-76ef-4d7b-90cb-699ecc8da8cc,Stephen Wade Nissan,DVD24884,357694757694535,3,0,16,168.3,0.389,3.9,2,65
49dc2ce3-76ef-4d7b-90cb-699ecc8da8cc,Stephen Wade Nissan,DVD24884,353659746698616,2,1,57,258.56,0.118,6.0,1,53
49dc2ce3-76ef-4d7b-90cb-699ecc8da8cc,Stephen Wade Nissan,DVD24884,353421254508095,1,3,7,128.18,0.098,2.6,0,32
49dc2ce3-76ef-4d7b-90cb-699ecc8da8cc,Stephen Wade Nissan,DVD24884,359481526925596,0,1,26,152.86,0.21,6.4,2,41
49dc2ce3-76ef-4d7b-90cb-699ecc8da8cc,Stephen Wade Nissan,DVD24884,356472130742359,5,4,40,143.95,0.304,5.1,1,43
49dc2ce3-76ef-4d7b-90cb-699ecc8da8cc,Stephen Wade Nissan,DVD24884,351426140489332,5,1,26,290.07,0.058,1.9,2,83
49dc2ce3-76ef-4d7b-90cb-699ecc8da8cc,Stephen Wade Nissan,DVD24884,356145430796373,2,2,14,168.61,0.103,3.9,1,51
49dc2ce3-76ef-4d7b-90cb-699ecc8da8cc,Stephen Wade Nissan,DVD24884,351008178522115,3,1,54,147.12,0.212,5.5,1,46
49dc2ce3-76ef-4d7b-90cb-699ecc8da8cc,Stephen Wade Nissan,DVD24884,358718452354268,5,0,25,54.56,0.087,4.6,1,66
49dc2ce3-76ef-4d7b-90cb-699ecc8da8cc,Stephen Wade Nissan,DVD24884,357447017320865,6,2,27,125.32,0.125,5.3,1,74
49dc2ce3-76ef-4d7b-90cb-699ecc8da8cc,Stephen Wade Nissan,DVD24884,352377729665633,2,1,48,211.67,0.068,3.3,1,55
49dc2ce3-76ef-4d7b-90cb-699ecc8da8cc,Stephen Wade Nissan,DVD24884,357014005278105,4,0,84,211.43,0.258,5.6,1,61
49dc2ce3-76ef-4d7b-90cb-699ecc8da8cc,Stephen Wade Nissan,DVD24884,355800027221425,5,0,31,140.93,0.137,3.7,0,66
49dc2ce3-76ef-4d7b-90cb-699ecc8da8cc,Stephen Wade Nissan,DVD24884,357316094391368,1,1,33,144.26,0.179,9.6,1,35
49dc2ce3-76ef-4d7b-90cb-699ecc8da8cc,Stephen Wade Nissan,DVD24884,351720313695528,2,1,17,291.59,0.115,1.9,1,63
49dc2ce3-76ef-4d7b-90cb-699ecc8da8cc,Stephen Wade Nissan,DVD24884,356209297352595,4,1,100,341.78,0.11,9.9,0,38
49dc2ce3-76ef-4d7b-90cb-699ecc8da8cc,Stephen Wade Nissan,DVD24884,353322273938992,1,0,55,248.99,0.288,2.6,3,66
49dc2ce3-76ef-4d7b-90cb-699ecc8da8cc,Stephen Wade Nissan,DVD24884,350457353236618,4,2,96,273.56,0.203,7.0,2,55
49dc2ce3-76ef-4d7b-90cb-699ecc8da8cc,Stephen Wade Nissan,DVD24884,355076108708269,1,1,107,286.29,0.052,6.2,0,40
49dc2ce3-76ef-4d7b-90cb-699ecc8da8cc,Stephen Wade Nissan,DVD24884,357182360107126,3,2,31,312.87,0.267,2.7,0,47
49dc2ce3-76ef-4d7b-90cb-699ecc8da8cc,Stephen Wade Nissan,DVD24884,351583882176484,2,1,91,161.88,0.034,5.7,1,53
49dc2ce3-76ef-4d7b-90cb-699ecc8da8cc,Stephen Wade Nissan,DVD24884,356735742233222,2,3,59,127.3,0.223,3.5,1,29
49dc2ce3-76ef-4d7b-90cb-699ecc8da8cc,Stephen Wade Nissan,DVD24884,358019442589222,3,0,33,290.01,0.107,5.0,2,77
49dc2ce3-76ef-4d7b-90cb-699ecc8da8cc,Stephen Wade Nissan,DVD24884,355606295350637,2,4,29,122.14,0.076,4.8,1,35
49dc2ce3-76ef-4d7b-90cb-699ecc8da8cc,Stephen Wade Nissan,DVD24884,353118046741307,4,5,53,118.28,0.117,3.8,0,31
49dc2ce3-76ef-4d7b-90cb-699ecc8da8cc,Stephen Wade Nissan,DVD24884,355384185201362,1,2,63,119.66,0.127,3.6,3,54
49dc2ce3-76ef-4d7b-90cb-699ecc8da8cc,Stephen Wade Nissan,DVD24884,356084639756154,2,1,5,172.12,0.128,5.2,0,39
49dc2ce3-76ef-4d7b-90cb-699ecc8da8cc,Stephen Wade Nissan,DVD24884,357055491215164,1,1,37,60.94,0.188,2.7,1,51
49dc2ce3-76ef-4d7b-90cb-699ecc8da8cc,Stephen Wade Nissan,DVD24884,351195564091969,4,3,61,94.01,0.105,2.8,4,74
49dc2ce3-76ef-4d7b-90cb-699ecc8da8cc,Stephen Wade Nissan,DVD24884,353957875207020,1,1,72,142.66,0.181,6.4,2,48
49dc2ce3-76ef-4d7b-90cb-699ecc8da8cc,Stephen Wade Nissan,DVD24884,354262019712124,5,1,47,108.24,0.196,5.4,2,69
49dc2ce3-76ef-4d7b-90cb-699ecc8da8cc,Stephen Wade Nissan,DVD24884,351393696789760,1,2,71,243.74,0.064,1.9,1,50
49dc2ce3-76ef-4d7b-90cb-699ecc8da8cc,Stephen Wade Nissan,DVD24884,359873126773192,2,3,29,180.4,0.342,2.5,1,41
49dc2ce3-76ef-4d7b-90cb-699ecc8da8cc,Stephen Wade Nissan,DVD24884,352760759889786,1,1,70,214.62,0.28,0.2,1,41
49dc2ce3-76ef-4d7b-90cb-699ecc8da8cc,Stephen Wade Nissan,DVD24884,355339431916543,2,3,63,208.05,0.218,6.3,0,25
49dc2ce3-76ef-4d7b-90cb-699ecc8da8cc,Stephen Wade Nissan,DVD24884,350895231202191,2,1,106,167.59,0.044,5.9,1,47
49dc2ce3-76ef-4d7b-90cb-699ecc8da8cc,Stephen Wade Nissan,DVD24884,355057644974700,4,1,143,239.29,0.039,2.3,1,53
49dc2ce3-76ef-4d7b-90cb-699ecc8da8cc,Stephen Wade Nissan,DVD24884,350268764486764,1,2,107,207.13,0.405,5.8,2,37
49dc2ce3-76ef-4d7b-90cb-699ecc8da8cc,Stephen Wade Nissan,DVD24884,359797416365604,1,0,43,160.9,0.068,8.5,1,46
49dc2ce3-76ef-4d7b-90cb-699ecc8da8cc,Stephen Wade Nissan,DVD24884,355006355373096,4,0,18,78.97,0.169,1.4,2,80
49dc2ce3-76ef-4d7b-90cb-699ecc8da8cc,Stephen Wade Nissan,DVD24884,354969277119529,2,3,26,211.24,0.118,3.3,2,63
49dc2ce3-76ef-4d7b-90cb-699ecc8da8cc,Stephen Wade Nissan,DVD24884,356353059702551,1,3,140,104.32,0.327,1.4,1,27
49dc2ce3-76ef-4d7b-90cb-699ecc8da8cc,Stephen Wade Nissan,DVD24884,352827636431594,1,3,55,202.82,0.287,6.4,0,15
49dc2ce3-76ef-4d7b-90cb-699ecc8da8cc,Stephen Wade Nissan,DVD24884,358989596546634,2,2,65,184.73,0.179,4.3,2,50
49dc2ce3-76ef-4d7b-90cb-699ecc8da8cc,Stephen Wade Nissan,DVD24884,355443441491699,4,0,96,98.38,0.288,3.7,2,65
49dc2ce3-76ef-4d7b-90cb-699ecc8da8cc,Stephen Wade Nissan,DVD24884,359393449743946,2,1,53,195.5,0.31,5.0,1,44
49dc2ce3-76ef-4d7b-90cb-699ecc8da8cc,Stephen Wade Nissan,DVD24884,354088223095862,1,0,119,191.48,0.061,3.4,0,38
49dc2ce3-76ef-4d7b-90cb-699ecc8da8cc,Stephen Wade Nissan,DVD24884,359739889413210,5,1,16,191.7,0.182,3.7,1,64
49dc2ce3-76ef-4d7b-90cb-699ecc8da8cc,Stephen Wade Nissan,DVD24884,359720217075485,0,0,75,188.82,0.082,5.0,1,41
49dc2ce3-76ef-4d7b-90cb-699ecc8da8cc,Stephen Wade Nissan,DVD24884,353465579220300,3,0,170,140.86,0.065,3.3,1,63
49dc2ce3-76ef-4d7b-90cb-699ecc8da8cc,Stephen Wade Nissan,DVD24884,354496461293900,3,0,125,215.5,0.251,3.6,2,58
49dc2ce3-76ef-4d7b-90cb-699ecc8da8cc,Stephen Wade Nissan,DVD24884,352512137565896,2,2,130,138.74,0.164,4.2,3,50
49dc2ce3-76ef-4d7b-90cb-699ecc8da8cc,Stephen Wade Nissan,DVD24884,353595708619931,1,1,14,115.52,0.252,4.7,2,49
49dc2ce3-76ef-4d7b-90cb-699ecc8da8cc,Stephen Wade Nissan,DVD24884,354584345663113,2,1,62,220.48,0.041,5.7,1,63
49dc2ce3-76ef-4d7b-90cb-699ecc8da8cc,Stephen Wade Nissan,DVD24884,358850342362203,4,1,48,236.19,0.117,5.7,0,48
49dc2ce3-76ef-4d7b-90cb-699ecc8da8cc,Stephen Wade Nissan,DVD24884,353474246310437,1,1,26,216.37,0.291,1.5,0,39
49dc2ce3-76ef-4d7b-90cb-699ecc8da8cc,Stephen Wade Nissan,DVD24884,359686800852946,1,3,63,167.57,0.147,7.3,1,24
49dc2ce3-76ef-4d7b-90cb-699ecc8da8cc,Stephen Wade Nissan,DVD24884,359021774174304,3,2,18,63.63,0.182,4.6,1,46
49dc2ce3-76ef-4d7b-90cb-699ecc8da8cc,Stephen Wade Nissan,DVD24884,353502385022894,2,2,71,268.9,0.048,3.8,0,43
49dc2ce3-76ef-4d7b-90cb-699ecc8da8cc,Stephen Wade Nissan,DVD24884,356652752332829,3,1,24,62.69,0.166,2.7,1,53
49dc2ce3-76ef-4d7b-90cb-699ecc8da8cc,Stephen Wade Nissan,DVD24884,353020256913303,2,1,68,215.16,0.048,8.5,3,59
49dc2ce3-76ef-4d7b-90cb-699ecc8da8cc,Stephen Wade Nissan,DVD24884,350334677116750,1,0,27,306.61,0.282,9.2,2,58
49dc2ce3-76ef-4d7b-90cb-699ecc8da8cc,Stephen Wade Nissan,DVD24884,357627995530245,2,2,41,188.97,0.168,8.2,2,44
49dc2ce3-76ef-4d7b-90cb-699ecc8da8cc,Stephen Wade Nissan,DVD24884,353012398472303,4,6,38,197.47,0.103,4.7,1,28
49dc2ce3-76ef-4d7b-90cb-699ecc8da8cc,Stephen Wade Nissan,DVD24884,354202847190172,0,1,47,202.76,0.374,5.2,0,24
49dc2ce3-76ef-4d7b-90cb-699ecc8da8cc,Stephen Wade Nissan,DVD24884,352240507648717,5,0,51,191.89,0.246,7.5,1,60
49dc2ce3-76ef-4d7b-90cb-699ecc8da8cc,Stephen Wade Nissan,DVD24884,357546199240658,2,1,38,321.04,0.151,4.0,3,71
49dc2ce3-76ef-4d7b-90cb-699ecc8da8cc,Stephen Wade Nissan,DVD24884,353872725812259,4,3,22,129.41,0.175,5.6,1,46
49dc2ce3-76ef-4d7b-90cb-699ecc8da8cc,Stephen Wade Nissan,DVD24884,350956684482373,0,2,111,121.88,0.091,5.0,1,27
49dc2ce3-76ef-4d7b-90cb-699ecc8da8cc,Stephen Wade Nissan,DVD24884,353791212110187,3,0,53,160.35,0.453,8.3,1,36
49dc2ce3-76ef-4d7b-90cb-699ecc8da8cc,Stephen Wade Nissan,DVD24884,358035869017074,5,2,64,284.45,0.1,7.4,2,57
49dc2ce3-76ef-4d7b-90cb-699ecc8da8cc,Stephen Wade Nissan,DVD24884,350392519994529,4,1,38,145.39,0.09,4.2,2,69
49dc2ce3-76ef-4d7b-90cb-699ecc8da8cc,Stephen Wade Nissan,DVD24884,355171222764338,2,2,223,205.82,0.162,7.6,2,33
49dc2ce3-76ef-4d7b-90cb-699ecc8da8cc,Stephen Wade Nissan,DVD24884,357220542216265,7,2,56,244.26,0.174,4.5,1,68
49dc2ce3-76ef-4d7b-90cb-699ecc8da8cc,Stephen Wade Nissan,DVD24884,354963308334447,1,1,115,226.74,0.172,3.4,1,42
49dc2ce3-76ef-4d7b-90cb-699ecc8da8cc,Stephen Wade Nissan,DVD24884,350488789950470,0,0,41,241.08,0.301,3.9,1,49
49dc2ce3-76ef-4d7b-90cb-699ecc8da8cc,Stephen Wade Nissan,DVD24884,352059685195377,5,1,77,265.08,0.122,4.8,1,53
49dc2ce3-76ef-4d7b-90cb-699ecc8da8cc,Stephen Wade Nissan,DVD24884,354926632956342,4,1,46,198.49,0.036,2.9,1,68
49dc2ce3-76ef-4d7b-90cb-699ecc8da8cc,Stephen Wade Nissan,DVD24884,357775225920616,2,3,102,152.58,0.289,3.5,0,23
49dc2ce3-76ef-4d7b-90cb-699ecc8da8cc,Stephen Wade Nissan,DVD24884,355812920592294,2,1,35,188.83,0.24,1.6,0,42
49dc2ce3-76ef-4d7b-90cb-699ecc8da8cc,Stephen Wade Nissan,DVD24884,351156302955963,0,1,19,159.66,0.217,2.9,1,41
49dc2ce3-76ef-4d7b-90cb-699ecc8da8cc,Stephen Wade Nissan,DVD24884,356372629420661,4,0,64,331.29,0.415,5.0,1,59
49dc2ce3-76ef-4d7b-90cb-699ecc8da8cc,Stephen Wade Nissan,DVD24884,355498085133138,2,0,107,148.04,0.127,6.6,1,48
49dc2ce3-76ef-4d7b-90cb-699ecc8da8cc,Stephen Wade Nissan,DVD24884,350049832112212,4,1,47,208.99,0.22,6.3,3,70
49dc2ce3-76ef-4d7b-90cb-699ecc8da8cc,Stephen Wade Nissan,DVD24884,351548158268687,1,3,34,89.95,0.064,5.4,3,51
49dc2ce3-76ef-4d7b-90cb-699ecc8da8cc,Stephen Wade Nissan,DVD24884,356401918548806,4,0,16,187.97,0.259,1.4,2,82
49dc2ce3-76ef-4d7b-90cb-699ecc8da8cc,Stephen Wade Nissan,DVD24884,354420062987787,0,2,108,162.77,0.116,2.8,3,44
49dc2ce3-76ef-4d7b-90cb-699ecc8da8cc,Stephen Wade Nissan,DVD24884,353585664641962,0,1,25,220.54,0.058,4.1,0,39
49dc2ce3-76ef-4d7b-90cb-699ecc8da8cc,Stephen Wade Nissan,DVD24884,353421926221320,1,1,38,222.11,0.146,6.4,1,44
49dc2ce3-76ef-4d7b-90cb-699ecc8da8cc,Stephen Wade Nissan,DVD24884,354104294831478,4,0,37,265.02,0.225,3.4,3,81
49dc2ce3-76ef-4d7b-90cb-699ecc8da8cc,Stephen Wade Nissan,DVD24884,359117972699994,3,2,50,260.25,0.229,2.1,0,45
49dc2ce3-76ef-4d7b-90cb-699ecc8da8cc,Stephen Wade Nissan,DVD24884,359812831800366,1,3,77,176.02,0.127,7.4,0,17
49dc2ce3-76ef-4d7b-90cb-699ecc8da8cc,Stephen Wade Nissan,DVD24884,356020005328538,2,1,182,123.34,0.255,3.0,3,45
49dc2ce3-76ef-4d7b-90cb-699ecc8da8cc,Stephen Wade Nissan,DVD24884,356310505243838,0,1,66,130.37,0.212,2.2,1,43
49dc2ce3-76ef-4d7b-90cb-699ecc8da8cc,Stephen Wade Nissan,DVD24884,350582692990076,2,1,16,198.16,0.13,5.0,1,47
49dc2ce3-76ef-4d7b-90cb-699ecc8da8cc,Stephen Wade Nissan,DVD24884,358627633283896,2,1,48,189.47,0.186,4.4,0,44
49dc2ce3-76ef-4d7b-90cb-699ecc8da8cc,Stephen Wade Nissan,DVD24884,353376185186267,2,0,66,195.48,0.347,3.5,1,54
49dc2ce3-76ef-4d7b-90cb-699ecc8da8cc,Stephen Wade Nissan,DVD24884,351368410132823,1,1,120,147.89,0.176,4.5,2,45
49dc2ce3-76ef-4d7b-90cb-699ecc8da8cc,Stephen Wade Nissan,DVD24884,353921883527918,1,3,111,266.23,0.211,2.6,0,25
49dc2ce3-76ef-4d7b-90cb-699ecc8da8cc,Stephen Wade Nissan,DVD24884,357506776106592,2,2,46,91.64,0.099,3.5,1,44
49dc2ce3-76ef-4d7b-90cb-699ecc8da8cc,Stephen Wade Nissan,DVD24884,350881431927976,1,2,55,144.57,0.058,4.4,2,46
49dc2ce3-76ef-4d7b-90cb-699ecc8da8cc,Stephen Wade Nissan,DVD24884,351781596983845,1,0,61,115.37,0.307,0.4,5,86
49dc2ce3-76ef-4d7b-90cb-699ecc8da8cc,Stephen Wade Nissan,DVD24884,357202665686295,3,0,55,167.46,0.341,6.4,2,64
49dc2ce3-76ef-4d7b-90cb-699ecc8da8cc,Stephen Wade Nissan,DVD24884,359125734989925,2,1,48,254.79,0.253,1.8,1,50
49dc2ce3-76ef-4d7b-90cb-699ecc8da8cc,Stephen Wade Nissan,DVD24884,355394607429907,3,2,145,162.73,0.047,2.6,0,39
49dc2ce3-76ef-4d7b-90cb-699ecc8da8cc,Stephen Wade Nissan,DVD24884,354729669417996,3,0,29,186.09,0.08,6.5,2,70
49dc2ce3-76ef-4d7b-90cb-699ecc8da8cc,Stephen Wade Nissan,DVD24884,357080897474859,2,2,98,219.85,0.355,5.6,2,38
49dc2ce3-76ef-4d7b-90cb-699ecc8da8cc,Stephen Wade Nissan,DVD24884,359464183984167,3,0,86,159.88,0.095,4.7,0,52
49dc2ce3-76ef-4d7b-90cb-699ecc8da8cc,Stephen Wade Nissan,DVD24884,353478536988164,2,2,46,202.96,0.229,1.1,0,36
49dc2ce3-76ef-4d7b-90cb-699ecc8da8cc,Stephen Wade Nissan,DVD24884,359804450928605,1,0,28,195.05,0.346,3.3,3,73
49dc2ce3-76ef-4d7b-90cb-699ecc8da8cc,Stephen Wade Nissan,DVD24884,352102627066489,0,0,53,112.15,0.026,4.1,1,42
49dc2ce3-76ef-4d7b-90cb-699ecc8da8cc,Stephen Wade Nissan,DVD24884,350082484581308,3,0,79,152.14,0.114,4.2,0,53
49dc2ce3-76ef-4d7b-90cb-699ecc8da8cc,Stephen Wade Nissan,DVD24884,358983057488399,1,2,1,201.28,0.113,6.8,5,71
49dc2ce3-76ef-4d7b-90cb-699ecc8da8cc,Stephen Wade Nissan,DVD24884,357418563027500,0,1,18,256.93,0.129,8.5,3,44
49dc2ce3-76ef-4d7b-90cb-699ecc8da8cc,Stephen Wade Nissan,DVD24884,350305661995305,1,2,4,256.88,0.078,5.7,1,44
49dc2ce3-76ef-4d7b-90cb-699ecc8da8cc,Stephen Wade Nissan,DVD24884,356418493784679,3,1,64,305.73,0.15,3.4,1,59
49dc2ce3-76ef-4d7b-90cb-699ecc8da8cc,Stephen Wade Nissan,DVD24884,350870187260013,1,2,62,209.13,0.243,6.9,2,47
49dc2ce3-76ef-4d7b-90cb-699ecc8da8cc,Stephen Wade Nissan,DVD24884,356510344442990,2,1,20,155.2,0.254,3.3,2,57
49dc2ce3-76ef-4d7b-90cb-699ecc8da8cc,Stephen Wade Nissan,DVD24884,356745686524062,2,0,26,176.16,0.217,0.0,1,58
49dc2ce3-76ef-4d7b-90cb-699ecc8da8cc,Stephen Wade Nissan,DVD24884,352155996725622,1,4,60,173.17,0.166,2.0,2,39
49dc2ce3-76ef-4d7b-90cb-699ecc8da8cc,Stephen Wade Nissan,DVD24884,352190533470474,5,2,11,155.53,0.232,0.0,1,62
49dc2ce3-76ef-4d7b-90cb-699ecc8da8cc,Stephen Wade Nissan,DVD24884,357648455939652,3,2,82,202.98,0.356,3.7,1,39
49dc2ce3-76ef-4d7b-90cb-699ecc8da8cc,Stephen Wade Nissan,DVD24884,351383507124553,1,3,42,205.77,0.309,4.1,1,22
49dc2ce3-76ef-4d7b-90cb-699ecc8da8cc,Stephen Wade Nissan,DVD24884,351290036221173,1,2,50,109.57,0.337,1.3,3,47
49dc2ce3-76ef-4d7b-90cb-699ecc8da8cc,Stephen Wade Nissan,DVD24884,352772648839585,0,5,53,245.29,0.41,2.8,2,29
49dc2ce3-76ef-4d7b-90cb-699ecc8da8cc,Stephen Wade Nissan,DVD24884,355852294252516,4,2,16,69.79,0.317,1.6,0,52
49dc2ce3-76ef-4d7b-90cb-699ecc8da8cc,Stephen Wade Nissan,DVD24884,351857591710508,4,0,53,166.65,0.267,4.2,1,64
49dc2ce3-76ef-4d7b-90cb-699ecc8da8cc,Stephen Wade Nissan,DVD24884,350549147744735,4,0,76,248.96,0.096,2.8,3,89
49dc2ce3-76ef-4d7b-90cb-699ecc8da8cc,Stephen Wade Nissan,DVD24884,353524784171594,4,1,28,216.44,0.075,6.5,2,66
49dc2ce3-76ef-4d7b-90cb-699ecc8da8cc,Stephen Wade Nissan,DVD24884,359734493053788,1,1,25,158.58,0.134,4.8,1,52
49dc2ce3-76ef-4d7b-90cb-699ecc8da8cc,Stephen Wade Nissan,DVD24884,350331836113389,3,5,174,298.13,0.23,7.7,1,24
49dc2ce3-76ef-4d7b-90cb-699ecc8da8cc,Stephen Wade Nissan,DVD24884,352608788281527,4,0,23,153.6,0.23,3.6,0,58
49dc2ce3-76ef-4d7b-90cb-699ecc8da8cc,Stephen Wade Nissan,DVD24884,358730486251521,2,0,36,59.88,0.107,8.8,2,58
49dc2ce3-76ef-4d7b-90cb-699ecc8da8cc,Stephen Wade Nissan,DVD24884,357465353780189,1,0,128,207.16,0.089,4.5,0,42
49dc2ce3-76ef-4d7b-90cb-699ecc8da8cc,Stephen Wade Nissan,DVD24884,351567344671776,2,1,10,73.29,0.093,3.4,2,58
49dc2ce3-76ef-4d7b-90cb-699ecc8da8cc,Stephen Wade Nissan,DVD24884,352969143362999,4,2,45,130.11,0.298,9.3,1,43
49dc2ce3-76ef-4d7b-90cb-699ecc8da8cc,Stephen Wade Nissan,DVD24884,354664509999001,1,7,74,217.37,0.122,0.8,0,4
49dc2ce3-76ef-4d7b-90cb-699ecc8da8cc,Stephen Wade Nissan,DVD24884,350898573908352,2,2,48,152.35,0.189,3.4,3,66
49dc2ce3-76ef-4d7b-90cb-699ecc8da8cc,Stephen Wade Nissan,DVD24884,351189684424648,0,0,9,214.84,0.107,1.2,1,52
49dc2ce3-76ef-4d7b-90cb-699ecc8da8cc,Stephen Wade Nissan,DVD24884,358499795728575,1,0,18,110.51,0.143,0.8,2,66
49dc2ce3-76ef-4d7b-90cb-699ecc8da8cc,Stephen Wade Nissan,DVD24884,359582819022179,3,1,7,231.51,0.111,0.4,1,70
49dc2ce3-76ef-4d7b-90cb-699ecc8da8cc,Stephen Wade Nissan,DVD24884,357891248839717,2,2,43,78.54,0.226,5.7,3,62
49dc2ce3-76ef-4d7b-90cb-699ecc8da8cc,Stephen Wade Nissan,DVD24884,350598445143672,2,1,67,259.12,0.204,1.8,0,39
49dc2ce3-76ef-4d7b-90cb-699ecc8da8cc,Stephen Wade Nissan,DVD24884,358681123038856,2,1,28,151.48,0.093,4.0,2,68
49dc2ce3-76ef-4d7b-90cb-699ecc8da8cc,Stephen Wade Nissan,DVD24884,358119397814590,1,1,38,271.87,0.269,6.3,1,44
49dc2ce3-76ef-4d7b-90cb-699ecc8da8cc,Stephen Wade Nissan,DVD24884,350992177905528,2,5,38,129.57,0.043,5.4,0,19
49dc2ce3-76ef-4d7b-90cb-699ecc8da8cc,Stephen Wade Nissan,DVD24884,356693351588070,4,0,114,295.49,0.216,5.3,1,54
49dc2ce3-76ef-4d7b-90cb-699ecc8da8cc,Stephen Wade Nissan,DVD24884,355326011939103,1,0,59,122.54,0.155,6.9,2,45
49dc2ce3-76ef-4d7b-90cb-699ecc8da8cc,Stephen Wade Nissan,DVD24884,358297425513609,5,3,53,72.36,0.219,7.7,2,50
49dc2ce3-76ef-4d7b-90cb-699ecc8da8cc,Stephen Wade Nissan,DVD24884,350858181045024,0,0,102,182.59,0.206,2.0,2,50
49dc2ce3-76ef-4d7b-90cb-699ecc8da8cc,Stephen Wade Nissan,DVD24884,353736158736627,2,1,13,254.04,0.1,5.5,0,43
49dc2ce3-76ef-4d7b-90cb-699ecc8da8cc,Stephen Wade Nissan,DVD24884,351358969335390,5,1,58,227.45,0.138,4.0,1,60
49dc2ce3-76ef-4d7b-90cb-699ecc8da8cc,Stephen Wade Nissan,DVD24884,350585615473156,5,0,32,249.78,0.124,4.2,0,69
49dc2ce3-76ef-4d7b-90cb-699ecc8da8cc,Stephen Wade Nissan,DVD24884,356397925511643,3,1,125,228.63,0.056,1.5,0,43
49dc2ce3-76ef-4d7b-90cb-699ecc8da8cc,Stephen Wade Nissan,DVD24884,356902837727028,0,1,103,130.78,0.055,3.4,0,25
49dc2ce3-76ef-4d7b-90cb-699ecc8da8cc,Stephen Wade Nissan,DVD24884,359666053428164,3,2,32,225.99,0.061,3.7,2,61
49dc2ce3-76ef-4d7b-90cb-699ecc8da8cc,Stephen Wade Nissan,DVD24884,354161019753584,1,1,40,185.57,0.142,7.4,0,32
49dc2ce3-76ef-4d7b-90cb-699ecc8da8cc,Stephen Wade Nissan,DVD24884,356405103880273,0,2,22,137.42,0.179,2.2,2,50
49dc2ce3-76ef-4d7b-90cb-699ecc8da8cc,Stephen Wade Nissan,DVD24884,350427636281444,2,3,92,190.76,0.141,0.0,3,62
49dc2ce3-76ef-4d7b-90cb-699ecc8da8cc,Stephen Wade Nissan,DVD24884,357189395309690,0,1,78,176.62,0.283,4.5,0,31
49dc2ce3-76ef-4d7b-90cb-699ecc8da8cc,Stephen Wade Nissan,DVD24884,356764909228849,0,1,42,264.96,0.243,2.0,3,65
49dc2ce3-76ef-4d7b-90cb-699ecc8da8cc,Stephen Wade Nissan,DVD24884,358745513587271,3,3,41,149.11,0.259,4.2,1,46
49dc2ce3-76ef-4d7b-90cb-699ecc8da8cc,Stephen Wade Nissan,DVD24884,357430688116403,0,3,34,146.3,0.084,5.8,0,16
49dc2ce3-76ef-4d7b-90cb-699ecc8da8cc,Stephen Wade Nissan,DVD24884,354398818738775,2,3,120,138.08,0.365,4.3,3,40
49dc2ce3-76ef-4d7b-90cb-699ecc8da8cc,Stephen Wade Nissan,DVD24884,358333647704130,1,1,45,293.81,0.239,3.6,0,41
49dc2ce3-76ef-4d7b-90cb-699ecc8da8cc,Stephen Wade Nissan,DVD24884,359091538602826,4,1,35,141.44,0.074,4.2,2,59
49dc2ce3-76ef-4d7b-90cb-699ecc8da8cc,Stephen Wade Nissan,DVD24884,352542041231905,4,0,85,257.81,0.1,6.2,3,75
49dc2ce3-76ef-4d7b-90cb-699ecc8da8cc,Stephen Wade Nissan,DVD24884,357720441007941,5,1,3,118.12,0.287,2.2,2,78
49dc2ce3-76ef-4d7b-90cb-699ecc8da8cc,Stephen Wade Nissan,DVD24884,359324538109794,2,1,39,210.4,0.05,6.0,2,61
49dc2ce3-76ef-4d7b-90cb-699ecc8da8cc,Stephen Wade Nissan,DVD24884,351224870987264,1,3,94,195.75,0.227,2.5,3,60
49dc2ce3-76ef-4d7b-90cb-699ecc8da8cc,Stephen Wade Nissan,DVD24884,359632251742240,4,1,139,254.0,0.178,5.7,1,51
49dc2ce3-76ef-4d7b-90cb-699ecc8da8cc,Stephen Wade Nissan,DVD24884,354326118900346,4,3,29,245.3,0.228,1.4,2,54
49dc2ce3-76ef-4d7b-90cb-699ecc8da8cc,Stephen Wade Nissan,DVD24884,358616307028672,4,0,72,184.91,0.223,5.6,1,57
49dc2ce3-76ef-4d7b-90cb-699ecc8da8cc,Stephen Wade Nissan,DVD24884,350200953662195,2,0,29,147.78,0.04,4.3,2,58
49dc2ce3-76ef-4d7b-90cb-699ecc8da8cc,Stephen Wade Nissan,DVD24884,353689005779500,3,2,184,277.5,0.285,4.7,0,32
49dc2ce3-76ef-4d7b-90cb-699ecc8da8cc,Stephen Wade Nissan,DVD24884,351732590073971,2,2,56,141.78,0.181,6.4,2,48
49dc2ce3-76ef-4d7b-90cb-699ecc8da8cc,Stephen Wade Nissan,DVD24884,353072211386908,4,2,78,43.94,0.278,2.9,1,47
49dc2ce3-76ef-4d7b-90cb-699ecc8da8cc,Stephen Wade Nissan,DVD24884,357167221045461,2,3,4,68.49,0.053,4.4,1,41
49dc2ce3-76ef-4d7b-90cb-699ecc8da8cc,Stephen Wade Nissan,DVD24884,357192817074436,5,1,34,83.1,0.128,5.1,1,80
49dc2ce3-76ef-4d7b-90cb-699ecc8da8cc,Stephen Wade Nissan,DVD24884,350234422521602,7,4,86,215.74,0.087,3.9,1,48
49dc2ce3-76ef-4d7b-90cb-699ecc8da8cc,Stephen Wade Nissan,DVD24884,355239412094477,2,1,13,312.87,0.365,5.9,1,45
49dc2ce3-76ef-4d7b-90cb-699ecc8da8cc,Stephen Wade Nissan,DVD24884,352690326551327,3,0,56,57.6,0.296,5.2,0,44
49dc2ce3-76ef-4d7b-90cb-699ecc8da8cc,Stephen Wade Nissan,DVD24884,356179480245598,3,0,143,133.05,0.094,3.3,4,73
49dc2ce3-76ef-4d7b-90cb-699ecc8da8cc,Stephen Wade Nissan,DVD24884,355160211915891,3,2,89,185.34,0.195,7.0,4,55
49dc2ce3-76ef-4d7b-90cb-699ecc8da8cc,Stephen Wade Nissan,DVD24884,352686498647868,3,0,74,272.73,0.049,5.6,0,58
49dc2ce3-76ef-4d7b-90cb-699ecc8da8cc,Stephen Wade Nissan,DVD24884,356237600884474,3,2,36,132.72,0.092,2.8,0,45
49dc2ce3-76ef-4d7b-90cb-699ecc8da8cc,Stephen Wade Nissan,DVD24884,350837819190749,2,1,17,215.45,0.285,2.8,3,73
49dc2ce3-76ef-4d7b-90cb-699ecc8da8cc,Stephen Wade Nissan,DVD24884,359216400698369,5,1,47,164.99,0.036,4.1,1,69
49dc2ce3-76ef-4d7b-90cb-699ecc8da8cc,Stephen Wade Nissan,DVD24884,352353484864708,2,1,80,336.43,0.164,5.4,1,57
49dc2ce3-76ef-4d7b-90cb-699ecc8da8cc,Stephen Wade Nissan,DVD24884,352139865462202,2,0,22,188.67,0.155,0.1,0,55
49dc2ce3-76ef-4d7b-90cb-699ecc8da8cc,Stephen Wade Nissan,DVD24884,351237205503300,2,1,88,201.34,0.352,2.9,2,53
49dc2ce3-76ef-4d7b-90cb-699ecc8da8cc,Stephen Wade Nissan,DVD24884,350088634673919,3,1,58,185.06,0.135,3.3,2,60
49dc2ce3-76ef-4d7b-90cb-699ecc8da8cc,Stephen Wade Nissan,DVD24884,350088991141600,2,1,25,155.12,0.463,1.6,0,44
49dc2ce3-76ef-4d7b-90cb-699ecc8da8cc,Stephen Wade Nissan,DVD24884,359169232737989,1,2,10,236.99,0.121,2.5,0,35
49dc2ce3-76ef-4d7b-90cb-699ecc8da8cc,Stephen Wade Nissan,DVD24884,357906085481867,2,5,13,110.46,0.086,4.8,1,27
49dc2ce3-76ef-4d7b-90cb-699ecc8da8cc,Stephen Wade Nissan,DVD24884,354630009984336,3,1,46,59.88,0.012,3.5,1,61
49dc2ce3-76ef-4d7b-90cb-699ecc8da8cc,Stephen Wade Nissan,DVD24884,351137118151985,0,4,109,170.99,0.199,3.7,0,5
49dc2ce3-76ef-4d7b-90cb-699ecc8da8cc,Stephen Wade Nissan,DVD24884,354582942034015,4,1,26,228.93,0.14,1.7,0,59
49dc2ce3-76ef-4d7b-90cb-699ecc8da8cc,Stephen Wade Nissan,DVD24884,353534660756999,2,2,119,145.15,0.046,4.1,2,56
49dc2ce3-76ef-4d7b-90cb-699ecc8da8cc,Stephen Wade Nissan,DVD24884,354494667201082,4,2,9,191.19,0.178,1.5,2,76
49dc2ce3-76ef-4d7b-90cb-699ecc8da8cc,Stephen Wade Nissan,DVD24884,354028182238794,0,3,52,106.76,0.128,7.4,0,14
49dc2ce3-76ef-4d7b-90cb-699ecc8da8cc,Stephen Wade Nissan,DVD24884,350262085817452,0,0,48,243.76,0.19,8.0,1,35
49dc2ce3-76ef-4d7b-90cb-699ecc8da8cc,Stephen Wade Nissan,DVD24884,357353642357004,1,0,67,219.11,0.107,3.6,0,46
49dc2ce3-76ef-4d7b-90cb-699ecc8da8cc,Stephen Wade Nissan,DVD24884,351291828518161,1,1,57,181.18,0.136,2.3,4,84
49dc2ce3-76ef-4d7b-90cb-699ecc8da8cc,Stephen Wade Nissan,DVD24884,352559046100792,2,2,35,190.12,0.147,6.2,5,75
49dc2ce3-76ef-4d7b-90cb-699ecc8da8cc,Stephen Wade Nissan,DVD24884,353046600128382,4,2,35,96.39,0.132,5.7,1,52
49dc2ce3-76ef-4d7b-90cb-699ecc8da8cc,Stephen Wade Nissan,DVD24884,357101232961512,6,1,96,99.07,0.222,8.2,1,55
49dc2ce3-76ef-4d7b-90cb-699ecc8da8cc,Stephen Wade Nissan,DVD24884,350485076653446,2,2,54,172.68,0.151,8.8,0,33
49dc2ce3-76ef-4d7b-90cb-699ecc8da8cc,Stephen Wade Nissan,DVD24884,350422763460191,3,2,4,210.82,0.185,0.4,0,51
49dc2ce3-76ef-4d7b-90cb-699ecc8da8cc,Stephen Wade Nissan,DVD24884,355305734724358,3,2,38,213.86,0.121,6.8,0,34
49dc2ce3-76ef-4d7b-90cb-699ecc8da8cc,Stephen Wade Nissan,DVD24884,356176822512726,4,2,41,158.22,0.092,4.1,1,57
49dc2ce3-76ef-4d7b-90cb-699ecc8da8cc,Stephen Wade Nissan,DVD24884,357086665622419,3,3,41,224.72,0.067,5.6,0,37
49dc2ce3-76ef-4d7b-90cb-699ecc8da8cc,Stephen Wade Nissan,DVD24884,357687849477129,5,0,86,265.25,0.254,6.1,3,82
49dc2ce3-76ef-4d7b-90cb-699ecc8da8cc,Stephen Wade Nissan,DVD24884,350350061848974,3,2,31,174.68,0.084,6.0,1,46
49dc2ce3-76ef-4d7b-90cb-699ecc8da8cc,Stephen Wade Nissan,DVD24884,352235434046682,0,2,61,198.58,0.065,6.5,3,45
49dc2ce3-76ef-4d7b-90cb-699ecc8da8cc,Stephen Wade Nissan,DVD24884,351215649525492,3,2,145,167.53,0.632,3.4,2,42
49dc2ce3-76ef-4d7b-90cb-699ecc8da8cc,Stephen Wade Nissan,DVD24884,350644111973881,6,4,110,172.42,0.176,2.6,0,40
49dc2ce3-76ef-4d7b-90cb-699ecc8da8cc,Stephen Wade Nissan,DVD24884,358273063435948,1,3,29,190.17,0.394,6.9,0,26
49dc2ce3-76ef-4d7b-90cb-699ecc8da8cc,Stephen Wade Nissan,DVD24884,358218849680664,4,1,56,282.2,0.124,2.8,1,70
49dc2ce3-76ef-4d7b-90cb-699ecc8da8cc,Stephen Wade Nissan,DVD24884,350511021254341,1,3,1,234.92,0.043,8.2,1,41
49dc2ce3-76ef-4d7b-90cb-699ecc8da8cc,Stephen Wade Nissan,DVD24884,352301604986037,2,1,77,229.51,0.02,3.0,0,48
49dc2ce3-76ef-4d7b-90cb-699ecc8da8cc,Stephen Wade Nissan,DVD24884,352186003203197,5,1,16,152.78,0.314,3.7,1,60
49dc2ce3-76ef-4d7b-90cb-699ecc8da8cc,Stephen Wade Nissan,DVD24884,358999011400347,0,2,50,126.11,0.063,4.1,1,37
49dc2ce3-76ef-4d7b-90cb-699ecc8da8cc,Stephen Wade Nissan,DVD24884,351317197860162,1,0,45,203.37,0.1,1.4,2,73
49dc2ce3-76ef-4d7b-90cb-699ecc8da8cc,Stephen Wade Nissan,DVD24884,355908419478550,3,1,106,254.62,0.113,1.4,2,62
49dc2ce3-76ef-4d7b-90cb-699ecc8da8cc,Stephen Wade Nissan,DVD24884,351137535821072,2,1,61,283.4,0.265,6.3,1,42
49dc2ce3-76ef-4d7b-90cb-699ecc8da8cc,Stephen Wade Nissan,DVD24884,358878072790371,3,1,45,32.84,0.184,1.1,0,46
49dc2ce3-76ef-4d7b-90cb-699ecc8da8cc,Stephen Wade Nissan,DVD24884,356160881972239,3,2,81,326.78,0.105,9.5,2,55
49dc2ce3-76ef-4d7b-90cb-699ecc8da8cc,Stephen Wade Nissan,DVD24884,359647718375307,1,1,118,205.02,0.083,4.3,0,29
49dc2ce3-76ef-4d7b-90cb-699ecc8da8cc,Stephen Wade Nissan,DVD24884,356810248085578,2,1,3,234.54,0.035,2.4,0,55
49dc2ce3-76ef-4d7b-90cb-699ecc8da8cc,Stephen Wade Nissan,DVD24884,350024432362216,1,1,30,75.6,0.332,5.3,0,34
49dc2ce3-76ef-4d7b-90cb-699ecc8da8cc,Stephen Wade Nissan,DVD24884,359069685746706,3,2,148,165.79,0.132,0.0,1,41
49dc2ce3-76ef-4d7b-90cb-699ecc8da8cc,Stephen Wade Nissan,DVD24884,357516913952150,1,1,196,229.37,0.019,3.8,1,35
49dc2ce3-76ef-4d7b-90cb-699ecc8da8cc,Stephen Wade Nissan,DVD24884,351642610703350,1,3,25,109.52,0.221,4.1,3,53
49dc2ce3-76ef-4d7b-90cb-699ecc8da8cc,Stephen Wade Nissan,DVD24884,358424319839248,4,4,95,25.0,0.148,2.0,0,24
49dc2ce3-76ef-4d7b-90cb-699ecc8da8cc,Stephen Wade Nissan,DVD24884,354813004169105,3,1,25,200.13,0.429,3.2,1,50
49dc2ce3-76ef-4d7b-90cb-699ecc8da8cc,Stephen Wade Nissan,DVD24884,353021516758646,4,1,19,177.01,0.237,7.6,2,65
49dc2ce3-76ef-4d7b-90cb-699ecc8da8cc,Stephen Wade Nissan,DVD24884,353395348110501,1,2,46,266.48,0.083,4.9,0,35
49dc2ce3-76ef-4d7b-90cb-699ecc8da8cc,Stephen Wade Nissan,DVD24884,354764278961573,1,1,102,170.4,0.209,5.3,1,33
49dc2ce3-76ef-4d7b-90cb-699ecc8da8cc,Stephen Wade Nissan,DVD24884,358551281775123,3,0,41,174.8,0.099,2.9,3,81
49dc2ce3-76ef-4d7b-90cb-699ecc8da8cc,Stephen Wade Nissan,DVD24884,359597815542609,2,2,101,221.86,0.239,1.9,0,33
49dc2ce3-76ef-4d7b-90cb-699ecc8da8cc,Stephen Wade Nissan,DVD24884,357236024465467,5,0,108,242.01,0.204,4.0,1,64
49dc2ce3-76ef-4d7b-90cb-699ecc8da8cc,Stephen Wade Nissan,DVD24884,357205171073087,5,1,34,137.48,0.08,0.0,2,74
49dc2ce3-76ef-4d7b-90cb-699ecc8da8cc,Stephen Wade Nissan,DVD24884,351564783703175,7,1,33,236.67,0.284,2.3,0,76
49dc2ce3-76ef-4d7b-90cb-699ecc8da8cc,Stephen Wade Nissan,DVD24884,354380274148572,2,1,42,148.7,0.16,2.0,1,61
49dc2ce3-76ef-4d7b-90cb-699ecc8da8cc,Stephen Wade Nissan,DVD24884,356029254686272,0,0,51,180.99,0.069,0.4,1,50
49dc2ce3-76ef-4d7b-90cb-699ecc8da8cc,Stephen Wade Nissan,DVD24884,358840766420763,4,3,47,220.25,0.097,5.8,2,53
49dc2ce3-76ef-4d7b-90cb-699ecc8da8cc,Stephen Wade Nissan,DVD24884,352713538676259,4,1,55,230.71,0.032,4.2,0,61
49dc2ce3-76ef-4d7b-90cb-699ecc8da8cc,Stephen Wade Nissan,DVD24884,352386879060488,1,1,36,199.1,0.205,3.3,2,54
49dc2ce3-76ef-4d7b-90cb-699ecc8da8cc,Stephen Wade Nissan,DVD24884,356932055340508,1,4,18,115.17,0.096,5.8,1,28
49dc2ce3-76ef-4d7b-90cb-699ecc8da8cc,Stephen Wade Nissan,DVD24884,359273961597640,1,2,171,67.78,0.107,1.2,1,44
49dc2ce3-76ef-4d7b-90cb-699ecc8da8cc,Stephen Wade Nissan,DVD24884,355356707897755,2,2,30,168.72,0.095,1.8,0,48
49dc2ce3-76ef-4d7b-90cb-699ecc8da8cc,Stephen Wade Nissan,DVD24884,354261903842273,2,2,10,238.28,0.198,6.7,1,46
49dc2ce3-76ef-4d7b-90cb-699ecc8da8cc,Stephen Wade Nissan,DVD24884,356273202227111,0,1,85,206.98,0.08,9.1,2,42
49dc2ce3-76ef-4d7b-90cb-699ecc8da8cc,Stephen Wade Nissan,DVD24884,357576917162042,3,0,21,194.52,0.169,5.9,1,62
49dc2ce3-76ef-4d7b-90cb-699ecc8da8cc,Stephen Wade Nissan,DVD24884,359851448698305,2,0,79,179.58,0.4,5.4,6,86
49dc2ce3-76ef-4d7b-90cb-699ecc8da8cc,Stephen Wade Nissan,DVD24884,352169039220269,2,1,29,198.55,0.221,3.3,2,55
49dc2ce3-76ef-4d7b-90cb-699ecc8da8cc,Stephen Wade Nissan,DVD24884,358014264710680,2,1,193,120.35,0.091,3.4,0,30
49dc2ce3-76ef-4d7b-90cb-699ecc8da8cc,Stephen Wade Nissan,DVD24884,351770316370500,1,0,131,226.81,0.089,5.0,1,55
49dc2ce3-76ef-4d7b-90cb-699ecc8da8cc,Stephen Wade Nissan,DVD24884,354933267244693,3,0,44,230.78,0.134,7.2,1,54
49dc2ce3-76ef-4d7b-90cb-699ecc8da8cc,Stephen Wade Nissan,DVD24884,351729476380839,2,1,74,158.68,0.284,5.4,3,50
49dc2ce3-76ef-4d7b-90cb-699ecc8da8cc,Stephen Wade Nissan,DVD24884,350654025998519,4,0,63,206.22,0.278,6.4,1,54
49dc2ce3-76ef-4d7b-90cb-699ecc8da8cc,Stephen Wade Nissan,DVD24884,353932727281291,3,3,28,77.01,0.501,2.7,1,36
49dc2ce3-76ef-4d7b-90cb-699ecc8da8cc,Stephen Wade Nissan,DVD24884,356350496026676,2,3,83,190.8,0.107,5.7,1,37
49dc2ce3-76ef-4d7b-90cb-699ecc8da8cc,Stephen Wade Nissan,DVD24884,355272845397499,1,0,55,172.01,0.078,3.2,3,70
49dc2ce3-76ef-4d7b-90cb-699ecc8da8cc,Stephen Wade Nissan,DVD24884,355070886406756,0,1,61,255.55,0.168,4.8,0,28
49dc2ce3-76ef-4d7b-90cb-699ecc8da8cc,Stephen Wade Nissan,DVD24884,350208019290221,0,1,78,168.08,0.059,5.7,0,20
49dc2ce3-76ef-4d7b-90cb-699ecc8da8cc,Stephen Wade Nissan,DVD24884,355439044890932,5,0,48,232.12,0.251,3.4,2,70
49dc2ce3-76ef-4d7b-90cb-699ecc8da8cc,Stephen Wade Nissan,DVD24884,352533320235102,5,0,25,156.53,0.285,2.5,1,75
49dc2ce3-76ef-4d7b-90cb-699ecc8da8cc,Stephen Wade Nissan,DVD24884,355550193545036,2,0,74,42.83,0.121,5.2,1,44
49dc2ce3-76ef-4d7b-90cb-699ecc8da8cc,Stephen Wade Nissan,DVD24884,359888439333243,4,1,88,166.47,0.135,4.2,2,61
49dc2ce3-76ef-4d7b-90cb-699ecc8da8cc,Stephen Wade Nissan,DVD24884,356296208059831,2,1,88,191.81,0.153,4.8,1,41
49dc2ce3-76ef-4d7b-90cb-699ecc8da8cc,Stephen Wade Nissan,DVD24884,352441290759659,2,3,90,189.05,0.155,5.8,1,37
49dc2ce3-76ef-4d7b-90cb-699ecc8da8cc,Stephen Wade Nissan,DVD24884,359920123763177,2,2,67,189.96,0.222,7.1,1,35
49dc2ce3-76ef-4d7b-90cb-699ecc8da8cc,Stephen Wade Nissan,DVD24884,354954210629419,1,1,10,149.61,0.083,5.8,1,47
49dc2ce3-76ef-4d7b-90cb-699ecc8da8cc,Stephen Wade Nissan,DVD24884,353759192267131,5,1,199,160.58,0.24,5.6,1,48
49dc2ce3-76ef-4d7b-90cb-699ecc8da8cc,Stephen Wade Nissan,DVD24884,357536264752864,4,1,88,112.42,0.324,3.5,3,64
49dc2ce3-76ef-4d7b-90cb-699ecc8da8cc,Stephen Wade Nissan,DVD24884,356120961730099,1,0,38,60.2,0.124,3.8,1,49
49dc2ce3-76ef-4d7b-90cb-699ecc8da8cc,Stephen Wade Nissan,DVD24884,352845240321153,4,3,97,173.61,0.184,5.4,0,36
49dc2ce3-76ef-4d7b-90cb-699ecc8da8cc,Stephen Wade Nissan,DVD24884,355505143219143,2,3,19,135.29,0.144,3.8,1,40
49dc2ce3-76ef-4d7b-90cb-699ecc8da8cc,Stephen Wade Nissan,DVD24884,350877972479254,3,0,79,244.79,0.357,5.4,1,49
49dc2ce3-76ef-4d7b-90cb-699ecc8da8cc,Stephen Wade Nissan,DVD24884,352218834581920,2,3,41,49.08,0.196,2.9,0,27
49dc2ce3-76ef-4d7b-90cb-699ecc8da8cc,Stephen Wade Nissan,DVD24884,354877067693332,2,0,20,197.46,0.039,8.4,3,72
49dc2ce3-76ef-4d7b-90cb-699ecc8da8cc,Stephen Wade Nissan,DVD24884,359986515902578,2,0,19,307.29,0.446,4.9,2,60
49dc2ce3-76ef-4d7b-90cb-699ecc8da8cc,Stephen Wade Nissan,DVD24884,354640858588382,6,2,71,169.03,0.115,4.8,1,63
49dc2ce3-76ef-4d7b-90cb-699ecc8da8cc,Stephen Wade Nissan,DVD24884,355672620846729,2,0,77,179.84,0.08,3.5,1,52
49dc2ce3-76ef-4d7b-90cb-699ecc8da8cc,Stephen Wade Nissan,DVD24884,352543551962822,1,1,23,205.58,0.187,8.3,3,61
49dc2ce3-76ef-4d7b-90cb-699ecc8da8cc,Stephen Wade Nissan,DVD24884,352501825624728,1,2,42,210.27,0.17,2.0,1,40
49dc2ce3-76ef-4d7b-90cb-699ecc8da8cc,Stephen Wade Nissan,DVD24884,356394201223414,4,1,66,155.49,0.074,3.1,0,52
49dc2ce3-76ef-4d7b-90cb-699ecc8da8cc,Stephen Wade Nissan,DVD24884,359929009662702,2,0,34,119.5,0.098,6.2,2,62
49dc2ce3-76ef-4d7b-90cb-699ecc8da8cc,Stephen Wade Nissan,DVD24884,356604509563217,1,1,177,219.16,0.255,5.0,1,32
49dc2ce3-76ef-4d7b-90cb-699ecc8da8cc,Stephen Wade Nissan,DVD24884,354003910193353,4,1,71,65.52,0.232,3.3,3,69
49dc2ce3-76ef-4d7b-90cb-699ecc8da8cc,Stephen Wade Nissan,DVD24884,358922247119360,0,0,48,229.93,0.046,3.4,3,62
49dc2ce3-76ef-4d7b-90cb-699ecc8da8cc,Stephen Wade Nissan,DVD24884,350608277056461,0,1,107,156.49,0.048,3.9,0,24
49dc2ce3-76ef-4d7b-90cb-699ecc8da8cc,Stephen Wade Nissan,DVD24884,356076264385009,1,2,76,180.19,0.267,4.7,1,32
49dc2ce3-76ef-4d7b-90cb-699ecc8da8cc,Stephen Wade Nissan,DVD24884,355372346176231,4,2,66,148.46,0.102,7.6,0,43
49dc2ce3-76ef-4d7b-90cb-699ecc8da8cc,Stephen Wade Nissan,DVD24884,353361094416423,4,0,72,265.85,0.078,5.7,1,74
49dc2ce3-76ef-4d7b-90cb-699ecc8da8cc,Stephen Wade Nissan,DVD24884,351654413727768,3,2,89,194.94,0.207,6.5,2,53
49dc2ce3-76ef-4d7b-90cb-699ecc8da8cc,Stephen Wade Nissan,DVD24884,355760634942904,0,1,31,160.7,0.127,3.6,2,46
49dc2ce3-76ef-4d7b-90cb-699ecc8da8cc,Stephen Wade Nissan,DVD24884,356175518870179,4,1,8,159.01,0.114,5.5,2,77
49dc2ce3-76ef-4d7b-90cb-699ecc8da8cc,Stephen Wade Nissan,DVD24884,359932420248374,4,1,113,171.11,0.127,1.4,0,48
49dc2ce3-76ef-4d7b-90cb-699ecc8da8cc,Stephen Wade Nissan,DVD24884,354417234565386,4,1,55,323.82,0.151,4.9,1,64
49dc2ce3-76ef-4d7b-90cb-699ecc8da8cc,Stephen Wade Nissan,DVD24884,359479025485362,2,1,36,100.97,0.1,4.7,3,61
49dc2ce3-76ef-4d7b-90cb-699ecc8da8cc,Stephen Wade Nissan,DVD24884,356890472386410,3,1,25,244.97,0.154,8.1,1,50
49dc2ce3-76ef-4d7b-90cb-699ecc8da8cc,Stephen Wade Nissan,DVD24884,350953855742164,0,3,22,214.09,0.291,7.6,0,15
49dc2ce3-76ef-4d7b-90cb-699ecc8da8cc,Stephen Wade Nissan,DVD24884,353599009378146,4,2,59,272.39,0.383,4.0,1,50
49dc2ce3-76ef-4d7b-90cb-699ecc8da8cc,Stephen Wade Nissan,DVD24884,350476143788443,3,2,51,217.74,0.222,2.9,0,53
49dc2ce3-76ef-4d7b-90cb-699ecc8da8cc,Stephen Wade Nissan,DVD24884,357066187564672,4,2,108,180.2,0.179,2.9,0,36
49dc2ce3-76ef-4d7b-90cb-699ecc8da8cc,Stephen Wade Nissan,DVD24884,356368154185899,2,1,78,241.2,0.192,3.9,0,41
49dc2ce3-76ef-4d7b-90cb-699ecc8da8cc,Stephen Wade Nissan,DVD24884,350027729108450,5,1,88,193.79,0.244,7.1,3,70
49dc2ce3-76ef-4d7b-90cb-699ecc8da8cc,Stephen Wade Nissan,DVD24884,357860435660503,3,2,104,225.3,0.225,5.3,1,40
49dc2ce3-76ef-4d7b-90cb-699ecc8da8cc,Stephen Wade Nissan,DVD24884,353746983306773,2,0,62,265.69,0.084,5.5,1,53
49dc2ce3-76ef-4d7b-90cb-699ecc8da8cc,Stephen Wade Nissan,DVD24884,350671822266794,2,0,142,185.55,0.257,6.1,1,50
49dc2ce3-76ef-4d7b-90cb-699ecc8da8cc,Stephen Wade Nissan,DVD24884,351908788653859,1,0,30,154.54,0.093,2.5,0,54
49dc2ce3-76ef-4d7b-90cb-699ecc8da8cc,Stephen Wade Nissan,DVD24884,350673963428987,4,4,103,141.37,0.121,3.1,2,49
49dc2ce3-76ef-4d7b-90cb-699ecc8da8cc,Stephen Wade Nissan,DVD24884,356055049221704,2,4,7,207.03,0.277,5.5,1,30
49dc2ce3-76ef-4d7b-90cb-699ecc8da8cc,Stephen Wade Nissan,DVD24884,358618670663201,5,1,8,127.31,0.293,2.9,3,74
49dc2ce3-76ef-4d7b-90cb-699ecc8da8cc,Stephen Wade Nissan,DVD24884,356290739928919,2,1,18,159.01,0.171,1.4,1,60
49dc2ce3-76ef-4d7b-90cb-699ecc8da8cc,Stephen Wade Nissan,DVD24884,358271826533717,0,3,48,121.95,0.168,2.3,0,15
49dc2ce3-76ef-4d7b-90cb-699ecc8da8cc,Stephen Wade Nissan,DVD24884,350864942694203,7,5,6,210.5,0.161,6.6,2,63
49dc2ce3-76ef-4d7b-90cb-699ecc8da8cc,Stephen Wade Nissan,DVD24884,359831354901459,0,1,47,134.87,0.111,3.8,1,45
49dc2ce3-76ef-4d7b-90cb-699ecc8da8cc,Stephen Wade Nissan,DVD24884,359670692195873,2,2,38,102.8,0.102,5.0,1,48
49dc2ce3-76ef-4d7b-90cb-699ecc8da8cc,Stephen Wade Nissan,DVD24884,350549824388430,5,0,187,113.35,0.194,2.4,1,54
49dc2ce3-76ef-4d7b-90cb-699ecc8da8cc,Stephen Wade Nissan,DVD24884,352178167806643,1,1,14,145.73,0.059,5.3,0,40
49dc2ce3-76ef-4d7b-90cb-699ecc8da8cc,Stephen Wade Nissan,DVD24884,351589016492815,1,2,57,151.18,0.105,4.0,1,39
49dc2ce3-76ef-4d7b-90cb-699ecc8da8cc,Stephen Wade Nissan,DVD24884,350370170926407,1,1,77,195.09,0.1,5.4,0,37
49dc2ce3-76ef-4d7b-90cb-699ecc8da8cc,Stephen Wade Nissan,DVD24884,350308808172628,1,1,136,170.3,0.109,3.5,1,36
49dc2ce3-76ef-4d7b-90cb-699ecc8da8cc,Stephen Wade Nissan,DVD24884,352968244850072,2,1,87,202.22,0.304,5.5,1,39
49dc2ce3-76ef-4d7b-90cb-699ecc8da8cc,Stephen Wade Nissan,DVD24884,358895927411680,1,1,114,207.04,0.163,3.4,1,35
49dc2ce3-76ef-4d7b-90cb-699ecc8da8cc,Stephen Wade Nissan,DVD24884,356919612766208,4,2,64,224.43,0.08,4.3,4,81
49dc2ce3-76ef-4d7b-90cb-699ecc8da8cc,Stephen Wade Nissan,DVD24884,350820391702634,1,1,27,65.53,0.138,4.0,1,50
49dc2ce3-76ef-4d7b-90cb-699ecc8da8cc,Stephen Wade Nissan,DVD24884,354435962458701,1,1,12,112.37,0.088,4.6,1,50
49dc2ce3-76ef-4d7b-90cb-699ecc8da8cc,Stephen Wade Nissan,DVD24884,352042425369091,2,3,92,213.29,0.038,5.1,3,59
49dc2ce3-76ef-4d7b-90cb-699ecc8da8cc,Stephen Wade Nissan,DVD24884,352375302849760,0,1,36,192.68,0.187,3.5,2,58
49dc2ce3-76ef-4d7b-90cb-699ecc8da8cc,Stephen Wade Nissan,DVD24884,353967024365240,5,2,5,238.62,0.251,4.3,3,83
49dc2ce3-76ef-4d7b-90cb-699ecc8da8cc,Stephen Wade Nissan,DVD24884,355536481875403,3,4,39,87.36,0.25,4.9,1,37
49dc2ce3-76ef-4d7b-90cb-699ecc8da8cc,Stephen Wade Nissan,DVD24884,356488215977385,1,2,51,151.49,0.299,5.5,4,57
49dc2ce3-76ef-4d7b-90cb-699ecc8da8cc,Stephen Wade Nissan,DVD24884,354662323606679,1,2,126,162.22,0.165,4.3,1,28
49dc2ce3-76ef-4d7b-90cb-699ecc8da8cc,Stephen Wade Nissan,DVD24884,359864912594972,2,0,42,189.99,0.054,2.7,1,59
49dc2ce3-76ef-4d7b-90cb-699ecc8da8cc,Stephen Wade Nissan,DVD24884,352042986226992,4,1,51,182.15,0.108,4.7,2,75
49dc2ce3-76ef-4d7b-90cb-699ecc8da8cc,Stephen Wade Nissan,DVD24884,350666179962356,4,1,52,208.14,0.121,5.8,3,78
49dc2ce3-76ef-4d7b-90cb-699ecc8da8cc,Stephen Wade Nissan,DVD24884,359992998335876,5,2,101,173.12,0.105,1.8,0,55
49dc2ce3-76ef-4d7b-90cb-699ecc8da8cc,Stephen Wade Nissan,DVD24884,358877792560413,4,1,28,262.34,0.087,1.9,1,65
49dc2ce3-76ef-4d7b-90cb-699ecc8da8cc,Stephen Wade Nissan,DVD24884,354820849315398,4,2,70,281.47,0.171,3.2,1,54
49dc2ce3-76ef-4d7b-90cb-699ecc8da8cc,Stephen Wade Nissan,DVD24884,353912260001440,1,0,34,112.93,0.234,4.1,0,40
49dc2ce3-76ef-4d7b-90cb-699ecc8da8cc,Stephen Wade Nissan,DVD24884,357629143049134,2,1,124,182.71,0.493,0.1,3,59
49dc2ce3-76ef-4d7b-90cb-699ecc8da8cc,Stephen Wade Nissan,DVD24884,351038975287209,4,4,144,227.88,0.117,5.6,1,40
49dc2ce3-76ef-4d7b-90cb-699ecc8da8cc,Stephen Wade Nissan,DVD24884,359865642240592,4,5,58,215.12,0.253,4.1,4,63
49dc2ce3-76ef-4d7b-90cb-699ecc8da8cc,Stephen Wade Nissan,DVD24884,350823530976691,3,2,66,155.53,0.061,0.0,1,52
49dc2ce3-76ef-4d7b-90cb-699ecc8da8cc,Stephen Wade Nissan,DVD24884,359489629805682,5,0,43,195.29,0.203,2.3,2,86
49dc2ce3-76ef-4d7b-90cb-699ecc8da8cc,Stephen Wade Nissan,DVD24884,350175307966186,3,2,8,84.99,0.112,3.9,1,51
49dc2ce3-76ef-4d7b-90cb-699ecc8da8cc,Stephen Wade Nissan,DVD24884,359572404347412,3,1,52,178.85,0.201,1.0,1,47
49dc2ce3-76ef-4d7b-90cb-699ecc8da8cc,Stephen Wade Nissan,DVD24884,355313795610077,3,1,48,92.38,0.22,6.4,2,55
49dc2ce3-76ef-4d7b-90cb-699ecc8da8cc,Stephen Wade Nissan,DVD24884,357321750361920,2,1,39,210.48,0.228,4.9,2,52
49dc2ce3-76ef-4d7b-90cb-699ecc8da8cc,Stephen Wade Nissan,DVD24884,352599919387337,1,2,42,113.04,0.053,5.9,1,43
49dc2ce3-76ef-4d7b-90cb-699ecc8da8cc,Stephen Wade Nissan,DVD24884,350342444748904,2,2,70,189.78,0.22,2.4,1,45
49dc2ce3-76ef-4d7b-90cb-699ecc8da8cc,Stephen Wade Nissan,DVD24884,357607862351076,3,0,66,199.15,0.173,5.3,0,46
49dc2ce3-76ef-4d7b-90cb-699ecc8da8cc,Stephen Wade Nissan,DVD24884,355191708517328,2,1,43,184.55,0.248,3.2,2,60
49dc2ce3-76ef-4d7b-90cb-699ecc8da8cc,Stephen Wade Nissan,DVD24884,359514563409185,6,1,132,142.08,0.194,4.1,1,56
49dc2ce3-76ef-4d7b-90cb-699ecc8da8cc,Stephen Wade Nissan,DVD24884,358055811574496,4,1,6,167.38,0.069,5.2,1,63
49dc2ce3-76ef-4d7b-90cb-699ecc8da8cc,Stephen Wade Nissan,DVD24884,355391607700409,0,0,29,250.86,0.139,4.4,1,56
49dc2ce3-76ef-4d7b-90cb-699ecc8da8cc,Stephen Wade Nissan,DVD24884,353045418403982,0,1,92,154.52,0.192,6.1,3,51
49dc2ce3-76ef-4d7b-90cb-699ecc8da8cc,Stephen Wade Nissan,DVD24884,352180396620385,1,1,9,181.29,0.307,4.8,1,47
49dc2ce3-76ef-4d7b-90cb-699ecc8da8cc,Stephen Wade Nissan,DVD24884,358864078802652,6,1,6,146.59,0.056,3.6,0,72
49dc2ce3-76ef-4d7b-90cb-699ecc8da8cc,Stephen Wade Nissan,DVD24884,359516469333562,6,4,29,241.23,0.125,6.2,1,50
49dc2ce3-76ef-4d7b-90cb-699ecc8da8cc,Stephen Wade Nissan,DVD24884,353039744088067,1,1,49,184.67,0.081,6.6,3,65
49dc2ce3-76ef-4d7b-90cb-699ecc8da8cc,Stephen Wade Nissan,DVD24884,350898709201991,0,1,35,134.16,0.274,4.7,0,26
49dc2ce3-76ef-4d7b-90cb-699ecc8da8cc,Stephen Wade Nissan,DVD24884,358431132661158,1,1,59,180.43,0.125,7.2,1,37
49dc2ce3-76ef-4d7b-90cb-699ecc8da8cc,Stephen Wade Nissan,DVD24884,354858052632119,1,2,7,165.54,0.226,4.0,0,37
49dc2ce3-76ef-4d7b-90cb-699ecc8da8cc,Stephen Wade Nissan,DVD24884,356047220539707,3,0,26,263.55,0.13,4.2,0,52
49dc2ce3-76ef-4d7b-90cb-699ecc8da8cc,Stephen Wade Nissan,DVD24884,357454470823171,0,2,82,177.32,0.044,4.5,2,46
49dc2ce3-76ef-4d7b-90cb-699ecc8da8cc,Stephen Wade Nissan,DVD24884,354619953946766,0,3,70,97.04,0.137,4.2,2,28
49dc2ce3-76ef-4d7b-90cb-699ecc8da8cc,Stephen Wade Nissan,DVD24884,352623596053026,5,1,31,209.92,0.176,3.9,0,54
49dc2ce3-76ef-4d7b-90cb-699ecc8da8cc,Stephen Wade Nissan,DVD24884,351840257870368,2,2,56,287.17,0.122,3.1,3,70
49dc2ce3-76ef-4d7b-90cb-699ecc8da8cc,Stephen Wade Nissan,DVD24884,356050630663605,2,1,48,251.82,0.304,2.5,0,39
49dc2ce3-76ef-4d7b-90cb-699ecc8da8cc,Stephen Wade Nissan,DVD24884,350281640989103,1,0,49,113.82,0.175,4.7,2,62
49dc2ce3-76ef-4d7b-90cb-699ecc8da8cc,Stephen Wade Nissan,DVD24884,359091203025209,1,2,63,163.88,0.182,6.9,0,23
49dc2ce3-76ef-4d7b-90cb-699ecc8da8cc,Stephen Wade Nissan,DVD24884,354523759795319,1,1,150,178.16,0.057,6.1,0,29
49dc2ce3-76ef-4d7b-90cb-699ecc8da8cc,Stephen Wade Nissan,DVD24884,352600986027574,4,0,152,178.89,0.092,5.3,2,63
49dc2ce3-76ef-4d7b-90cb-699ecc8da8cc,Stephen Wade Nissan,DVD24884,355449205489445,1,2,10,202.86,0.102,7.0,3,62
49dc2ce3-76ef-4d7b-90cb-699ecc8da8cc,Stephen Wade Nissan,DVD24884,353811808189655,4,2,41,159.35,0.209,4.5,1,49
49dc2ce3-76ef-4d7b-90cb-699ecc8da8cc,Stephen Wade Nissan,DVD24884,358344566229521,2,1,17,125.06,0.038,2.5,1,58
49dc2ce3-76ef-4d7b-90cb-699ecc8da8cc,Stephen Wade Nissan,DVD24884,357970566036162,2,0,67,237.11,0.112,3.8,2,66
49dc2ce3-76ef-4d7b-90cb-699ecc8da8cc,Stephen Wade Nissan,DVD24884,354860704726602,2,2,43,112.59,0.055,4.4,2,55
49dc2ce3-76ef-4d7b-90cb-699ecc8da8cc,Stephen Wade Nissan,DVD24884,353515850153017,2,1,104,131.87,0.079,3.5,0,43
49dc2ce3-76ef-4d7b-90cb-699ecc8da8cc,Stephen Wade Nissan,DVD24884,353167156058790,0,1,51,112.21,0.104,5.7,0,31
49dc2ce3-76ef-4d7b-90cb-699ecc8da8cc,Stephen Wade Nissan,DVD24884,355224413395479,1,0,136,216.73,0.227,6.4,1,40
49dc2ce3-76ef-4d7b-90cb-699ecc8da8cc,Stephen Wade Nissan,DVD24884,354064531579057,5,3,156,186.39,0.352,1.0,1,40
49dc2ce3-76ef-4d7b-90cb-699ecc8da8cc,Stephen Wade Nissan,DVD24884,351918986646936,2,0,132,233.01,0.152,4.2,3,65
49dc2ce3-76ef-4d7b-90cb-699ecc8da8cc,Stephen Wade Nissan,DVD24884,355618335974876,3,2,4,132.89,0.207,0.0,3,73
49dc2ce3-76ef-4d7b-90cb-699ecc8da8cc,Stephen Wade Nissan,DVD24884,358057023771843,4,2,62,104.82,0.246,4.3,2,54
49dc2ce3-76ef-4d7b-90cb-699ecc8da8cc,Stephen Wade Nissan,DVD24884,350192209567333,3,1,38,153.37,0.368,4.3,4,75
49dc2ce3-76ef-4d7b-90cb-699ecc8da8cc,Stephen Wade Nissan,DVD24884,352973239644028,2,0,43,169.05,0.391,8.1,1,55
49dc2ce3-76ef-4d7b-90cb-699ecc8da8cc,Stephen Wade Nissan,DVD24884,352532676992427,3,0,92,192.55,0.132,7.5,4,79
49dc2ce3-76ef-4d7b-90cb-699ecc8da8cc,Stephen Wade Nissan,DVD24884,357392385202320,3,0,40,79.06,0.04,6.4,1,58
49dc2ce3-76ef-4d7b-90cb-699ecc8da8cc,Stephen Wade Nissan,DVD24884,359140169332844,1,1,53,208.72,0.082,2.6,1,50
49dc2ce3-76ef-4d7b-90cb-699ecc8da8cc,Stephen Wade Nissan,DVD24884,352347199829075,0,1,56,126.35,0.067,2.5,1,47
49dc2ce3-76ef-4d7b-90cb-699ecc8da8cc,Stephen Wade Nissan,DVD24884,355154526075699,2,0,6,141.16,0.121,2.3,1,58
49dc2ce3-76ef-4d7b-90cb-699ecc8da8cc,Stephen Wade Nissan,DVD24884,359138310064332,0,1,36,250.42,0.101,7.6,1,41
49dc2ce3-76ef-4d7b-90cb-699ecc8da8cc,Stephen Wade Nissan,DVD24884,352622777733168,1,1,109,49.01,0.106,2.7,1,40
49dc2ce3-76ef-4d7b-90cb-699ecc8da8cc,Stephen Wade Nissan,DVD24884,350664707038503,3,1,5,199.35,0.204,3.7,0,57
49dc2ce3-76ef-4d7b-90cb-699ecc8da8cc,Stephen Wade Nissan,DVD24884,356059529842410,6,1,76,199.12,0.064,2.7,3,93
49dc2ce3-76ef-4d7b-90cb-699ecc8da8cc,Stephen Wade Nissan,DVD24884,357402740675826,3,1,24,130.87,0.234,2.0,2,62
49dc2ce3-76ef-4d7b-90cb-699ecc8da8cc,Stephen Wade Nissan,DVD24884,357625906200363,0,0,38,153.18,0.152,5.2,2,50
49dc2ce3-76ef-4d7b-90cb-699ecc8da8cc,Stephen Wade Nissan,DVD24884,358564614974597,4,1,87,253.26,0.039,4.8,0,51
49dc2ce3-76ef-4d7b-90cb-699ecc8da8cc,Stephen Wade Nissan,DVD24884,359318399798491,3,3,19,297.78,0.178,0.1,0,45
49dc2ce3-76ef-4d7b-90cb-699ecc8da8cc,Stephen Wade Nissan,DVD24884,354986099550493,2,2,40,243.88,0.09,1.9,2,52
49dc2ce3-76ef-4d7b-90cb-699ecc8da8cc,Stephen Wade Nissan,DVD24884,352664322394612,2,1,10,293.15,0.361,5.0,1,54
49dc2ce3-76ef-4d7b-90cb-699ecc8da8cc,Stephen Wade Nissan,DVD24884,351289811594853,2,0,69,138.52,0.122,4.4,1,49
49dc2ce3-76ef-4d7b-90cb-699ecc8da8cc,Stephen Wade Nissan,DVD24884,354001276223984,3,0,26,85.19,0.399,3.7,3,72
49dc2ce3-76ef-4d7b-90cb-699ecc8da8cc,Stephen Wade Nissan,DVD24884,357422567871888,5,1,13,176.84,0.24,5.7,1,72
49dc2ce3-76ef-4d7b-90cb-699ecc8da8cc,Stephen Wade Nissan,DVD24884,352237887058416,8,1,51,228.29,0.229,1.6,1,84
49dc2ce3-76ef-4d7b-90cb-699ecc8da8cc,Stephen Wade Nissan,DVD24884,358061349564799,2,2,9,68.71,0.074,3.3,2,52
49dc2ce3-76ef-4d7b-90cb-699ecc8da8cc,Stephen Wade Nissan,DVD24884,358460586794963,5,0,37,124.41,0.192,5.5,0,60
49dc2ce3-76ef-4d7b-90cb-699ecc8da8cc,Stephen Wade Nissan,DVD24884,358309723610809,1,1,24,131.08,0.129,3.2,0,48
49dc2ce3-76ef-4d7b-90cb-699ecc8da8cc,Stephen Wade Nissan,DVD24884,352616620165557,4,1,60,201.39,0.132,5.1,1,52
49dc2ce3-76ef-4d7b-90cb-699ecc8da8cc,Stephen Wade Nissan,DVD24884,358645786555751,0,1,61,193.66,0.215,2.2,1,36
49dc2ce3-76ef-4d7b-90cb-699ecc8da8cc,Stephen Wade Nissan,DVD24884,352476400068758,3,3,28,133.49,0.367,2.9,1,50
49dc2ce3-76ef-4d7b-90cb-699ecc8da8cc,Stephen Wade Nissan,DVD24884,356824051665451,2,2,133,190.79,0.282,0.9,2,39
49dc2ce3-76ef-4d7b-90cb-699ecc8da8cc,Stephen Wade Nissan,DVD24884,352244418997402,1,2,105,111.31,0.158,0.4,1,40
49dc2ce3-76ef-4d7b-90cb-699ecc8da8cc,Stephen Wade Nissan,DVD24884,353386860835701,2,1,21,154.41,0.107,3.5,3,74
49dc2ce3-76ef-4d7b-90cb-699ecc8da8cc,Stephen Wade Nissan,DVD24884,357036309442386,2,1,214,104.11,0.143,5.4,0,23
49dc2ce3-76ef-4d7b-90cb-699ecc8da8cc,Stephen Wade Nissan,DVD24884,350205089830941,2,1,84,170.99,0.384,4.3,4,55
49dc2ce3-76ef-4d7b-90cb-699ecc8da8cc,Stephen Wade Nissan,DVD24884,353490961979797,4,2,65,131.97,0.122,6.8,0,34
49dc2ce3-76ef-4d7b-90cb-699ecc8da8cc,Stephen Wade Nissan,DVD24884,352452841356948,3,1,68,221.42,0.152,3.7,1,58
49dc2ce3-76ef-4d7b-90cb-699ecc8da8cc,Stephen Wade Nissan,DVD24884,350450735674809,4,1,16,178.43,0.137,0.3,6,100
49dc2ce3-76ef-4d7b-90cb-699ecc8da8cc,Stephen Wade Nissan,DVD24884,355739405980260,2,0,117,166.4,0.125,5.2,0,48
49dc2ce3-76ef-4d7b-90cb-699ecc8da8cc,Stephen Wade Nissan,DVD24884,352944203158925,4,3,6,286.09,0.066,2.3,3,73
49dc2ce3-76ef-4d7b-90cb-699ecc8da8cc,Stephen Wade Nissan,DVD24884,358490734203197,3,1,68,203.0,0.121,4.8,1,63
49dc2ce3-76ef-4d7b-90cb-699ecc8da8cc,Stephen Wade Nissan,DVD24884,357748675951418,1,4,106,157.91,0.215,0.0,1,27
49dc2ce3-76ef-4d7b-90cb-699ecc8da8cc,Stephen Wade Nissan,DVD24884,356482308829586,1,2,23,144.98,0.166,3.9,1,42
49dc2ce3-76ef-4d7b-90cb-699ecc8da8cc,Stephen Wade Nissan,DVD24884,358419623326058,1,4,89,109.13,0.226,5.9,2,24
49dc2ce3-76ef-4d7b-90cb-699ecc8da8cc,Stephen Wade Nissan,DVD24884,356942767483173,0,1,55,176.05,0.174,5.7,4,60
49dc2ce3-76ef-4d7b-90cb-699ecc8da8cc,Stephen Wade Nissan,DVD24884,350662931518178,1,1,93,198.46,0.223,4.0,3,49
49dc2ce3-76ef-4d7b-90cb-699ecc8da8cc,Stephen Wade Nissan,DVD24884,358242655946989,2,1,103,65.14,0.153,4.4,3,60
49dc2ce3-76ef-4d7b-90cb-699ecc8da8cc,Stephen Wade Nissan,DVD24884,350623272371798,1,0,142,98.16,0.158,3.5,0,30
49dc2ce3-76ef-4d7b-90cb-699ecc8da8cc,Stephen Wade Nissan,DVD24884,359022379006548,4,0,121,149.03,0.194,3.9,3,67
49dc2ce3-76ef-4d7b-90cb-699ecc8da8cc,Stephen Wade Nissan,DVD24884,357084779541767,4,1,8,114.11,0.24,5.8,0,50
49dc2ce3-76ef-4d7b-90cb-699ecc8da8cc,Stephen Wade Nissan,DVD24884,355539818890737,3,0,22,182.6,0.523,3.0,1,61
49dc2ce3-76ef-4d7b-90cb-699ecc8da8cc,Stephen Wade Nissan,DVD24884,358159157908945,5,0,73,190.93,0.09,3.2,1,73
49dc2ce3-76ef-4d7b-90cb-699ecc8da8cc,Stephen Wade Nissan,DVD24884,358962683848876,1,2,104,172.66,0.234,1.3,0,26
49dc2ce3-76ef-4d7b-90cb-699ecc8da8cc,Stephen Wade Nissan,DVD24884,353802076123961,3,0,19,213.01,0.25,5.8,1,62
49dc2ce3-76ef-4d7b-90cb-699ecc8da8cc,Stephen Wade Nissan,DVD24884,352190518812988,3,0,83,144.91,0.213,3.9,0,50
49dc2ce3-76ef-4d7b-90cb-699ecc8da8cc,Stephen Wade Nissan,DVD24884,356182070669010,1,0,127,177.25,0.03,2.0,4,77
49dc2ce3-76ef-4d7b-90cb-699ecc8da8cc,Stephen Wade Nissan,DVD24884,357923729826893,3,1,101,119.8,0.148,6.1,0,45
49dc2ce3-76ef-4d7b-90cb-699ecc8da8cc,Stephen Wade Nissan,DVD24884,353486497035067,2,0,82,197.08,0.11,4.3,1,54
49dc2ce3-76ef-4d7b-90cb-699ecc8da8cc,Stephen Wade Nissan,DVD24884,355789683355707,3,0,48,184.55,0.078,2.9,0,55
49dc2ce3-76ef-4d7b-90cb-699ecc8da8cc,Stephen Wade Nissan,DVD24884,357312315550570,4,1,46,108.09,0.227,6.2,3,63
49dc2ce3-76ef-4d7b-90cb-699ecc8da8cc,Stephen Wade Nissan,DVD24884,355218799384440,1,0,191,170.7,0.252,3.7,1,28
49dc2ce3-76ef-4d7b-90cb-699ecc8da8cc,Stephen Wade Nissan,DVD24884,354588311414701,3,3,33,177.73,0.173,1.3,1,51
49dc2ce3-76ef-4d7b-90cb-699ecc8da8cc,Stephen Wade Nissan,DVD24884,352350368715689,2,4,22,196.86,0.058,6.3,1,41
49dc2ce3-76ef-4d7b-90cb-699ecc8da8cc,Stephen Wade Nissan,DVD24884,351097797802344,2,2,13,199.09,0.396,2.7,4,80
49dc2ce3-76ef-4d7b-90cb-699ecc8da8cc,Stephen Wade Nissan,DVD24884,355684467940366,3,0,79,136.73,0.178,10.4,0,36
49dc2ce3-76ef-4d7b-90cb-699ecc8da8cc,Stephen Wade Nissan,DVD24884,354016329573783,5,1,71,225.82,0.085,3.5,2,70
49dc2ce3-76ef-4d7b-90cb-699ecc8da8cc,Stephen Wade Nissan,DVD24884,351597572927318,2,2,52,211.38,0.28,0.4,2,52
49dc2ce3-76ef-4d7b-90cb-699ecc8da8cc,Stephen Wade Nissan,DVD24884,356830291585423,2,0,71,136.53,0.443,7.9,2,49
49dc2ce3-76ef-4d7b-90cb-699ecc8da8cc,Stephen Wade Nissan,DVD24884,353241651854839,2,3,92,111.44,0.162,4.3,0,25
49dc2ce3-76ef-4d7b-90cb-699ecc8da8cc,Stephen Wade Nissan,DVD24884,356607344674621,2,0,43,141.11,0.057,4.9,3,77
49dc2ce3-76ef-4d7b-90cb-699ecc8da8cc,Stephen Wade Nissan,DVD24884,355958417491617,4,0,75,91.7,0.167,5.2,3,78
49dc2ce3-76ef-4d7b-90cb-699ecc8da8cc,Stephen Wade Nissan,DVD24884,350502218169814,0,0,40,192.48,0.252,1.7,1,47
49dc2ce3-76ef-4d7b-90cb-699ecc8da8cc,Stephen Wade Nissan,DVD24884,351344760948377,5,1,76,251.01,0.21,0.1,2,73
49dc2ce3-76ef-4d7b-90cb-699ecc8da8cc,Stephen Wade Nissan,DVD24884,354029286433026,2,0,128,265.29,0.203,8.3,2,59
49dc2ce3-76ef-4d7b-90cb-699ecc8da8cc,Stephen Wade Nissan,DVD24884,355099621836677,3,1,99,114.64,0.136,1.3,3,64
49dc2ce3-76ef-4d7b-90cb-699ecc8da8cc,Stephen Wade Nissan,DVD24884,351966661025634,3,0,159,227.21,0.208,7.7,4,66
49dc2ce3-76ef-4d7b-90cb-699ecc8da8cc,Stephen Wade Nissan,DVD24884,352022234998013,4,1,33,185.07,0.16,5.4,3,73
49dc2ce3-76ef-4d7b-90cb-699ecc8da8cc,Stephen Wade Nissan,DVD24884,357683675901779,2,2,27,36.24,0.086,4.7,0,44
49dc2ce3-76ef-4d7b-90cb-699ecc8da8cc,Stephen Wade Nissan,DVD24884,351524461440923,2,2,70,160.06,0.177,3.5,0,31
49dc2ce3-76ef-4d7b-90cb-699ecc8da8cc,Stephen Wade Nissan,DVD24884,353517465642601,0,2,34,153.38,0.026,9.0,1,31
49dc2ce3-76ef-4d7b-90cb-699ecc8da8cc,Stephen Wade Nissan,DVD24884,358637263199569,3,1,79,252.65,0.256,3.0,1,57
49dc2ce3-76ef-4d7b-90cb-699ecc8da8cc,Stephen Wade Nissan,DVD24884,355592277641490,2,1,60,127.74,0.134,3.1,2,62
49dc2ce3-76ef-4d7b-90cb-699ecc8da8cc,Stephen Wade Nissan,DVD24884,350385025513444,3,2,22,213.78,0.146,5.7,1,52
49dc2ce3-76ef-4d7b-90cb-699ecc8da8cc,Stephen Wade Nissan,DVD24884,358672288390473,3,0,72,173.57,0.211,3.0,2,66
49dc2ce3-76ef-4d7b-90cb-699ecc8da8cc,Stephen Wade Nissan,DVD24884,353145461574932,4,2,23,93.25,0.176,2.4,1,51
49dc2ce3-76ef-4d7b-90cb-699ecc8da8cc,Stephen Wade Nissan,DVD24884,355114978879531,4,0,134,146.87,0.076,4.3,1,66
49dc2ce3-76ef-4d7b-90cb-699ecc8da8cc,Stephen Wade Nissan,DVD24884,352040954377661,0,1,43,271.9,0.126,5.8,1,46
49dc2ce3-76ef-4d7b-90cb-699ecc8da8cc,Stephen Wade Nissan,DVD24884,358308580018731,3,2,27,169.6,0.117,8.2,1,46
49dc2ce3-76ef-4d7b-90cb-699ecc8da8cc,Stephen Wade Nissan,DVD24884,354391511436786,2,1,61,234.35,0.124,8.6,1,37
49dc2ce3-76ef-4d7b-90cb-699ecc8da8cc,Stephen Wade Nissan,DVD24884,352107818710968,2,0,66,231.06,0.085,0.8,0,54
49dc2ce3-76ef-4d7b-90cb-699ecc8da8cc,Stephen Wade Nissan,DVD24884,355642570680269,1,1,32,153.1,0.191,6.5,3,57
49dc2ce3-76ef-4d7b-90cb-699ecc8da8cc,Stephen Wade Nissan,DVD24884,353315423060023,1,2,31,102.99,0.359,2.4,2,38
49dc2ce3-76ef-4d7b-90cb-699ecc8da8cc,Stephen Wade Nissan,DVD24884,350286550522411,0,2,9,110.89,0.245,2.5,2,45
49dc2ce3-76ef-4d7b-90cb-699ecc8da8cc,Stephen Wade Nissan,DVD24884,354206670151459,4,2,95,267.1,0.256,3.3,1,48
49dc2ce3-76ef-4d7b-90cb-699ecc8da8cc,Stephen Wade Nissan,DVD24884,359201663382222,4,1,131,189.1,0.05,3.2,1,60
49dc2ce3-76ef-4d7b-90cb-699ecc8da8cc,Stephen Wade Nissan,DVD24884,354005392220562,3,1,106,75.97,0.027,2.3,1,60
49dc2ce3-76ef-4d7b-90cb-699ecc8da8cc,Stephen Wade Nissan,DVD24884,350190113484339,3,3,26,230.04,0.144,0.0,4,80
49dc2ce3-76ef-4d7b-90cb-699ecc8da8cc,Stephen Wade Nissan,DVD24884,351332528613239,2,1,71,72.79,0.173,7.3,4,65
49dc2ce3-76ef-4d7b-90cb-699ecc8da8cc,Stephen Wade Nissan,DVD24884,354564523428644,3,1,62,130.43,0.348,6.2,2,56
49dc2ce3-76ef-4d7b-90cb-699ecc8da8cc,Stephen Wade Nissan,DVD24884,359760249866342,2,1,12,184.88,0.075,4.4,1,63
49dc2ce3-76ef-4d7b-90cb-699ecc8da8cc,Stephen Wade Nissan,DVD24884,350953677349852,1,3,32,331.23,0.124,2.5,0,26
49dc2ce3-76ef-4d7b-90cb-699ecc8da8cc,Stephen Wade Nissan,DVD24884,359735615266559,3,3,67,228.96,0.209,6.9,4,52
49dc2ce3-76ef-4d7b-90cb-699ecc8da8cc,Stephen Wade Nissan,DVD24884,351476253809664,4,1,5,151.06,0.062,4.3,0,68
49dc2ce3-76ef-4d7b-90cb-699ecc8da8cc,Stephen Wade Nissan,DVD24884,351475336952474,2,0,19,181.7,0.109,3.2,0,55
49dc2ce3-76ef-4d7b-90cb-699ecc8da8cc,Stephen Wade Nissan,DVD24884,356653538962985,0,2,88,235.18,0.13,1.1,2,41
49dc2ce3-76ef-4d7b-90cb-699ecc8da8cc,Stephen Wade Nissan,DVD24884,353243679241571,1,2,25,265.31,0.124,5.5,1,47
49dc2ce3-76ef-4d7b-90cb-699ecc8da8cc,Stephen Wade Nissan,DVD24884,352763835434685,1,2,12,165.14,0.222,3.7,3,67
49dc2ce3-76ef-4d7b-90cb-699ecc8da8cc,Stephen Wade Nissan,DVD24884,358639061682497,4,1,102,166.88,0.1,4.9,0,42
49dc2ce3-76ef-4d7b-90cb-699ecc8da8cc,Stephen Wade Nissan,DVD24884,359399816153811,0,1,25,130.2,0.238,4.7,0,28
49dc2ce3-76ef-4d7b-90cb-699ecc8da8cc,Stephen Wade Nissan,DVD24884,356837103073726,3,1,88,219.91,0.191,5.7,1,45
49dc2ce3-76ef-4d7b-90cb-699ecc8da8cc,Stephen Wade Nissan,DVD24884,350720148967808,2,0,156,241.56,0.078,4.8,0,39
49dc2ce3-76ef-4d7b-90cb-699ecc8da8cc,Stephen Wade Nissan,DVD24884,352649312146394,5,1,18,63.68,0.108,3.8,1,67
49dc2ce3-76ef-4d7b-90cb-699ecc8da8cc,Stephen Wade Nissan,DVD24884,357625429264563,1,1,45,156.19,0.079,5.5,1,47
49dc2ce3-76ef-4d7b-90cb-699ecc8da8cc,Stephen Wade Nissan,DVD24884,353917299403694,2,2,62,107.19,0.04,6.3,2,48
49dc2ce3-76ef-4d7b-90cb-699ecc8da8cc,Stephen Wade Nissan,DVD24884,358112664971967,2,2,101,189.05,0.169,7.5,2,51
49dc2ce3-76ef-4d7b-90cb-699ecc8da8cc,Stephen Wade Nissan,DVD24884,350683353910161,1,1,32,105.72,0.17,2.2,6,93
49dc2ce3-76ef-4d7b-90cb-699ecc8da8cc,Stephen Wade Nissan,DVD24884,352590163994901,3,1,2,100.79,0.327,6.6,3,66
49dc2ce3-76ef-4d7b-90cb-699ecc8da8cc,Stephen Wade Nissan,DVD24884,353334437673481,2,0,18,247.41,0.05,1.2,0,57
49dc2ce3-76ef-4d7b-90cb-699ecc8da8cc,Stephen Wade Nissan,DVD24884,354098410167930,2,3,38,170.06,0.141,6.4,0,28
49dc2ce3-76ef-4d7b-90cb-699ecc8da8cc,Stephen Wade Nissan,DVD24884,351481160499100,5,0,88,176.41,0.137,3.2,3,84
49dc2ce3-76ef-4d7b-90cb-699ecc8da8cc,Stephen Wade Nissan,DVD24884,354202886616801,2,1,45,205.9,0.185,6.1,2,51
49dc2ce3-76ef-4d7b-90cb-699ecc8da8cc,Stephen Wade Nissan,DVD24884,359903421348548,0,4,84,238.25,0.245,7.4,2,24
49dc2ce3-76ef-4d7b-90cb-699ecc8da8cc,Stephen Wade Nissan,DVD24884,354203531607917,1,0,36,154.88,0.266,4.9,1,62
49dc2ce3-76ef-4d7b-90cb-699ecc8da8cc,Stephen Wade Nissan,DVD24884,359138601571171,3,2,58,156.22,0.272,4.4,2,48
49dc2ce3-76ef-4d7b-90cb-699ecc8da8cc,Stephen Wade Nissan,DVD24884,353219402470288,4,0,93,156.48,0.083,4.3,0,57
49dc2ce3-76ef-4d7b-90cb-699ecc8da8cc,Stephen Wade Nissan,DVD24884,351411287452719,0,1,111,244.89,0.313,3.6,2,40
49dc2ce3-76ef-4d7b-90cb-699ecc8da8cc,Stephen Wade Nissan,DVD24884,353678576463913,2,1,180,175.91,0.403,6.7,1,26
49dc2ce3-76ef-4d7b-90cb-699ecc8da8cc,Stephen Wade Nissan,DVD24884,358107491619423,6,1,64,162.53,0.144,4.3,0,69
49dc2ce3-76ef-4d7b-90cb-699ecc8da8cc,Stephen Wade Nissan,DVD24884,352154013153506,2,2,7,203.45,0.154,0.1,3,71
49dc2ce3-76ef-4d7b-90cb-699ecc8da8cc,Stephen Wade Nissan,DVD24884,359626168455252,5,5,72,289.88,0.264,6.3,0,25
49dc2ce3-76ef-4d7b-90cb-699ecc8da8cc,Stephen Wade Nissan,DVD24884,357410254717989,0,1,6,184.46,0.193,6.2,1,42
49dc2ce3-76ef-4d7b-90cb-699ecc8da8cc,Stephen Wade Nissan,DVD24884,359488566948993,0,3,79,163.83,0.216,4.6,2,37
49dc2ce3-76ef-4d7b-90cb-699ecc8da8cc,Stephen Wade Nissan,DVD24884,350051956756355,2,2,56,296.58,0.086,2.9,0,48
49dc2ce3-76ef-4d7b-90cb-699ecc8da8cc,Stephen Wade Nissan,DVD24884,358422717266256,1,2,106,259.79,0.549,2.2,2,39
49dc2ce3-76ef-4d7b-90cb-699ecc8da8cc,Stephen Wade Nissan,DVD24884,355046070014413,3,2,36,251.09,0.14,2.9,2,64
49dc2ce3-76ef-4d7b-90cb-699ecc8da8cc,Stephen Wade Nissan,DVD24884,350686240871006,1,1,58,149.96,0.286,4.9,2,44
49dc2ce3-76ef-4d7b-90cb-699ecc8da8cc,Stephen Wade Nissan,DVD24884,356890417282076,1,1,73,144.01,0.098,0.8,2,60
49dc2ce3-76ef-4d7b-90cb-699ecc8da8cc,Stephen Wade Nissan,DVD24884,352381152232822,4,0,3,69.95,0.316,5.3,2,71
49dc2ce3-76ef-4d7b-90cb-699ecc8da8cc,Stephen Wade Nissan,DVD24884,352824084752835,3,2,71,237.9,0.29,4.6,1,43
49dc2ce3-76ef-4d7b-90cb-699ecc8da8cc,Stephen Wade Nissan,DVD24884,359994004108479,4,1,27,184.62,0.327,7.1,3,71
49dc2ce3-76ef-4d7b-90cb-699ecc8da8cc,Stephen Wade Nissan,DVD24884,351351135053572,1,3,65,71.95,0.233,5.9,0,16
49dc2ce3-76ef-4d7b-90cb-699ecc8da8cc,Stephen Wade Nissan,DVD24884,352892064157809,3,1,5,252.11,0.159,3.1,3,76
49dc2ce3-76ef-4d7b-90cb-699ecc8da8cc,Stephen Wade Nissan,DVD24884,357830280104194,3,1,82,159.76,0.476,1.1,1,43
49dc2ce3-76ef-4d7b-90cb-699ecc8da8cc,Stephen Wade Nissan,DVD24884,355341952814478,4,0,77,167.16,0.188,2.9,0,56
49dc2ce3-76ef-4d7b-90cb-699ecc8da8cc,Stephen Wade Nissan,DVD24884,356742802188930,3,0,103,89.22,0.06,7.3,5,86
49dc2ce3-76ef-4d7b-90cb-699ecc8da8cc,Stephen Wade Nissan,DVD24884,356357803789121,5,0,9,209.53,0.31,5.1,3,86
49dc2ce3-76ef-4d7b-90cb-699ecc8da8cc,Stephen Wade Nissan,DVD24884,353974369905585,1,1,177,210.11,0.13,5.7,2,40
49dc2ce3-76ef-4d7b-90cb-699ecc8da8cc,Stephen Wade Nissan,DVD24884,355759940842906,2,2,15,177.12,0.192,3.2,1,55
49dc2ce3-76ef-4d7b-90cb-699ecc8da8cc,Stephen Wade Nissan,DVD24884,359690452898606,0,1,58,154.91,0.027,5.5,0,37
49dc2ce3-76ef-4d7b-90cb-699ecc8da8cc,Stephen Wade Nissan,DVD24884,351065673374570,2,0,38,337.59,0.202,1.5,0,47
49dc2ce3-76ef-4d7b-90cb-699ecc8da8cc,Stephen Wade Nissan,DVD24884,351652761368149,2,1,46,107.8,0.169,6.4,1,43
49dc2ce3-76ef-4d7b-90cb-699ecc8da8cc,Stephen Wade Nissan,DVD24884,358025308437699,1,0,160,136.71,0.151,2.2,1,38
49dc2ce3-76ef-4d7b-90cb-699ecc8da8cc,Stephen Wade Nissan,DVD24884,352964447725084,5,1,17,222.5,0.072,0.6,0,66
49dc2ce3-76ef-4d7b-90cb-699ecc8da8cc,Stephen Wade Nissan,DVD24884,352324234800417,5,0,143,119.13,0.223,9.0,0,43
49dc2ce3-76ef-4d7b-90cb-699ecc8da8cc,Stephen Wade Nissan,DVD24884,352415536915855,8,1,90,114.71,0.085,4.8,2,85
49dc2ce3-76ef-4d7b-90cb-699ecc8da8cc,Stephen Wade Nissan,DVD24884,357490627960242,5,1,50,247.89,0.169,4.7,4,92
49dc2ce3-76ef-4d7b-90cb-699ecc8da8cc,Stephen Wade Nissan,DVD24884,355703332959452,3,2,50,216.31,0.169,0.8,1,51
49dc2ce3-76ef-4d7b-90cb-699ecc8da8cc,Stephen Wade Nissan,DVD24884,353158286304029,4,2,77,209.05,0.201,5.7,4,73
49dc2ce3-76ef-4d7b-90cb-699ecc8da8cc,Stephen Wade Nissan,DVD24884,356629917217429,1,2,36,190.91,0.156,6.3,0,32
49dc2ce3-76ef-4d7b-90cb-699ecc8da8cc,Stephen Wade Nissan,DVD24884,352204167821539,0,1,42,138.47,0.167,4.1,1,40
49dc2ce3-76ef-4d7b-90cb-699ecc8da8cc,Stephen Wade Nissan,DVD24884,352669370632503,2,2,58,164.84,0.154,6.3,2,44
49dc2ce3-76ef-4d7b-90cb-699ecc8da8cc,Stephen Wade Nissan,DVD24884,351392804850220,5,1,132,175.26,0.196,6.8,2,57
49dc2ce3-76ef-4d7b-90cb-699ecc8da8cc,Stephen Wade Nissan,DVD24884,356190193335937,0,3,46,230.77,0.27,5.6,2,33
49dc2ce3-76ef-4d7b-90cb-699ecc8da8cc,Stephen Wade Nissan,DVD24884,359719000029561,4,1,8,205.55,0.157,0.2,1,81
49dc2ce3-76ef-4d7b-90cb-699ecc8da8cc,Stephen Wade Nissan,DVD24884,356225647185594,4,2,60,124.33,0.317,2.2,1,60
49dc2ce3-76ef-4d7b-90cb-699ecc8da8cc,Stephen Wade Nissan,DVD24884,350799230453231,0,0,48,227.37,0.148,7.9,2,52
49dc2ce3-76ef-4d7b-90cb-699ecc8da8cc,Stephen Wade Nissan,DVD24884,356778145647437,3,0,29,79.29,0.089,4.7,1,62
49dc2ce3-76ef-4d7b-90cb-699ecc8da8cc,Stephen Wade Nissan,DVD24884,350194539117766,2,2,67,160.77,0.373,4.7,2,45
49dc2ce3-76ef-4d7b-90cb-699ecc8da8cc,Stephen Wade Nissan,DVD24884,356505276120928,4,1,30,111.48,0.249,2.8,1,57
49dc2ce3-76ef-4d7b-90cb-699ecc8da8cc,Stephen Wade Nissan,DVD24884,351578061902231,5,1,45,128.57,0.156,3.2,3,75
49dc2ce3-76ef-4d7b-90cb-699ecc8da8cc,Stephen Wade Nissan,DVD24884,351678706763532,3,0,58,295.6,0.169,6.9,0,45
49dc2ce3-76ef-4d7b-90cb-699ecc8da8cc,Stephen Wade Nissan,DVD24884,352371859212684,4,2,62,91.76,0.126,7.5,2,54
49dc2ce3-76ef-4d7b-90cb-699ecc8da8cc,Stephen Wade Nissan,DVD24884,358563711429430,2,2,71,130.85,0.05,6.1,3,62
49dc2ce3-76ef-4d7b-90cb-699ecc8da8cc,Stephen Wade Nissan,DVD24884,350037539892313,7,2,79,210.62,0.364,5.6,2,71
49dc2ce3-76ef-4d7b-90cb-699ecc8da8cc,Stephen Wade Nissan,DVD24884,352465986693278,4,2,57,151.8,0.311,5.8,5,82
49dc2ce3-76ef-4d7b-90cb-699ecc8da8cc,Stephen Wade Nissan,DVD24884,354178376591538,0,1,10,189.33,0.062,4.4,0,38
49dc2ce3-76ef-4d7b-90cb-699ecc8da8cc,Stephen Wade Nissan,DVD24884,352011406526642,2,2,64,265.77,0.319,2.1,2,57
49dc2ce3-76ef-4d7b-90cb-699ecc8da8cc,Stephen Wade Nissan,DVD24884,356735127245533,2,1,101,219.28,0.228,1.7,1,52
49dc2ce3-76ef-4d7b-90cb-699ecc8da8cc,Stephen Wade Nissan,DVD24884,357565697648784,2,2,7,151.88,0.072,7.1,0,46
49dc2ce3-76ef-4d7b-90cb-699ecc8da8cc,Stephen Wade Nissan,DVD24884,359622494510462,2,1,10,171.98,0.165,4.4,1,56
49dc2ce3-76ef-4d7b-90cb-699ecc8da8cc,Stephen Wade Nissan,DVD24884,355069296568512,3,3,26,211.84,0.131,5.5,0,44
49dc2ce3-76ef-4d7b-90cb-699ecc8da8cc,Stephen Wade Nissan,DVD24884,350627672935097,3,2,97,218.1,0.156,4.9,1,41
49dc2ce3-76ef-4d7b-90cb-699ecc8da8cc,Stephen Wade Nissan,DVD24884,359344212914650,2,2,24,181.25,0.108,5.0,1,54
49dc2ce3-76ef-4d7b-90cb-699ecc8da8cc,Stephen Wade Nissan,DVD24884,352234778045797,1,0,98,201.64,0.083,5.2,3,65
49dc2ce3-76ef-4d7b-90cb-699ecc8da8cc,Stephen Wade Nissan,DVD24884,352518407033982,4,1,61,201.69,0.174,5.9,1,61
49dc2ce3-76ef-4d7b-90cb-699ecc8da8cc,Stephen Wade Nissan,DVD24884,351478233720945,1,4,31,174.47,0.222,3.0,1,31
49dc2ce3-76ef-4d7b-90cb-699ecc8da8cc,Stephen Wade Nissan,DVD24884,351676706363286,3,2,280,143.69,0.128,6.9,2,35
49dc2ce3-76ef-4d7b-90cb-699ecc8da8cc,Stephen Wade Nissan,DVD24884,353011220084842,2,0,15,224.56,0.459,3.0,0,46
49dc2ce3-76ef-4d7b-90cb-699ecc8da8cc,Stephen Wade Nissan,DVD24884,356483336796082,3,0,52,197.51,0.196,5.0,0,50
49dc2ce3-76ef-4d7b-90cb-699ecc8da8cc,Stephen Wade Nissan,DVD24884,358967136054946,4,1,22,55.14,0.359,2.1,1,54
49dc2ce3-76ef-4d7b-90cb-699ecc8da8cc,Stephen Wade Nissan,DVD24884,359208564901324,4,2,66,130.45,0.078,4.2,0,56
49dc2ce3-76ef-4d7b-90cb-699ecc8da8cc,Stephen Wade Nissan,DVD24884,359519350011546,4,1,23,151.16,0.086,3.2,0,61
49dc2ce3-76ef-4d7b-90cb-699ecc8da8cc,Stephen Wade Nissan,DVD24884,351758080388904,5,1,35,167.93,0.143,4.5,1,58
49dc2ce3-76ef-4d7b-90cb-699ecc8da8cc,Stephen Wade Nissan,DVD24884,354104043156685,2,0,27,252.24,0.25,6.0,2,68
49dc2ce3-76ef-4d7b-90cb-699ecc8da8cc,Stephen Wade Nissan,DVD24884,351353814837475,2,0,41,372.14,0.196,4.7,0,54
49dc2ce3-76ef-4d7b-90cb-699ecc8da8cc,Stephen Wade Nissan,DVD24884,355803090168564,2,1,101,32.47,0.314,8.4,1,35
49dc2ce3-76ef-4d7b-90cb-699ecc8da8cc,Stephen Wade Nissan,DVD24884,357177840190271,1,2,13,198.26,0.031,6.1,0,39
49dc2ce3-76ef-4d7b-90cb-699ecc8da8cc,Stephen Wade Nissan,DVD24884,356988371611586,4,1,25,184.18,0.19,4.0,0,52
49dc2ce3-76ef-4d7b-90cb-699ecc8da8cc,Stephen Wade Nissan,DVD24884,356861199767598,1,2,36,169.17,0.013,4.3,1,37
49dc2ce3-76ef-4d7b-90cb-699ecc8da8cc,Stephen Wade Nissan,DVD24884,353326170505835,3,1,43,212.58,0.026,5.3,3,70
49dc2ce3-76ef-4d7b-90cb-699ecc8da8cc,Stephen Wade Nissan,DVD24884,353458195657285,4,1,126,188.99,0.053,5.9,2,59
49dc2ce3-76ef-4d7b-90cb-699ecc8da8cc,Stephen Wade Nissan,DVD24884,353533998242662,2,0,26,158.31,0.275,2.0,0,52
49dc2ce3-76ef-4d7b-90cb-699ecc8da8cc,Stephen Wade Nissan,DVD24884,351775801584668,4,1,98,181.75,0.254,5.8,1,51
49dc2ce3-76ef-4d7b-90cb-699ecc8da8cc,Stephen Wade Nissan,DVD24884,357930302853272,2,1,137,213.39,0.123,2.1,2,57
49dc2ce3-76ef-4d7b-90cb-699ecc8da8cc,Stephen Wade Nissan,DVD24884,357669834515025,3,0,45,207.69,0.164,5.6,3,79
49dc2ce3-76ef-4d7b-90cb-699ecc8da8cc,Stephen Wade Nissan,DVD24884,352854613087308,3,1,20,191.32,0.076,6.7,0,54
49dc2ce3-76ef-4d7b-90cb-699ecc8da8cc,Stephen Wade Nissan,DVD24884,359720738277771,3,1,115,144.99,0.157,5.1,2,40
49dc2ce3-76ef-4d7b-90cb-699ecc8da8cc,Stephen Wade Nissan,DVD24884,351842527863090,4,0,92,349.15,0.204,0.0,2,71
49dc2ce3-76ef-4d7b-90cb-699ecc8da8cc,Stephen Wade Nissan,DVD24884,350712102423447,1,1,18,201.57,0.34,0.9,2,53
49dc2ce3-76ef-4d7b-90cb-699ecc8da8cc,Stephen Wade Nissan,DVD24884,353057771961997,3,1,152,225.75,0.34,5.6,1,40
49dc2ce3-76ef-4d7b-90cb-699ecc8da8cc,Stephen Wade Nissan,DVD24884,351659656676409,5,1,28,149.53,0.101,0.0,1,73
49dc2ce3-76ef-4d7b-90cb-699ecc8da8cc,Stephen Wade Nissan,DVD24884,359683344009522,1,0,44,191.37,0.133,5.7,0,47
49dc2ce3-76ef-4d7b-90cb-699ecc8da8cc,Stephen Wade Nissan,DVD24884,354265379322191,3,3,81,190.9,0.171,6.5,2,49
49dc2ce3-76ef-4d7b-90cb-699ecc8da8cc,Stephen Wade Nissan,DVD24884,354390705473601,4,0,140,65.28,0.102,6.8,1,49
49dc2ce3-76ef-4d7b-90cb-699ecc8da8cc,Stephen Wade Nissan,DVD24884,355791150101626,3,1,64,137.0,0.114,4.0,1,63
49dc2ce3-76ef-4d7b-90cb-699ecc8da8cc,Stephen Wade Nissan,DVD24884,350080265893475,4,1,41,135.89,0.132,5.4,0,52
49dc2ce3-76ef-4d7b-90cb-699ecc8da8cc,Stephen Wade Nissan,DVD24884,359783354883571,0,1,36,143.97,0.295,4.9,2,36
49dc2ce3-76ef-4d7b-90cb-699ecc8da8cc,Stephen Wade Nissan,DVD24884,359214967914638,1,1,40,115.81,0.279,1.6,0,37
49dc2ce3-76ef-4d7b-90cb-699ecc8da8cc,Stephen Wade Nissan,DVD24884,356643203172665,2,2,211,182.63,0.316,6.0,2,43
49dc2ce3-76ef-4d7b-90cb-699ecc8da8cc,Stephen Wade Nissan,DVD24884,352824685492724,3,2,70,263.84,0.33,7.3,1,50
49dc2ce3-76ef-4d7b-90cb-699ecc8da8cc,Stephen Wade Nissan,DVD24884,350002086014605,2,4,57,187.83,0.141,5.9,1,22
49dc2ce3-76ef-4d7b-90cb-699ecc8da8cc,Stephen Wade Nissan,DVD24884,351908543271630,2,1,92,109.12,0.055,3.5,2,52
49dc2ce3-76ef-4d7b-90cb-699ecc8da8cc,Stephen Wade Nissan,DVD24884,353356369301000,3,0,43,118.15,0.084,6.0,1,60
49dc2ce3-76ef-4d7b-90cb-699ecc8da8cc,Stephen Wade Nissan,DVD24884,359089931878104,1,1,135,157.38,0.041,7.1,0,23
49dc2ce3-76ef-4d7b-90cb-699ecc8da8cc,Stephen Wade Nissan,DVD24884,358028354158929,2,0,75,95.06,0.209,6.8,2,55
49dc2ce3-76ef-4d7b-90cb-699ecc8da8cc,Stephen Wade Nissan,DVD24884,350930437661366,2,1,40,198.27,0.175,6.6,0,42
49dc2ce3-76ef-4d7b-90cb-699ecc8da8cc,Stephen Wade Nissan,DVD24884,352808122681594,0,2,33,261.19,0.074,1.3,1,41
49dc2ce3-76ef-4d7b-90cb-699ecc8da8cc,Stephen Wade Nissan,DVD24884,357470531105833,0,0,9,145.45,0.042,5.3,1,59
49dc2ce3-76ef-4d7b-90cb-699ecc8da8cc,Stephen Wade Nissan,DVD24884,350967397984218,1,3,100,184.57,0.132,5.8,2,30
49dc2ce3-76ef-4d7b-90cb-699ecc8da8cc,Stephen Wade Nissan,DVD24884,359142693765016,1,0,13,154.26,0.136,6.6,1,50
49dc2ce3-76ef-4d7b-90cb-699ecc8da8cc,Stephen Wade Nissan,DVD24884,357671877628836,5,1,129,142.22,0.147,5.5,1,53
49dc2ce3-76ef-4d7b-90cb-699ecc8da8cc,Stephen Wade Nissan,DVD24884,353688501627629,2,4,24,191.37,0.224,7.6,0,30
49dc2ce3-76ef-4d7b-90cb-699ecc8da8cc,Stephen Wade Nissan,DVD24884,352266678809376,2,2,27,140.2,0.094,0.8,2,68
49dc2ce3-76ef-4d7b-90cb-699ecc8da8cc,Stephen Wade Nissan,DVD24884,351652289890749,4,3,177,131.5,0.1,5.6,1,33
49dc2ce3-76ef-4d7b-90cb-699ecc8da8cc,Stephen Wade Nissan,DVD24884,359359812559777,1,2,95,82.84,0.155,5.5,5,55
49dc2ce3-76ef-4d7b-90cb-699ecc8da8cc,Stephen Wade Nissan,DVD24884,352659764083858,2,2,56,183.88,0.018,6.3,2,54
49dc2ce3-76ef-4d7b-90cb-699ecc8da8cc,Stephen Wade Nissan,DVD24884,350501417165789,3,0,166,244.02,0.036,7.6,2,58
49dc2ce3-76ef-4d7b-90cb-699ecc8da8cc,Stephen Wade Nissan,DVD24884,353912956518871,4,1,48,222.44,0.428,2.7,4,75
49dc2ce3-76ef-4d7b-90cb-699ecc8da8cc,Stephen Wade Nissan,DVD24884,351486005009244,4,3,35,269.52,0.021,7.5,1,46
49dc2ce3-76ef-4d7b-90cb-699ecc8da8cc,Stephen Wade Nissan,DVD24884,359287875703029,5,0,60,139.53,0.167,6.1,0,65
49dc2ce3-76ef-4d7b-90cb-699ecc8da8cc,Stephen Wade Nissan,DVD24884,353011250186074,5,1,105,231.05,0.016,4.1,3,79
49dc2ce3-76ef-4d7b-90cb-699ecc8da8cc,Stephen Wade Nissan,DVD24884,352906952223369,2,1,16,113.84,0.032,2.7,3,85
49dc2ce3-76ef-4d7b-90cb-699ecc8da8cc,Stephen Wade Nissan,DVD24884,353180620073024,1,1,26,222.56,0.092,4.9,5,84
49dc2ce3-76ef-4d7b-90cb-699ecc8da8cc,Stephen Wade Nissan,DVD24884,352662497537405,3,1,21,278.65,0.018,5.1,0,50
49dc2ce3-76ef-4d7b-90cb-699ecc8da8cc,Stephen Wade Nissan,DVD24884,357144695674068,2,0,17,209.9,0.083,5.2,3,70
49dc2ce3-76ef-4d7b-90cb-699ecc8da8cc,Stephen Wade Nissan,DVD24884,357354453451466,1,3,44,279.71,0.24,3.2,2,47
49dc2ce3-76ef-4d7b-90cb-699ecc8da8cc,Stephen Wade Nissan,DVD24884,358865834834835,2,1,17,144.08,0.14,5.7,1,60
49dc2ce3-76ef-4d7b-90cb-699ecc8da8cc,Stephen Wade Nissan,DVD24884,358626736648532,3,1,7,171.95,0.149,3.7,1,59
49dc2ce3-76ef-4d7b-90cb-699ecc8da8cc,Stephen Wade Nissan,DVD24884,350775870894326,3,2,26,125.06,0.073,6.9,1,53
49dc2ce3-76ef-4d7b-90cb-699ecc8da8cc,Stephen Wade Nissan,DVD24884,359834436958050,4,2,25,182.09,0.315,7.9,3,60
49dc2ce3-76ef-4d7b-90cb-699ecc8da8cc,Stephen Wade Nissan,DVD24884,354505092846720,3,2,72,196.18,0.212,2.9,1,45
49dc2ce3-76ef-4d7b-90cb-699ecc8da8cc,Stephen Wade Nissan,DVD24884,350734293907737,2,0,99,181.56,0.08,4.6,2,58
49dc2ce3-76ef-4d7b-90cb-699ecc8da8cc,Stephen Wade Nissan,DVD24884,352954503801625,3,2,30,151.55,0.15,6.4,2,58
49dc2ce3-76ef-4d7b-90cb-699ecc8da8cc,Stephen Wade Nissan,DVD24884,358515020450281,3,2,27,150.56,0.204,5.1,2,55
49dc2ce3-76ef-4d7b-90cb-699ecc8da8cc,Stephen Wade Nissan,DVD24884,354353127943379,0,0,170,200.71,0.024,1.8,3,54
49dc2ce3-76ef-4d7b-90cb-699ecc8da8cc,Stephen Wade Nissan,DVD24884,355311123590426,2,2,96,170.44,0.44,6.2,4,54
49dc2ce3-76ef-4d7b-90cb-699ecc8da8cc,Stephen Wade Nissan,DVD24884,355274286625108,0,1,66,110.89,0.114,3.3,2,48
49dc2ce3-76ef-4d7b-90cb-699ecc8da8cc,Stephen Wade Nissan,DVD24884,355738385545146,7,3,39,66.16,0.182,4.9,1,64
49dc2ce3-76ef-4d7b-90cb-699ecc8da8cc,Stephen Wade Nissan,DVD24884,350919351174555,7,1,95,144.27,0.057,2.5,1,78
49dc2ce3-76ef-4d7b-90cb-699ecc8da8cc,Stephen Wade Nissan,DVD24884,353706272816733,2,3,19,97.06,0.292,6.1,1,41
49dc2ce3-76ef-4d7b-90cb-699ecc8da8cc,Stephen Wade Nissan,DVD24884,357461215756264,1,0,98,129.87,0.223,3.7,3,62
49dc2ce3-76ef-4d7b-90cb-699ecc8da8cc,Stephen Wade Nissan,DVD24884,351260848187620,1,3,74,154.6,0.425,6.3,1,25
49dc2ce3-76ef-4d7b-90cb-699ecc8da8cc,Stephen Wade Nissan,DVD24884,359906931963039,3,1,85,171.23,0.254,4.1,3,67
49dc2ce3-76ef-4d7b-90cb-699ecc8da8cc,Stephen Wade Nissan,DVD24884,359516704505998,2,2,57,140.04,0.232,3.5,0,29
49dc2ce3-76ef-4d7b-90cb-699ecc8da8cc,Stephen Wade Nissan,DVD24884,352267312343888,8,2,14,311.47,0.161,5.3,1,71
49dc2ce3-76ef-4d7b-90cb-699ecc8da8cc,Stephen Wade Nissan,DVD24884,350485142025936,1,0,19,104.33,0.064,2.4,2,71
49dc2ce3-76ef-4d7b-90cb-699ecc8da8cc,Stephen Wade Nissan,DVD24884,354502823134275,3,2,77,252.55,0.282,8.1,1,38
49dc2ce3-76ef-4d7b-90cb-699ecc8da8cc,Stephen Wade Nissan,DVD24884,355767299115490,2,1,71,170.25,0.192,4.9,1,46
49dc2ce3-76ef-4d7b-90cb-699ecc8da8cc,Stephen Wade Nissan,DVD24884,354431834369531,3,2,33,140.55,0.364,3.4,0,38
49dc2ce3-76ef-4d7b-90cb-699ecc8da8cc,Stephen Wade Nissan,DVD24884,350297711506291,5,1,32,215.25,0.167,3.7,0,63
49dc2ce3-76ef-4d7b-90cb-699ecc8da8cc,Stephen Wade Nissan,DVD24884,357926517328162,2,1,117,152.83,0.134,4.5,1,42
49dc2ce3-76ef-4d7b-90cb-699ecc8da8cc,Stephen Wade Nissan,DVD24884,359108739221983,3,1,51,131.58,0.049,6.5,3,63
49dc2ce3-76ef-4d7b-90cb-699ecc8da8cc,Stephen Wade Nissan,DVD24884,356915737671052,2,2,25,287.39,0.172,2.7,0,42
49dc2ce3-76ef-4d7b-90cb-699ecc8da8cc,Stephen Wade Nissan,DVD24884,359877074599153,3,1,130,48.33,0.121,3.8,0,44
49dc2ce3-76ef-4d7b-90cb-699ecc8da8cc,Stephen Wade Nissan,DVD24884,350445002026838,5,1,122,165.31,0.152,4.4,2,60
49dc2ce3-76ef-4d7b-90cb-699ecc8da8cc,Stephen Wade Nissan,DVD24884,357890345029586,5,4,51,191.4,0.079,7.6,2,53
49dc2ce3-76ef-4d7b-90cb-699ecc8da8cc,Stephen Wade Nissan,DVD24884,357603040934675,4,1,59,264.48,0.233,6.5,1,62
49dc2ce3-76ef-4d7b-90cb-699ecc8da8cc,Stephen Wade Nissan,DVD24884,354182368810138,3,2,97,156.09,0.183,7.7,2,45
49dc2ce3-76ef-4d7b-90cb-699ecc8da8cc,Stephen Wade Nissan,DVD24884,352721051334601,1,2,81,339.66,0.419,4.6,3,50
49dc2ce3-76ef-4d7b-90cb-699ecc8da8cc,Stephen Wade Nissan,DVD24884,358422013882532,3,0,13,225.55,0.12,7.4,3,71
49dc2ce3-76ef-4d7b-90cb-699ecc8da8cc,Stephen Wade Nissan,DVD24884,350831681636038,3,2,133,37.96,0.288,7.0,3,50
49dc2ce3-76ef-4d7b-90cb-699ecc8da8cc,Stephen Wade Nissan,DVD24884,359173690789476,3,1,11,92.78,0.44,5.9,2,52
49dc2ce3-76ef-4d7b-90cb-699ecc8da8cc,Stephen Wade Nissan,DVD24884,357200052141070,1,2,71,194.22,0.302,6.1,3,55
49dc2ce3-76ef-4d7b-90cb-699ecc8da8cc,Stephen Wade Nissan,DVD24884,357163485089512,1,4,17,111.37,0.184,3.3,0,9
49dc2ce3-76ef-4d7b-90cb-699ecc8da8cc,Stephen Wade Nissan,DVD24884,353708511919445,3,1,81,212.87,0.157,8.2,1,55
49dc2ce3-76ef-4d7b-90cb-699ecc8da8cc,Stephen Wade Nissan,DVD24884,354569729655619,1,0,28,152.78,0.192,4.0,2,63
49dc2ce3-76ef-4d7b-90cb-699ecc8da8cc,Stephen Wade Nissan,DVD24884,352767137718862,0,1,29,108.24,0.116,5.6,1,33
49dc2ce3-76ef-4d7b-90cb-699ecc8da8cc,Stephen Wade Nissan,DVD24884,356395612667830,2,3,93,122.12,0.122,5.9,0,25
49dc2ce3-76ef-4d7b-90cb-699ecc8da8cc,Stephen Wade Nissan,DVD24884,355573713887402,1,4,17,231.11,0.193,1.8,2,50
49dc2ce3-76ef-4d7b-90cb-699ecc8da8cc,Stephen Wade Nissan,DVD24884,352346144662763,3,0,33,58.62,0.051,4.4,3,74
49dc2ce3-76ef-4d7b-90cb-699ecc8da8cc,Stephen Wade Nissan,DVD24884,353041176142152,3,0,17,242.72,0.17,4.9,1,65
49dc2ce3-76ef-4d7b-90cb-699ecc8da8cc,Stephen Wade Nissan,DVD24884,354831968636470,0,2,56,244.47,0.152,4.3,0,19
49dc2ce3-76ef-4d7b-90cb-699ecc8da8cc,Stephen Wade Nissan,DVD24884,354656896987036,3,1,17,160.12,0.191,4.4,0,50
49dc2ce3-76ef-4d7b-90cb-699ecc8da8cc,Stephen Wade Nissan,DVD24884,358830048379363,1,2,67,95.73,0.278,7.5,0,10
49dc2ce3-76ef-4d7b-90cb-699ecc8da8cc,Stephen Wade Nissan,DVD24884,351592291270659,3,0,121,213.35,0.319,2.8,0,47
49dc2ce3-76ef-4d7b-90cb-699ecc8da8cc,Stephen Wade Nissan,DVD24884,353410406291187,2,2,5,150.82,0.328,2.0,1,46
49dc2ce3-76ef-4d7b-90cb-699ecc8da8cc,Stephen Wade Nissan,DVD24884,352282471830181,4,2,28,89.09,0.132,3.3,0,47
49dc2ce3-76ef-4d7b-90cb-699ecc8da8cc,Stephen Wade Nissan,DVD24884,357960757898497,4,1,19,294.55,0.238,6.0,0,48
49dc2ce3-76ef-4d7b-90cb-699ecc8da8cc,Stephen Wade Nissan,DVD24884,354997990522171,5,2,14,126.94,0.216,6.2,2,67
49dc2ce3-76ef-4d7b-90cb-699ecc8da8cc,Stephen Wade Nissan,DVD24884,351486565818981,2,1,65,91.67,0.147,5.7,1,45
49dc2ce3-76ef-4d7b-90cb-699ecc8da8cc,Stephen Wade Nissan,DVD24884,350617356316312,2,2,60,197.1,0.276,6.3,2,45
49dc2ce3-76ef-4d7b-90cb-699ecc8da8cc,Stephen Wade Nissan,DVD24884,359755726169496,1,1,132,175.93,0.099,5.0,2,46
49dc2ce3-76ef-4d7b-90cb-699ecc8da8cc,Stephen Wade Nissan,DVD24884,353788119389990,3,4,86,269.17,0.161,3.5,0,35
49dc2ce3-76ef-4d7b-90cb-699ecc8da8cc,Stephen Wade Nissan,DVD24884,356820130716753,2,1,53,157.17,0.275,2.6,3,62
49dc2ce3-76ef-4d7b-90cb-699ecc8da8cc,Stephen Wade Nissan,DVD24884,352163361317985,6,2,63,157.8,0.1,2.0,0,60
49dc2ce3-76ef-4d7b-90cb-699ecc8da8cc,Stephen Wade Nissan,DVD24884,354900490372954,1,0,33,200.11,0.222,4.0,1,51
49dc2ce3-76ef-4d7b-90cb-699ecc8da8cc,Stephen Wade Nissan,DVD24884,355858356399812,2,3,65,191.97,0.183,6.1,1,33
49dc2ce3-76ef-4d7b-90cb-699ecc8da8cc,Stephen Wade Nissan,DVD24884,357439225517419,1,4,11,193.8,0.099,5.0,4,59
49dc2ce3-76ef-4d7b-90cb-699ecc8da8cc,Stephen Wade Nissan,DVD24884,352581476212360,4,0,45,196.32,0.086,4.5,2,76
49dc2ce3-76ef-4d7b-90cb-699ecc8da8cc,Stephen Wade Nissan,DVD24884,351863994541384,5,2,73,189.88,0.138,2.4,1,56
49dc2ce3-76ef-4d7b-90cb-699ecc8da8cc,Stephen Wade Nissan,DVD24884,355315630930796,4,3,44,155.01,0.087,9.7,1,41
49dc2ce3-76ef-4d7b-90cb-699ecc8da8cc,Stephen Wade Nissan,DVD24884,358590964598724,3,0,29,229.96,0.195,2.8,2,71
49dc2ce3-76ef-4d7b-90cb-699ecc8da8cc,Stephen Wade Nissan,DVD24884,350899217735166,3,1,55,158.41,0.053,4.7,0,35
49dc2ce3-76ef-4d7b-90cb-699ecc8da8cc,Stephen Wade Nissan,DVD24884,358113397367072,4,2,25,228.26,0.158,6.5,0,44
49dc2ce3-76ef-4d7b-90cb-699ecc8da8cc,Stephen Wade Nissan,DVD24884,351734024222419,4,1,41,263.27,0.05,4.6,1,74
49dc2ce3-76ef-4d7b-90cb-699ecc8da8cc,Stephen Wade Nissan,DVD24884,358306323654018,2,5,92,139.35,0.033,2.9,0,22
49dc2ce3-76ef-4d7b-90cb-699ecc8da8cc,Stephen Wade Nissan,DVD24884,351444248420243,3,1,96,324.27,0.216,6.1,2,65
49dc2ce3-76ef-4d7b-90cb-699ecc8da8cc,Stephen Wade Nissan,DVD24884,355094765118615,2,1,61,137.24,0.038,1.8,1,59
49dc2ce3-76ef-4d7b-90cb-699ecc8da8cc,Stephen Wade Nissan,DVD24884,356409941475398,6,4,21,137.68,0.484,8.0,4,62
49dc2ce3-76ef-4d7b-90cb-699ecc8da8cc,Stephen Wade Nissan,DVD24884,359137054245190,0,1,38,212.4,0.154,5.1,0,31
49dc2ce3-76ef-4d7b-90cb-699ecc8da8cc,Stephen Wade Nissan,DVD24884,358261103565942,4,1,56,206.49,0.234,4.0,1,61
49dc2ce3-76ef-4d7b-90cb-699ecc8da8cc,Stephen Wade Nissan,DVD24884,359920237666969,3,1,27,184.31,0.225,1.7,2,72
49dc2ce3-76ef-4d7b-90cb-699ecc8da8cc,Stephen Wade Nissan,DVD24884,352295338619411,2,2,157,229.1,0.167,2.2,3,50
49dc2ce3-76ef-4d7b-90cb-699ecc8da8cc,Stephen Wade Nissan,DVD24884,358390934242406,3,0,28,195.16,0.042,4.4,3,82
49dc2ce3-76ef-4d7b-90cb-699ecc8da8cc,Stephen Wade Nissan,DVD24884,356283463348893,3,0,53,303.94,0.079,8.3,3,76
49dc2ce3-76ef-4d7b-90cb-699ecc8da8cc,Stephen Wade Nissan,DVD24884,353437518669408,4,1,100,176.81,0.252,5.0,0,53
49dc2ce3-76ef-4d7b-90cb-699ecc8da8cc,Stephen Wade Nissan,DVD24884,356542438269285,4,1,141,128.73,0.195,5.2,2,50
49dc2ce3-76ef-4d7b-90cb-699ecc8da8cc,Stephen Wade Nissan,DVD24884,355074350952889,1,2,20,146.9,0.376,5.3,1,27
49dc2ce3-76ef-4d7b-90cb-699ecc8da8cc,Stephen Wade Nissan,DVD24884,355947039696453,1,1,11,208.28,0.15,9.2,2,45
49dc2ce3-76ef-4d7b-90cb-699ecc8da8cc,Stephen Wade Nissan,DVD24884,355917650471883,1,1,60,209.16,0.261,3.6,1,52
49dc2ce3-76ef-4d7b-90cb-699ecc8da8cc,Stephen Wade Nissan,DVD24884,350099542887344,4,2,170,192.39,0.138,7.6,0,27
49dc2ce3-76ef-4d7b-90cb-699ecc8da8cc,Stephen Wade Nissan,DVD24884,359668667989947,3,2,13,129.03,0.147,3.7,1,48
49dc2ce3-76ef-4d7b-90cb-699ecc8da8cc,Stephen Wade Nissan,DVD24884,350617069014971,1,1,39,246.52,0.283,3.1,1,50
49dc2ce3-76ef-4d7b-90cb-699ecc8da8cc,Stephen Wade Nissan,DVD24884,351038471567566,5,0,64,296.22,0.048,4.3,3,85
49dc2ce3-76ef-4d7b-90cb-699ecc8da8cc,Stephen Wade Nissan,DVD24884,355051886016744,2,1,55,181.75,0.207,4.3,0,46
49dc2ce3-76ef-4d7b-90cb-699ecc8da8cc,Stephen Wade Nissan,DVD24884,359234359698504,3,1,72,288.64,0.188,5.6,1,54
49dc2ce3-76ef-4d7b-90cb-699ecc8da8cc,Stephen Wade Nissan,DVD24884,355056693754024,4,3,127,231.98,0.121,0.0,1,49
49dc2ce3-76ef-4d7b-90cb-699ecc8da8cc,Stephen Wade Nissan,DVD24884,352861789257140,3,1,102,313.12,0.105,4.8,2,66
49dc2ce3-76ef-4d7b-90cb-699ecc8da8cc,Stephen Wade Nissan,DVD24884,352503857626481,1,0,39,208.36,0.096,3.3,1,59
49dc2ce3-76ef-4d7b-90cb-699ecc8da8cc,Stephen Wade Nissan,DVD24884,356384936806358,2,2,13,188.2,0.41,3.1,0,38
49dc2ce3-76ef-4d7b-90cb-699ecc8da8cc,Stephen Wade Nissan,DVD24884,355301012789695,3,2,107,230.54,0.114,1.9,3,63
49dc2ce3-76ef-4d7b-90cb-699ecc8da8cc,Stephen Wade Nissan,DVD24884,351930485277586,3,3,39,153.98,0.26,3.8,2,53
49dc2ce3-76ef-4d7b-90cb-699ecc8da8cc,Stephen Wade Nissan,DVD24884,357036562036344,0,1,54,204.43,0.172,3.5,0,35
49dc2ce3-76ef-4d7b-90cb-699ecc8da8cc,Stephen Wade Nissan,DVD24884,354394689633181,3,0,95,259.84,0.143,3.6,1,59
49dc2ce3-76ef-4d7b-90cb-699ecc8da8cc,Stephen Wade Nissan,DVD24884,352335761707317,2,1,105,229.17,0.077,1.2,0,39
49dc2ce3-76ef-4d7b-90cb-699ecc8da8cc,Stephen Wade Nissan,DVD24884,354457762626367,5,0,91,178.14,0.135,4.7,0,69
49dc2ce3-76ef-4d7b-90cb-699ecc8da8cc,Stephen Wade Nissan,DVD24884,358508989774759,0,0,152,192.02,0.119,2.9,0,35
49dc2ce3-76ef-4d7b-90cb-699ecc8da8cc,Stephen Wade Nissan,DVD24884,354434852953774,1,1,50,225.46,0.242,1.2,1,52
49dc2ce3-76ef-4d7b-90cb-699ecc8da8cc,Stephen Wade Nissan,DVD24884,350376768740420,4,2,30,223.47,0.132,3.4,1,57
49dc2ce3-76ef-4d7b-90cb-699ecc8da8cc,Stephen Wade Nissan,DVD24884,357675149753411,0,1,22,225.0,0.285,3.0,0,31
49dc2ce3-76ef-4d7b-90cb-699ecc8da8cc,Stephen Wade Nissan,DVD24884,355733099000940,1,2,31,200.37,0.211,4.6,0,36
49dc2ce3-76ef-4d7b-90cb-699ecc8da8cc,Stephen Wade Nissan,DVD24884,356565823445385,4,1,32,130.53,0.273,3.4,1,63
49dc2ce3-76ef-4d7b-90cb-699ecc8da8cc,Stephen Wade Nissan,DVD24884,356535232660004,2,0,61,140.09,0.342,1.6,1,55
49dc2ce3-76ef-4d7b-90cb-699ecc8da8cc,Stephen Wade Nissan,DVD24884,357091103495611,1,2,77,207.67,0.161,2.7,0,25
49dc2ce3-76ef-4d7b-90cb-699ecc8da8cc,Stephen Wade Nissan,DVD24884,359989965118158,3,2,19,229.89,0.416,1.0,0,44
49dc2ce3-76ef-4d7b-90cb-699ecc8da8cc,Stephen Wade Nissan,DVD24884,353746614477618,1,1,95,222.12,0.247,6.8,4,58
49dc2ce3-76ef-4d7b-90cb-699ecc8da8cc,Stephen Wade Nissan,DVD24884,356870479666829,2,0,101,139.49,0.135,7.1,2,55
49dc2ce3-76ef-4d7b-90cb-699ecc8da8cc,Stephen Wade Nissan,DVD24884,350525659950891,4,1,78,170.93,0.166,7.3,3,72
49dc2ce3-76ef-4d7b-90cb-699ecc8da8cc,Stephen Wade Nissan,DVD24884,354233029276405,1,2,35,109.54,0.404,3.3,0,20
49dc2ce3-76ef-4d7b-90cb-699ecc8da8cc,Stephen Wade Nissan,DVD24884,354739862214051,0,2,124,96.51,0.247,7.1,1,26
49dc2ce3-76ef-4d7b-90cb-699ecc8da8cc,Stephen Wade Nissan,DVD24884,353186604747338,4,1,49,184.89,0.184,5.3,0,46
49dc2ce3-76ef-4d7b-90cb-699ecc8da8cc,Stephen Wade Nissan,DVD24884,359147852474420,2,1,26,261.49,0.175,2.9,0,45
49dc2ce3-76ef-4d7b-90cb-699ecc8da8cc,Stephen Wade Nissan,DVD24884,353594410238735,2,0,19,185.99,0.216,3.2,2,66
49dc2ce3-76ef-4d7b-90cb-699ecc8da8cc,Stephen Wade Nissan,DVD24884,351866477413135,5,1,57,294.49,0.245,4.2,1,64
49dc2ce3-76ef-4d7b-90cb-699ecc8da8cc,Stephen Wade Nissan,DVD24884,351830258534658,2,0,35,170.15,0.166,4.7,1,47
49dc2ce3-76ef-4d7b-90cb-699ecc8da8cc,Stephen Wade Nissan,DVD24884,351539885217895,2,0,15,181.87,0.258,5.2,0,45
49dc2ce3-76ef-4d7b-90cb-699ecc8da8cc,Stephen Wade Nissan,DVD24884,355990984128655,5,2,10,120.54,0.199,4.5,1,51
49dc2ce3-76ef-4d7b-90cb-699ecc8da8cc,Stephen Wade Nissan,DVD24884,358167592383193,3,1,64,159.17,0.319,3.8,2,57
49dc2ce3-76ef-4d7b-90cb-699ecc8da8cc,Stephen Wade Nissan,DVD24884,354891800381463,1,1,12,108.6,0.234,7.2,2,47
49dc2ce3-76ef-4d7b-90cb-699ecc8da8cc,Stephen Wade Nissan,DVD24884,354292421959730,4,2,3,87.28,0.282,4.3,4,85
49dc2ce3-76ef-4d7b-90cb-699ecc8da8cc,Stephen Wade Nissan,DVD24884,359121852734114,4,2,102,109.62,0.135,4.2,1,52
49dc2ce3-76ef-4d7b-90cb-699ecc8da8cc,Stephen Wade Nissan,DVD24884,356133155530153,6,2,22,185.12,0.176,4.1,0,59
49dc2ce3-76ef-4d7b-90cb-699ecc8da8cc,Stephen Wade Nissan,DVD24884,350304407781109,4,0,71,135.8,0.118,4.3,0,56
49dc2ce3-76ef-4d7b-90cb-699ecc8da8cc,Stephen Wade Nissan,DVD24884,356598455766345,6,0,56,150.01,0.02,1.8,0,75
49dc2ce3-76ef-4d7b-90cb-699ecc8da8cc,Stephen Wade Nissan,DVD24884,354182991269945,1,0,29,204.59,0.237,2.5,3,65
49dc2ce3-76ef-4d7b-90cb-699ecc8da8cc,Stephen Wade Nissan,DVD24884,352064191061669,3,2,134,87.07,0.103,9.4,1,23
49dc2ce3-76ef-4d7b-90cb-699ecc8da8cc,Stephen Wade Nissan,DVD24884,351008224216826,4,2,80,184.86,0.161,1.2,2,65
49dc2ce3-76ef-4d7b-90cb-699ecc8da8cc,Stephen Wade Nissan,DVD24884,358221756269962,4,2,47,230.88,0.204,5.0,2,61
49dc2ce3-76ef-4d7b-90cb-699ecc8da8cc,Stephen Wade Nissan,DVD24884,350834791005932,0,1,24,236.07,0.196,5.2,1,39
49dc2ce3-76ef-4d7b-90cb-699ecc8da8cc,Stephen Wade Nissan,DVD24884,355722870322007,0,0,75,210.99,0.065,6.5,3,62
49dc2ce3-76ef-4d7b-90cb-699ecc8da8cc,Stephen Wade Nissan,DVD24884,354859724387129,7,3,84,176.87,0.122,5.2,2,73
49dc2ce3-76ef-4d7b-90cb-699ecc8da8cc,Stephen Wade Nissan,DVD24884,355145205802860,2,7,52,142.58,0.094,8.3,2,11
49dc2ce3-76ef-4d7b-90cb-699ecc8da8cc,Stephen Wade Nissan,DVD24884,356048022406547,2,3,48,175.06,0.063,5.0,1,36
49dc2ce3-76ef-4d7b-90cb-699ecc8da8cc,Stephen Wade Nissan,DVD24884,354769509041898,2,1,80,279.21,0.256,7.2,1,46
49dc2ce3-76ef-4d7b-90cb-699ecc8da8cc,Stephen Wade Nissan,DVD24884,355664301655623,2,1,46,196.38,0.171,6.6,2,57
49dc2ce3-76ef-4d7b-90cb-699ecc8da8cc,Stephen Wade Nissan,DVD24884,358878887656993,2,1,26,173.59,0.368,7.6,1,40
49dc2ce3-76ef-4d7b-90cb-699ecc8da8cc,Stephen Wade Nissan,DVD24884,351360622901138,0,0,13,213.82,0.185,4.5,4,61
49dc2ce3-76ef-4d7b-90cb-699ecc8da8cc,Stephen Wade Nissan,DVD24884,356047947199038,8,2,46,182.98,0.202,5.3,2,71
49dc2ce3-76ef-4d7b-90cb-699ecc8da8cc,Stephen Wade Nissan,DVD24884,350351489538294,3,0,13,193.55,0.156,3.8,0,61
49dc2ce3-76ef-4d7b-90cb-699ecc8da8cc,Stephen Wade Nissan,DVD24884,354191479053472,3,2,85,165.2,0.293,4.8,4,56
49dc2ce3-76ef-4d7b-90cb-699ecc8da8cc,Stephen Wade Nissan,DVD24884,358395167309532,0,2,46,155.1,0.167,4.9,2,36
49dc2ce3-76ef-4d7b-90cb-699ecc8da8cc,Stephen Wade Nissan,DVD24884,356708488686562,1,3,94,239.76,0.078,0.3,5,73
49dc2ce3-76ef-4d7b-90cb-699ecc8da8cc,Stephen Wade Nissan,DVD24884,359258228280183,3,3,59,62.98,0.089,4.2,0,35
49dc2ce3-76ef-4d7b-90cb-699ecc8da8cc,Stephen Wade Nissan,DVD24884,352353068856846,0,2,72,208.72,0.093,6.3,3,45
49dc2ce3-76ef-4d7b-90cb-699ecc8da8cc,Stephen Wade Nissan,DVD24884,357678096458374,2,0,28,151.39,0.11,1.8,0,61
49dc2ce3-76ef-4d7b-90cb-699ecc8da8cc,Stephen Wade Nissan,DVD24884,354959752135317,3,1,44,65.69,0.423,2.5,1,57
49dc2ce3-76ef-4d7b-90cb-699ecc8da8cc,Stephen Wade Nissan,DVD24884,355559289748741,4,2,59,121.52,0.233,6.8,2,45
49dc2ce3-76ef-4d7b-90cb-699ecc8da8cc,Stephen Wade Nissan,DVD24884,351486267511997,3,1,54,177.84,0.119,7.2,1,51
49dc2ce3-76ef-4d7b-90cb-699ecc8da8cc,Stephen Wade Nissan,DVD24884,356453496551564,2,0,52,186.09,0.1,3.3,2,64
49dc2ce3-76ef-4d7b-90cb-699ecc8da8cc,Stephen Wade Nissan,DVD24884,351967896300935,0,0,19,224.4,0.099,4.8,0,47
49dc2ce3-76ef-4d7b-90cb-699ecc8da8cc,Stephen Wade Nissan,DVD24884,358201630159722,2,1,8,228.48,0.173,4.3,0,42
49dc2ce3-76ef-4d7b-90cb-699ecc8da8cc,Stephen Wade Nissan,DVD24884,354228483492766,3,1,18,87.2,0.324,6.9,5,87
49dc2ce3-76ef-4d7b-90cb-699ecc8da8cc,Stephen Wade Nissan,DVD24884,358098460180403,4,1,2,202.65,0.288,3.4,1,67
49dc2ce3-76ef-4d7b-90cb-699ecc8da8cc,Stephen Wade Nissan,DVD24884,353480153735866,4,1,9,223.71,0.247,3.7,1,59
49dc2ce3-76ef-4d7b-90cb-699ecc8da8cc,Stephen Wade Nissan,DVD24884,357155446053926,1,0,62,193.14,0.202,7.2,0,33
49dc2ce3-76ef-4d7b-90cb-699ecc8da8cc,Stephen Wade Nissan,DVD24884,350967462720536,4,0,39,210.15,0.038,2.5,0,63
49dc2ce3-76ef-4d7b-90cb-699ecc8da8cc,Stephen Wade Nissan,DVD24884,354991192856728,5,4,25,64.05,0.102,3.5,0,46
49dc2ce3-76ef-4d7b-90cb-699ecc8da8cc,Stephen Wade Nissan,DVD24884,355021553830775,0,1,39,120.59,0.213,4.8,2,44
49dc2ce3-76ef-4d7b-90cb-699ecc8da8cc,Stephen Wade Nissan,DVD24884,355821262643956,3,1,6,261.96,0.39,7.5,0,46
49dc2ce3-76ef-4d7b-90cb-699ecc8da8cc,Stephen Wade Nissan,DVD24884,357844607890751,2,0,45,163.22,0.479,2.1,2,58
49dc2ce3-76ef-4d7b-90cb-699ecc8da8cc,Stephen Wade Nissan,DVD24884,359919817755129,1,1,14,313.39,0.349,3.1,4,75
49dc2ce3-76ef-4d7b-90cb-699ecc8da8cc,Stephen Wade Nissan,DVD24884,354414925316498,0,0,112,103.29,0.054,5.7,0,38
49dc2ce3-76ef-4d7b-90cb-699ecc8da8cc,Stephen Wade Nissan,DVD24884,352838597477656,3,2,74,273.83,0.039,6.0,3,62
49dc2ce3-76ef-4d7b-90cb-699ecc8da8cc,Stephen Wade Nissan,DVD24884,355907055494343,5,0,69,143.36,0.151,4.9,0,54
49dc2ce3-76ef-4d7b-90cb-699ecc8da8cc,Stephen Wade Nissan,DVD24884,356877156922094,3,3,53,231.75,0.278,4.3,2,38
49dc2ce3-76ef-4d7b-90cb-699ecc8da8cc,Stephen Wade Nissan,DVD24884,359076341535977,4,1,79,162.28,0.111,4.8,1,55
49dc2ce3-76ef-4d7b-90cb-699ecc8da8cc,Stephen Wade Nissan,DVD24884,351001154773494,2,1,45,186.94,0.205,1.5,0,44
49dc2ce3-76ef-4d7b-90cb-699ecc8da8cc,Stephen Wade Nissan,DVD24884,353148722557856,3,0,24,215.73,0.398,4.7,0,53
49dc2ce3-76ef-4d7b-90cb-699ecc8da8cc,Stephen Wade Nissan,DVD24884,354135474168557,7,4,70,143.2,0.288,7.5,0,33
49dc2ce3-76ef-4d7b-90cb-699ecc8da8cc,Stephen Wade Nissan,DVD24884,353952328555809,0,2,97,228.07,0.275,1.9,1,34
49dc2ce3-76ef-4d7b-90cb-699ecc8da8cc,Stephen Wade Nissan,DVD24884,355794758166028,2,1,20,164.05,0.161,2.9,0,44
49dc2ce3-76ef-4d7b-90cb-699ecc8da8cc,Stephen Wade Nissan,DVD24884,354136233470407,3,3,11,190.68,0.148,3.7,2,59
49dc2ce3-76ef-4d7b-90cb-699ecc8da8cc,Stephen Wade Nissan,DVD24884,351469714797341,2,1,161,25.0,0.195,3.8,3,53
49dc2ce3-76ef-4d7b-90cb-699ecc8da8cc,Stephen Wade Nissan,DVD24884,358559508374560,3,0,122,159.76,0.088,8.2,0,35
49dc2ce3-76ef-4d7b-90cb-699ecc8da8cc,Stephen Wade Nissan,DVD24884,351703961017590,0,3,49,255.81,0.234,2.6,1,26
49dc2ce3-76ef-4d7b-90cb-699ecc8da8cc,Stephen Wade Nissan,DVD24884,350170679490786,2,1,4,221.68,0.362,2.2,0,41
49dc2ce3-76ef-4d7b-90cb-699ecc8da8cc,Stephen Wade Nissan,DVD24884,359285516215938,4,0,59,233.19,0.038,6.0,0,60
49dc2ce3-76ef-4d7b-90cb-699ecc8da8cc,Stephen Wade Nissan,DVD24884,359676353673558,1,2,219,183.2,0.04,3.2,2,27
49dc2ce3-76ef-4d7b-90cb-699ecc8da8cc,Stephen Wade Nissan,DVD24884,359607072288341,3,2,78,280.58,0.216,6.1,1,42
49dc2ce3-76ef-4d7b-90cb-699ecc8da8cc,Stephen Wade Nissan,DVD24884,353351390143097,2,0,73,197.31,0.072,4.1,0,54
49dc2ce3-76ef-4d7b-90cb-699ecc8da8cc,Stephen Wade Nissan,DVD24884,354274936635796,1,0,46,140.39,0.13,5.4,1,47
49dc2ce3-76ef-4d7b-90cb-699ecc8da8cc,Stephen Wade Nissan,DVD24884,357148030073565,2,2,69,231.31,0.402,1.4,2,54
49dc2ce3-76ef-4d7b-90cb-699ecc8da8cc,Stephen Wade Nissan,DVD24884,358260825263794,1,0,78,235.36,0.132,5.4,1,44
49dc2ce3-76ef-4d7b-90cb-699ecc8da8cc,Stephen Wade Nissan,DVD24884,351288669112232,2,2,55,217.78,0.296,4.9,1,46
49dc2ce3-76ef-4d7b-90cb-699ecc8da8cc,Stephen Wade Nissan,DVD24884,351425261197892,3,0,41,155.82,0.157,4.0,0,55
49dc2ce3-76ef-4d7b-90cb-699ecc8da8cc,Stephen Wade Nissan,DVD24884,355946574465325,2,0,56,196.89,0.201,2.0,1,57
49dc2ce3-76ef-4d7b-90cb-699ecc8da8cc,Stephen Wade Nissan,DVD24884,355441181851367,4,0,54,263.6,0.203,4.9,0,62
49dc2ce3-76ef-4d7b-90cb-699ecc8da8cc,Stephen Wade Nissan,DVD24884,353805203881937,1,0,5,208.65,0.247,5.9,2,63
49dc2ce3-76ef-4d7b-90cb-699ecc8da8cc,Stephen Wade Nissan,DVD24884,356841847146220,1,0,192,91.33,0.082,3.4,1,41
49dc2ce3-76ef-4d7b-90cb-699ecc8da8cc,Stephen Wade Nissan,DVD24884,351483335401127,2,0,74,142.27,0.245,3.5,0,45
49dc2ce3-76ef-4d7b-90cb-699ecc8da8cc,Stephen Wade Nissan,DVD24884,352836030876477,1,1,109,139.48,0.033,6.1,1,31
49dc2ce3-76ef-4d7b-90cb-699ecc8da8cc,Stephen Wade Nissan,DVD24884,350906761837629,2,2,61,134.74,0.179,7.9,1,43
49dc2ce3-76ef-4d7b-90cb-699ecc8da8cc,Stephen Wade Nissan,DVD24884,355076716217204,2,3,32,53.32,0.101,6.4,3,53
49dc2ce3-76ef-4d7b-90cb-699ecc8da8cc,Stephen Wade Nissan,DVD24884,358886804186930,2,0,94,293.43,0.447,5.0,0,34
49dc2ce3-76ef-4d7b-90cb-699ecc8da8cc,Stephen Wade Nissan,DVD24884,353264564967419,4,1,10,127.42,0.191,4.0,0,53
49dc2ce3-76ef-4d7b-90cb-699ecc8da8cc,Stephen Wade Nissan,DVD24884,359160539064909,1,0,76,131.76,0.067,4.4,0,44
49dc2ce3-76ef-4d7b-90cb-699ecc8da8cc,Stephen Wade Nissan,DVD24884,357034251970181,2,0,93,63.5,0.192,1.8,2,58
49dc2ce3-76ef-4d7b-90cb-699ecc8da8cc,Stephen Wade Nissan,DVD24884,355891368296707,2,2,46,231.99,0.234,4.2,1,45
49dc2ce3-76ef-4d7b-90cb-699ecc8da8cc,Stephen Wade Nissan,DVD24884,354215319362526,2,2,71,174.55,0.135,6.7,1,44
49dc2ce3-76ef-4d7b-90cb-699ecc8da8cc,Stephen Wade Nissan,DVD24884,350221690887548,5,1,5,158.95,0.284,4.6,1,65
49dc2ce3-76ef-4d7b-90cb-699ecc8da8cc,Stephen Wade Nissan,DVD24884,350293358384391,2,4,73,162.12,0.111,3.2,0,23
49dc2ce3-76ef-4d7b-90cb-699ecc8da8cc,Stephen Wade Nissan,DVD24884,350657351745469,2,4,37,215.27,0.23,3.1,4,58
49dc2ce3-76ef-4d7b-90cb-699ecc8da8cc,Stephen Wade Nissan,DVD24884,353510214012833,3,0,71,151.2,0.146,4.4,1,58
49dc2ce3-76ef-4d7b-90cb-699ecc8da8cc,Stephen Wade Nissan,DVD24884,351955897990359,4,0,47,60.67,0.446,2.0,0,57
49dc2ce3-76ef-4d7b-90cb-699ecc8da8cc,Stephen Wade Nissan,DVD24884,357177170305687,2,3,47,102.51,0.158,2.7,2,48
49dc2ce3-76ef-4d7b-90cb-699ecc8da8cc,Stephen Wade Nissan,DVD24884,350941246051648,3,1,72,99.39,0.375,7.6,1,48
49dc2ce3-76ef-4d7b-90cb-699ecc8da8cc,Stephen Wade Nissan,DVD24884,353895337684187,0,3,38,196.52,0.058,2.4,2,46
49dc2ce3-76ef-4d7b-90cb-699ecc8da8cc,Stephen Wade Nissan,DVD24884,356776006434597,2,1,46,235.8,0.179,2.9,2,64
49dc2ce3-76ef-4d7b-90cb-699ecc8da8cc,Stephen Wade Nissan,DVD24884,353173033249675,1,0,166,267.95,0.04,5.1,4,65
49dc2ce3-76ef-4d7b-90cb-699ecc8da8cc,Stephen Wade Nissan,DVD24884,357451048480947,1,1,114,81.91,0.273,3.6,0,26
49dc2ce3-76ef-4d7b-90cb-699ecc8da8cc,Stephen Wade Nissan,DVD24884,353181560542707,2,1,41,217.22,0.251,4.7,1,49
49dc2ce3-76ef-4d7b-90cb-699ecc8da8cc,Stephen Wade Nissan,DVD24884,359959476111079,2,2,48,143.1,0.222,6.2,0,36
49dc2ce3-76ef-4d7b-90cb-699ecc8da8cc,Stephen Wade Nissan,DVD24884,357647545657289,0,2,30,355.41,0.123,1.4,1,37
49dc2ce3-76ef-4d7b-90cb-699ecc8da8cc,Stephen Wade Nissan,DVD24884,357226934854039,0,0,37,263.01,0.044,6.0,1,47
49dc2ce3-76ef-4d7b-90cb-699ecc8da8cc,Stephen Wade Nissan,DVD24884,350984685606699,2,2,38,282.11,0.362,3.3,1,51
49dc2ce3-76ef-4d7b-90cb-699ecc8da8cc,Stephen Wade Nissan,DVD24884,352613826870977,2,0,53,228.15,0.054,3.9,1,62
49dc2ce3-76ef-4d7b-90cb-699ecc8da8cc,Stephen Wade Nissan,DVD24884,357795703996263,0,3,6,202.91,0.147,8.3,0,22
49dc2ce3-76ef-4d7b-90cb-699ecc8da8cc,Stephen Wade Nissan,DVD24884,357792711073512,1,2,36,155.85,0.333,1.7,2,46
49dc2ce3-76ef-4d7b-90cb-699ecc8da8cc,Stephen Wade Nissan,DVD24884,358962206824323,1,1,31,144.04,0.147,5.7,2,53
49dc2ce3-76ef-4d7b-90cb-699ecc8da8cc,Stephen Wade Nissan,DVD24884,353302399344606,7,2,124,131.99,0.08,6.8,4,88
49dc2ce3-76ef-4d7b-90cb-699ecc8da8cc,Stephen Wade Nissan,DVD24884,350694306952357,1,2,48,217.05,0.197,3.1,1,52
49dc2ce3-76ef-4d7b-90cb-699ecc8da8cc,Stephen Wade Nissan,DVD24884,358652941285370,2,1,59,273.62,0.17,3.2,1,51
49dc2ce3-76ef-4d7b-90cb-699ecc8da8cc,Stephen Wade Nissan,DVD24884,350644885487531,3,1,35,158.59,0.082,3.8,1,57
49dc2ce3-76ef-4d7b-90cb-699ecc8da8cc,Stephen Wade Nissan,DVD24884,351980425542805,3,2,48,136.66,0.354,3.1,1,48
49dc2ce3-76ef-4d7b-90cb-699ecc8da8cc,Stephen Wade Nissan,DVD24884,353764255078688,2,2,37,90.99,0.161,4.6,1,47
49dc2ce3-76ef-4d7b-90cb-699ecc8da8cc,Stephen Wade Nissan,DVD24884,357860203922131,5,4,54,194.68,0.198,6.3,3,50
49dc2ce3-76ef-4d7b-90cb-699ecc8da8cc,Stephen Wade Nissan,DVD24884,357019586639928,4,0,70,253.76,0.111,3.8,0,64
49dc2ce3-76ef-4d7b-90cb-699ecc8da8cc,Stephen Wade Nissan,DVD24884,357987287314249,1,1,15,256.76,0.173,6.4,0,38
49dc2ce3-76ef-4d7b-90cb-699ecc8da8cc,Stephen Wade Nissan,DVD24884,355629179644160,1,0,78,262.71,0.122,7.3,2,54
49dc2ce3-76ef-4d7b-90cb-699ecc8da8cc,Stephen Wade Nissan,DVD24884,353328880700510,2,2,22,204.92,0.145,5.4,0,44
49dc2ce3-76ef-4d7b-90cb-699ecc8da8cc,Stephen Wade Nissan,DVD24884,352874512022017,2,2,170,185.41,0.274,5.6,1,24
49dc2ce3-76ef-4d7b-90cb-699ecc8da8cc,Stephen Wade Nissan,DVD24884,355454164879210,4,0,53,256.94,0.391,3.3,4,92
49dc2ce3-76ef-4d7b-90cb-699ecc8da8cc,Stephen Wade Nissan,DVD24884,354662750152697,2,0,58,113.4,0.099,0.0,2,66
49dc2ce3-76ef-4d7b-90cb-699ecc8da8cc,Stephen Wade Nissan,DVD24884,354420360785483,3,1,60,153.55,0.196,5.7,0,38
49dc2ce3-76ef-4d7b-90cb-699ecc8da8cc,Stephen Wade Nissan,DVD24884,353095872383680,4,2,51,282.65,0.2,6.1,2,60
49dc2ce3-76ef-4d7b-90cb-699ecc8da8cc,Stephen Wade Nissan,DVD24884,356014579232671,3,2,27,115.52,0.189,5.0,1,53
49dc2ce3-76ef-4d7b-90cb-699ecc8da8cc,Stephen Wade Nissan,DVD24884,354858197015019,6,1,58,177.93,0.076,6.3,3,85
49dc2ce3-76ef-4d7b-90cb-699ecc8da8cc,Stephen Wade Nissan,DVD24884,356797209251920,4,1,56,217.88,0.037,3.4,2,79
49dc2ce3-76ef-4d7b-90cb-699ecc8da8cc,Stephen Wade Nissan,DVD24884,351828523329704,1,4,25,184.96,0.108,5.5,1,22
49dc2ce3-76ef-4d7b-90cb-699ecc8da8cc,Stephen Wade Nissan,DVD24884,359379582915855,1,1,15,248.97,0.235,7.4,2,49
49dc2ce3-76ef-4d7b-90cb-699ecc8da8cc,Stephen Wade Nissan,DVD24884,351163971492075,1,0,93,271.54,0.35,5.8,2,63
49dc2ce3-76ef-4d7b-90cb-699ecc8da8cc,Stephen Wade Nissan,DVD24884,357414248739626,2,0,36,208.78,0.04,7.2,6,100
49dc2ce3-76ef-4d7b-90cb-699ecc8da8cc,Stephen Wade Nissan,DVD24884,352591883124977,9,2,43,263.4,0.229,7.2,2,73
49dc2ce3-76ef-4d7b-90cb-699ecc8da8cc,Stephen Wade Nissan,DVD24884,353677244343549,5,2,56,124.28,0.077,2.1,1,68
49dc2ce3-76ef-4d7b-90cb-699ecc8da8cc,Stephen Wade Nissan,DVD24884,357872965715643,5,2,27,170.55,0.413,5.9,0,52
49dc2ce3-76ef-4d7b-90cb-699ecc8da8cc,Stephen Wade Nissan,DVD24884,358029903480424,1,1,62,324.31,0.13,3.2,2,54
49dc2ce3-76ef-4d7b-90cb-699ecc8da8cc,Stephen Wade Nissan,DVD24884,357960009409165,1,0,45,296.58,0.275,2.3,2,54
49dc2ce3-76ef-4d7b-90cb-699ecc8da8cc,Stephen Wade Nissan,DVD24884,357376242662254,2,1,48,103.38,0.136,3.9,1,56
49dc2ce3-76ef-4d7b-90cb-699ecc8da8cc,Stephen Wade Nissan,DVD24884,359203693091401,3,1,106,179.23,0.302,8.0,1,31
49dc2ce3-76ef-4d7b-90cb-699ecc8da8cc,Stephen Wade Nissan,DVD24884,355273117226414,1,2,55,188.16,0.169,3.4,1,45
49dc2ce3-76ef-4d7b-90cb-699ecc8da8cc,Stephen Wade Nissan,DVD24884,357569001842933,2,0,42,204.99,0.116,1.0,0,54
49dc2ce3-76ef-4d7b-90cb-699ecc8da8cc,Stephen Wade Nissan,DVD24884,355984742298359,6,1,20,256.44,0.018,1.6,2,91
49dc2ce3-76ef-4d7b-90cb-699ecc8da8cc,Stephen Wade Nissan,DVD24884,356677153902262,1,1,60,290.35,0.182,5.5,1,48
49dc2ce3-76ef-4d7b-90cb-699ecc8da8cc,Stephen Wade Nissan,DVD24884,354736500329909,4,2,90,182.24,0.371,3.0,0,38
49dc2ce3-76ef-4d7b-90cb-699ecc8da8cc,Stephen Wade Nissan,DVD24884,350064761442787,1,3,42,247.32,0.1,0.4,0,32
49dc2ce3-76ef-4d7b-90cb-699ecc8da8cc,Stephen Wade Nissan,DVD24884,353554042316979,3,6,90,218.89,0.232,1.7,1,20
49dc2ce3-76ef-4d7b-90cb-699ecc8da8cc,Stephen Wade Nissan,DVD24884,352067549393439,1,3,60,178.73,0.113,4.8,2,40
49dc2ce3-76ef-4d7b-90cb-699ecc8da8cc,Stephen Wade Nissan,DVD24884,356904539252878,3,1,52,78.11,0.092,6.1,1,43
49dc2ce3-76ef-4d7b-90cb-699ecc8da8cc,Stephen Wade Nissan,DVD24884,353573381330734,1,1,66,241.11,0.055,3.6,1,53
49dc2ce3-76ef-4d7b-90cb-699ecc8da8cc,Stephen Wade Nissan,DVD24884,355330236412247,1,1,16,216.31,0.179,5.8,2,53
49dc2ce3-76ef-4d7b-90cb-699ecc8da8cc,Stephen Wade Nissan,DVD24884,354098537203350,3,2,37,203.38,0.198,6.3,1,46
49dc2ce3-76ef-4d7b-90cb-699ecc8da8cc,Stephen Wade Nissan,DVD24884,355160232510715,4,0,38,121.12,0.287,2.9,0,51
49dc2ce3-76ef-4d7b-90cb-699ecc8da8cc,Stephen Wade Nissan,DVD24884,355587094042245,1,0,44,297.55,0.103,4.3,1,53
49dc2ce3-76ef-4d7b-90cb-699ecc8da8cc,Stephen Wade Nissan,DVD24884,356411992551253,0,0,152,189.15,0.331,3.3,3,48
49dc2ce3-76ef-4d7b-90cb-699ecc8da8cc,Stephen Wade Nissan,DVD24884,358078191350534,2,4,53,111.52,0.029,5.6,3,43
49dc2ce3-76ef-4d7b-90cb-699ecc8da8cc,Stephen Wade Nissan,DVD24884,359419715755716,4,0,14,101.86,0.049,3.3,2,80
49dc2ce3-76ef-4d7b-90cb-699ecc8da8cc,Stephen Wade Nissan,DVD24884,356328246306162,1,2,30,220.65,0.152,2.1,2,56
49dc2ce3-76ef-4d7b-90cb-699ecc8da8cc,Stephen Wade Nissan,DVD24884,351856352007615,2,2,48,222.43,0.028,4.6,1,44
49dc2ce3-76ef-4d7b-90cb-699ecc8da8cc,Stephen Wade Nissan,DVD24884,350420598685697,3,0,55,152.22,0.098,6.7,3,74
49dc2ce3-76ef-4d7b-90cb-699ecc8da8cc,Stephen Wade Nissan,DVD24884,357143360809010,3,1,2,207.76,0.233,5.5,3,78
49dc2ce3-76ef-4d7b-90cb-699ecc8da8cc,Stephen Wade Nissan,DVD24884,351461039278888,2,3,70,220.06,0.09,6.5,3,52
49dc2ce3-76ef-4d7b-90cb-699ecc8da8cc,Stephen Wade Nissan,DVD24884,351893046163881,3,0,72,188.4,0.278,6.3,1,62
49dc2ce3-76ef-4d7b-90cb-699ecc8da8cc,Stephen Wade Nissan,DVD24884,356878518569050,2,1,20,137.92,0.155,4.6,0,47
49dc2ce3-76ef-4d7b-90cb-699ecc8da8cc,Stephen Wade Nissan,DVD24884,359656882672800,4,2,89,237.68,0.145,3.3,3,71
49dc2ce3-76ef-4d7b-90cb-699ecc8da8cc,Stephen Wade Nissan,DVD24884,357272081472373,2,1,42,230.26,0.043,2.8,2,65
49dc2ce3-76ef-4d7b-90cb-699ecc8da8cc,Stephen Wade Nissan,DVD24884,355640783083069,4,2,23,214.06,0.133,1.3,0,58
49dc2ce3-76ef-4d7b-90cb-699ecc8da8cc,Stephen Wade Nissan,DVD24884,357899951454983,1,2,18,129.98,0.137,6.9,1,39
49dc2ce3-76ef-4d7b-90cb-699ecc8da8cc,Stephen Wade Nissan,DVD24884,356714674906688,4,1,69,100.14,0.206,3.8,0,46
49dc2ce3-76ef-4d7b-90cb-699ecc8da8cc,Stephen Wade Nissan,DVD24884,356751857116456,2,1,32,184.59,0.466,1.1,2,58
49dc2ce3-76ef-4d7b-90cb-699ecc8da8cc,Stephen Wade Nissan,DVD24884,350595634318073,1,1,59,235.77,0.239,7.0,4,72
49dc2ce3-76ef-4d7b-90cb-699ecc8da8cc,Stephen Wade Nissan,DVD24884,359200258565337,3,1,18,242.42,0.1,4.7,1,62
49dc2ce3-76ef-4d7b-90cb-699ecc8da8cc,Stephen Wade Nissan,DVD24884,357730316787192,2,4,38,215.06,0.259,6.4,0,19
49dc2ce3-76ef-4d7b-90cb-699ecc8da8cc,Stephen Wade Nissan,DVD24884,356154872012402,2,1,66,152.97,0.14,4.0,0,42
49dc2ce3-76ef-4d7b-90cb-699ecc8da8cc,Stephen Wade Nissan,DVD24884,355455005490809,4,2,104,131.75,0.212,2.9,1,42
49dc2ce3-76ef-4d7b-90cb-699ecc8da8cc,Stephen Wade Nissan,DVD24884,359839767388724,0,1,111,178.99,0.104,5.4,2,41
49dc2ce3-76ef-4d7b-90cb-699ecc8da8cc,Stephen Wade Nissan,DVD24884,356163034383000,2,1,102,179.56,0.166,5.6,1,48
49dc2ce3-76ef-4d7b-90cb-699ecc8da8cc,Stephen Wade Nissan,DVD24884,359143529493074,3,0,227,246.44,0.245,3.9,1,43
49dc2ce3-76ef-4d7b-90cb-699ecc8da8cc,Stephen Wade Nissan,DVD24884,351799654662897,3,1,59,151.22,0.077,7.1,1,56
49dc2ce3-76ef-4d7b-90cb-699ecc8da8cc,Stephen Wade Nissan,DVD24884,353518962252756,3,3,17,156.2,0.019,6.4,2,58
49dc2ce3-76ef-4d7b-90cb-699ecc8da8cc,Stephen Wade Nissan,DVD24884,350022302340567,1,1,30,303.3,0.158,5.6,1,52
49dc2ce3-76ef-4d7b-90cb-699ecc8da8cc,Stephen Wade Nissan,DVD24884,357125158904182,0,1,109,273.07,0.238,2.3,1,32
49dc2ce3-76ef-4d7b-90cb-699ecc8da8cc,Stephen Wade Nissan,DVD24884,358051666081239,5,2,27,127.03,0.169,2.0,1,63
49dc2ce3-76ef-4d7b-90cb-699ecc8da8cc,Stephen Wade Nissan,DVD24884,352788447909863,5,1,1,268.13,0.13,6.9,1,74
49dc2ce3-76ef-4d7b-90cb-699ecc8da8cc,Stephen Wade Nissan,DVD24884,356152769584442,2,2,39,112.69,0.344,0.1,2,56
49dc2ce3-76ef-4d7b-90cb-699ecc8da8cc,Stephen Wade Nissan,DVD24884,350224824886313,1,1,87,153.96,0.169,4.3,2,43
49dc2ce3-76ef-4d7b-90cb-699ecc8da8cc,Stephen Wade Nissan,DVD24884,357371450311802,7,2,30,160.79,0.029,4.8,1,72
49dc2ce3-76ef-4d7b-90cb-699ecc8da8cc,Stephen Wade Nissan,DVD24884,356691419396061,1,0,113,175.34,0.185,3.5,1,46
49dc2ce3-76ef-4d7b-90cb-699ecc8da8cc,Stephen Wade Nissan,DVD24884,350471891199256,0,3,161,217.19,0.226,4.4,2,20
49dc2ce3-76ef-4d7b-90cb-699ecc8da8cc,Stephen Wade Nissan,DVD24884,359247688341034,2,2,58,186.39,0.269,5.3,1,45
49dc2ce3-76ef-4d7b-90cb-699ecc8da8cc,Stephen Wade Nissan,DVD24884,351413181181405,1,1,181,216.88,0.122,3.3,4,69
49dc2ce3-76ef-4d7b-90cb-699ecc8da8cc,Stephen Wade Nissan,DVD24884,351325179044708,3,3,135,155.89,0.177,6.3,2,35
49dc2ce3-76ef-4d7b-90cb-699ecc8da8cc,Stephen Wade Nissan,DVD24884,355609406714878,6,1,89,202.45,0.083,5.7,1,67
49dc2ce3-76ef-4d7b-90cb-699ecc8da8cc,Stephen Wade Nissan,DVD24884,353103145645722,7,1,64,184.74,0.338,4.1,1,68
49dc2ce3-76ef-4d7b-90cb-699ecc8da8cc,Stephen Wade Nissan,DVD24884,357579407403374,0,0,60,96.7,0.072,2.8,0,42
49dc2ce3-76ef-4d7b-90cb-699ecc8da8cc,Stephen Wade Nissan,DVD24884,354999870933913,4,0,46,208.98,0.169,4.3,2,67
49dc2ce3-76ef-4d7b-90cb-699ecc8da8cc,Stephen Wade Nissan,DVD24884,356941264106032,3,1,74,185.76,0.199,8.7,2,59
49dc2ce3-76ef-4d7b-90cb-699ecc8da8cc,Stephen Wade Nissan,DVD24884,356753180576310,0,2,6,137.17,0.03,3.0,5,82
49dc2ce3-76ef-4d7b-90cb-699ecc8da8cc,Stephen Wade Nissan,DVD24884,351089654612536,1,3,139,154.51,0.138,7.6,3,32
49dc2ce3-76ef-4d7b-90cb-699ecc8da8cc,Stephen Wade Nissan,DVD24884,350640047486794,2,1,183,155.98,0.216,1.0,1,41
49dc2ce3-76ef-4d7b-90cb-699ecc8da8cc,Stephen Wade Nissan,DVD24884,358698948481703,0,1,6,165.3,0.191,2.8,1,50
49dc2ce3-76ef-4d7b-90cb-699ecc8da8cc,Stephen Wade Nissan,DVD24884,356100770177375,3,1,86,285.54,0.282,3.4,3,70
49dc2ce3-76ef-4d7b-90cb-699ecc8da8cc,Stephen Wade Nissan,DVD24884,359493307811171,1,2,132,305.42,0.14,6.4,0,31
49dc2ce3-76ef-4d7b-90cb-699ecc8da8cc,Stephen Wade Nissan,DVD24884,359600490214441,6,0,54,25.0,0.324,4.6,0,58
49dc2ce3-76ef-4d7b-90cb-699ecc8da8cc,Stephen Wade Nissan,DVD24884,355596743338496,5,1,44,209.29,0.221,7.1,5,92
49dc2ce3-76ef-4d7b-90cb-699ecc8da8cc,Stephen Wade Nissan,DVD24884,355523917033530,4,1,37,237.3,0.219,3.8,1,60
49dc2ce3-76ef-4d7b-90cb-699ecc8da8cc,Stephen Wade Nissan,DVD24884,350499926653619,1,1,31,167.04,0.15,4.4,2,55
49dc2ce3-76ef-4d7b-90cb-699ecc8da8cc,Stephen Wade Nissan,DVD24884,357731739462487,3,4,62,235.69,0.234,3.8,2,44
49dc2ce3-76ef-4d7b-90cb-699ecc8da8cc,Stephen Wade Nissan,DVD24884,352385865392768,2,0,112,279.25,0.035,8.6,1,56
49dc2ce3-76ef-4d7b-90cb-699ecc8da8cc,Stephen Wade Nissan,DVD24884,357141349317967,2,1,7,97.69,0.243,2.3,2,67
49dc2ce3-76ef-4d7b-90cb-699ecc8da8cc,Stephen Wade Nissan,DVD24884,350605581735792,1,0,21,188.03,0.2,3.5,2,63
49dc2ce3-76ef-4d7b-90cb-699ecc8da8cc,Stephen Wade Nissan,DVD24884,351162506989354,0,1,29,297.4,0.02,2.5,2,56
49dc2ce3-76ef-4d7b-90cb-699ecc8da8cc,Stephen Wade Nissan,DVD24884,356463989701455,1,2,12,105.73,0.194,5.6,2,48
49dc2ce3-76ef-4d7b-90cb-699ecc8da8cc,Stephen Wade Nissan,DVD24884,357039342718669,4,1,79,173.09,0.186,2.2,1,52
49dc2ce3-76ef-4d7b-90cb-699ecc8da8cc,Stephen Wade Nissan,DVD24884,352552905092600,1,1,72,153.1,0.126,8.1,1,41
49dc2ce3-76ef-4d7b-90cb-699ecc8da8cc,Stephen Wade Nissan,DVD24884,350110156161973,2,4,93,243.11,0.135,4.7,3,45
49dc2ce3-76ef-4d7b-90cb-699ecc8da8cc,Stephen Wade Nissan,DVD24884,358449812130088,3,1,4,251.47,0.049,5.3,2,73
49dc2ce3-76ef-4d7b-90cb-699ecc8da8cc,Stephen Wade Nissan,DVD24884,352384699086723,5,3,85,189.74,0.078,5.4,0,50
49dc2ce3-76ef-4d7b-90cb-699ecc8da8cc,Stephen Wade Nissan,DVD24884,353104481773655,4,5,112,181.93,0.121,4.5,3,50
49dc2ce3-76ef-4d7b-90cb-699ecc8da8cc,Stephen Wade Nissan,DVD24884,356192218822063,4,1,80,76.85,0.15,4.7,1,56
49dc2ce3-76ef-4d7b-90cb-699ecc8da8cc,Stephen Wade Nissan,DVD24884,351864176130236,6,2,51,265.38,0.115,4.7,4,91
49dc2ce3-76ef-4d7b-90cb-699ecc8da8cc,Stephen Wade Nissan,DVD24884,354169368359916,4,0,46,158.81,0.207,5.5,3,81
49dc2ce3-76ef-4d7b-90cb-699ecc8da8cc,Stephen Wade Nissan,DVD24884,357640323919325,1,3,67,171.46,0.309,2.9,1,16
49dc2ce3-76ef-4d7b-90cb-699ecc8da8cc,Stephen Wade Nissan,DVD24884,352826712693794,3,1,61,238.3,0.204,2.5,0,41
49dc2ce3-76ef-4d7b-90cb-699ecc8da8cc,Stephen Wade Nissan,DVD24884,359995225296444,3,0,30,191.86,0.08,6.1,3,80
49dc2ce3-76ef-4d7b-90cb-699ecc8da8cc,Stephen Wade Nissan,DVD24884,358436868111433,1,2,5,240.23,0.116,4.5,1,38
49dc2ce3-76ef-4d7b-90cb-699ecc8da8cc,Stephen Wade Nissan,DVD24884,350640980587715,3,1,34,216.2,0.118,0.5,1,59
49dc2ce3-76ef-4d7b-90cb-699ecc8da8cc,Stephen Wade Nissan,DVD24884,355590627879025,2,1,169,192.23,0.295,3.5,2,46
49dc2ce3-76ef-4d7b-90cb-699ecc8da8cc,Stephen Wade Nissan,DVD24884,359120463721626,1,1,6,198.63,0.221,7.6,4,77
49dc2ce3-76ef-4d7b-90cb-699ecc8da8cc,Stephen Wade Nissan,DVD24884,356032358418029,2,1,60,112.63,0.455,4.2,0,35
49dc2ce3-76ef-4d7b-90cb-699ecc8da8cc,Stephen Wade Nissan,DVD24884,355599977379395,4,0,142,171.06,0.37,3.4,3,67
49dc2ce3-76ef-4d7b-90cb-699ecc8da8cc,Stephen Wade Nissan,DVD24884,357955192474111,2,2,95,245.04,0.135,1.5,2,56
49dc2ce3-76ef-4d7b-90cb-699ecc8da8cc,Stephen Wade Nissan,DVD24884,357367038625676,4,3,105,126.08,0.117,3.4,2,55
49dc2ce3-76ef-4d7b-90cb-699ecc8da8cc,Stephen Wade Nissan,DVD24884,351125842330080,1,1,97,137.08,0.18,2.2,1,40
49dc2ce3-76ef-4d7b-90cb-699ecc8da8cc,Stephen Wade Nissan,DVD24884,355630829248287,1,1,12,127.22,0.068,5.4,1,56
49dc2ce3-76ef-4d7b-90cb-699ecc8da8cc,Stephen Wade Nissan,DVD24884,353210788312736,2,0,126,189.2,0.228,4.6,2,60
49dc2ce3-76ef-4d7b-90cb-699ecc8da8cc,Stephen Wade Nissan,DVD24884,355485220720197,3,0,138,264.15,0.153,3.8,2,65
49dc2ce3-76ef-4d7b-90cb-699ecc8da8cc,Stephen Wade Nissan,DVD24884,350842874162796,2,0,16,212.83,0.114,3.0,0,47
49dc2ce3-76ef-4d7b-90cb-699ecc8da8cc,Stephen Wade Nissan,DVD24884,353651295551005,1,0,36,49.38,0.036,7.6,2,55
49dc2ce3-76ef-4d7b-90cb-699ecc8da8cc,Stephen Wade Nissan,DVD24884,351081948422623,7,1,55,218.92,0.297,3.1,3,93
49dc2ce3-76ef-4d7b-90cb-699ecc8da8cc,Stephen Wade Nissan,DVD24884,350036072235028,2,2,37,153.47,0.044,3.1,0,42
49dc2ce3-76ef-4d7b-90cb-699ecc8da8cc,Stephen Wade Nissan,DVD24884,353034243753916,2,0,28,210.56,0.14,4.0,2,67
49dc2ce3-76ef-4d7b-90cb-699ecc8da8cc,Stephen Wade Nissan,DVD24884,359280916631669,2,2,28,171.03,0.119,4.3,0,30
49dc2ce3-76ef-4d7b-90cb-699ecc8da8cc,Stephen Wade Nissan,DVD24884,356874033045441,1,0,85,128.37,0.083,5.5,2,51
49dc2ce3-76ef-4d7b-90cb-699ecc8da8cc,Stephen Wade Nissan,DVD24884,350616649700844,3,2,103,175.71,0.138,6.4,0,33
49dc2ce3-76ef-4d7b-90cb-699ecc8da8cc,Stephen Wade Nissan,DVD24884,355801517642962,3,3,29,153.51,0.147,6.2,3,61
49dc2ce3-76ef-4d7b-90cb-699ecc8da8cc,Stephen Wade Nissan,DVD24884,358092411505096,3,1,103,198.46,0.201,9.4,2,57
49dc2ce3-76ef-4d7b-90cb-699ecc8da8cc,Stephen Wade Nissan,DVD24884,359961315255232,1,1,37,126.84,0.183,1.1,0,45
49dc2ce3-76ef-4d7b-90cb-699ecc8da8cc,Stephen Wade Nissan,DVD24884,352805883774354,6,4,17,112.51,0.349,5.0,0,38
49dc2ce3-76ef-4d7b-90cb-699ecc8da8cc,Stephen Wade Nissan,DVD24884,350476253950111,2,0,66,223.92,0.263,3.5,4,76
49dc2ce3-76ef-4d7b-90cb-699ecc8da8cc,Stephen Wade Nissan,DVD24884,355255862778882,5,1,53,246.53,0.091,8.5,2,64
49dc2ce3-76ef-4d7b-90cb-699ecc8da8cc,Stephen Wade Nissan,DVD24884,356031748903045,3,0,67,214.8,0.179,4.9,0,44
49dc2ce3-76ef-4d7b-90cb-699ecc8da8cc,Stephen Wade Nissan,DVD24884,358809718614229,2,1,67,141.07,0.061,0.4,1,52
49dc2ce3-76ef-4d7b-90cb-699ecc8da8cc,Stephen Wade Nissan,DVD24884,353554592055967,4,0,62,135.6,0.138,5.4,2,66
49dc2ce3-76ef-4d7b-90cb-699ecc8da8cc,Stephen Wade Nissan,DVD24884,355779911379830,2,3,48,139.05,0.14,5.0,0,28
49dc2ce3-76ef-4d7b-90cb-699ecc8da8cc,Stephen Wade Nissan,DVD24884,354576274511608,4,2,101,233.42,0.048,6.0,3,69
49dc2ce3-76ef-4d7b-90cb-699ecc8da8cc,Stephen Wade Nissan,DVD24884,359589701522133,4,3,81,130.5,0.116,3.1,4,71
49dc2ce3-76ef-4d7b-90cb-699ecc8da8cc,Stephen Wade Nissan,DVD24884,356896008347612,3,2,38,233.04,0.271,5.2,5,81
49dc2ce3-76ef-4d7b-90cb-699ecc8da8cc,Stephen Wade Nissan,DVD24884,358989930746113,2,0,37,218.21,0.227,4.0,4,81
49dc2ce3-76ef-4d7b-90cb-699ecc8da8cc,Stephen Wade Nissan,DVD24884,359979927156033,3,1,11,254.26,0.12,3.2,1,59
49dc2ce3-76ef-4d7b-90cb-699ecc8da8cc,Stephen Wade Nissan,DVD24884,358788528589868,3,2,13,243.79,0.419,5.2,2,49
49dc2ce3-76ef-4d7b-90cb-699ecc8da8cc,Stephen Wade Nissan,DVD24884,351843976309007,4,2,46,212.56,0.284,4.8,1,46
49dc2ce3-76ef-4d7b-90cb-699ecc8da8cc,Stephen Wade Nissan,DVD24884,353794999445744,1,4,92,91.88,0.237,6.6,3,39
49dc2ce3-76ef-4d7b-90cb-699ecc8da8cc,Stephen Wade Nissan,DVD24884,354107692626543,5,1,25,216.61,0.073,4.6,0,60
49dc2ce3-76ef-4d7b-90cb-699ecc8da8cc,Stephen Wade Nissan,DVD24884,354759160435983,1,0,83,186.93,0.1,5.7,2,57
49dc2ce3-76ef-4d7b-90cb-699ecc8da8cc,Stephen Wade Nissan,DVD24884,359859079965857,3,1,60,157.6,0.089,2.1,3,75
49dc2ce3-76ef-4d7b-90cb-699ecc8da8cc,Stephen Wade Nissan,DVD24884,358375681678434,3,1,26,261.73,0.035,7.3,1,59
49dc2ce3-76ef-4d7b-90cb-699ecc8da8cc,Stephen Wade Nissan,DVD24884,350730717761350,1,2,54,170.92,0.184,2.9,1,31
49dc2ce3-76ef-4d7b-90cb-699ecc8da8cc,Stephen Wade Nissan,DVD24884,350788369223385,2,0,53,148.23,0.068,6.3,1,55
49dc2ce3-76ef-4d7b-90cb-699ecc8da8cc,Stephen Wade Nissan,DVD24884,354033699952850,1,0,27,247.44,0.267,5.0,1,51
49dc2ce3-76ef-4d7b-90cb-699ecc8da8cc,Stephen Wade Nissan,DVD24884,352312653273551,2,0,79,155.69,0.195,4.8,1,48
49dc2ce3-76ef-4d7b-90cb-699ecc8da8cc,Stephen Wade Nissan,DVD24884,354972490322347,0,1,99,145.23,0.256,6.0,0,18
49dc2ce3-76ef-4d7b-90cb-699ecc8da8cc,Stephen Wade Nissan,DVD24884,357146950935555,4,1,41,112.37,0.109,0.2,2,74
49dc2ce3-76ef-4d7b-90cb-699ecc8da8cc,Stephen Wade Nissan,DVD24884,357020061741364,2,0,19,130.79,0.206,3.4,2,58
49dc2ce3-76ef-4d7b-90cb-699ecc8da8cc,Stephen Wade Nissan,DVD24884,354594761218939,3,2,102,135.94,0.293,6.0,0,32
49dc2ce3-76ef-4d7b-90cb-699ecc8da8cc,Stephen Wade Nissan,DVD24884,351270650761222,2,0,12,217.26,0.127,8.3,1,59
49dc2ce3-76ef-4d7b-90cb-699ecc8da8cc,Stephen Wade Nissan,DVD24884,358305644685304,2,1,64,118.86,0.206,4.5,4,64
49dc2ce3-76ef-4d7b-90cb-699ecc8da8cc,Stephen Wade Nissan,DVD24884,355555950263560,4,4,24,68.53,0.202,0.0,1,53
49dc2ce3-76ef-4d7b-90cb-699ecc8da8cc,Stephen Wade Nissan,DVD24884,357778943327639,0,2,17,198.19,0.279,3.9,1,46
49dc2ce3-76ef-4d7b-90cb-699ecc8da8cc,Stephen Wade Nissan,DVD24884,359046008236962,2,1,33,141.96,0.14,4.4,0,43
49dc2ce3-76ef-4d7b-90cb-699ecc8da8cc,Stephen Wade Nissan,DVD24884,356902220975506,4,1,53,179.02,0.133,6.7,1,53
49dc2ce3-76ef-4d7b-90cb-699ecc8da8cc,Stephen Wade Nissan,DVD24884,351790670151200,3,1,21,256.94,0.056,4.6,0,55
49dc2ce3-76ef-4d7b-90cb-699ecc8da8cc,Stephen Wade Nissan,DVD24884,353934490769721,0,0,15,184.29,0.11,1.9,1,52
49dc2ce3-76ef-4d7b-90cb-699ecc8da8cc,Stephen Wade Nissan,DVD24884,356218333919296,3,0,8,270.58,0.029,6.4,0,53
49dc2ce3-76ef-4d7b-90cb-699ecc8da8cc,Stephen Wade Nissan,DVD24884,359210530712260,3,0,143,175.91,0.226,5.6,0,39
49dc2ce3-76ef-4d7b-90cb-699ecc8da8cc,Stephen Wade Nissan,DVD24884,350822837742705,4,0,68,240.42,0.038,3.1,4,93
49dc2ce3-76ef-4d7b-90cb-699ecc8da8cc,Stephen Wade Nissan,DVD24884,354985788728206,4,0,26,147.15,0.226,5.9,3,84
49dc2ce3-76ef-4d7b-90cb-699ecc8da8cc,Stephen Wade Nissan,DVD24884,353228012698044,2,1,70,186.46,0.381,3.4,1,41
49dc2ce3-76ef-4d7b-90cb-699ecc8da8cc,Stephen Wade Nissan,DVD24884,356658952476096,3,2,52,124.02,0.317,3.9,4,73
49dc2ce3-76ef-4d7b-90cb-699ecc8da8cc,Stephen Wade Nissan,DVD24884,350647245257378,4,1,85,131.15,0.123,3.4,2,61
49dc2ce3-76ef-4d7b-90cb-699ecc8da8cc,Stephen Wade Nissan,DVD24884,357477884070946,5,1,43,166.52,0.075,3.9,0,61
49dc2ce3-76ef-4d7b-90cb-699ecc8da8cc,Stephen Wade Nissan,DVD24884,355777061298897,1,2,96,100.29,0.261,6.3,2,42
49dc2ce3-76ef-4d7b-90cb-699ecc8da8cc,Stephen Wade Nissan,DVD24884,352842680928261,4,1,30,189.56,0.068,0.9,0,53
49dc2ce3-76ef-4d7b-90cb-699ecc8da8cc,Stephen Wade Nissan,DVD24884,356417005371860,4,2,60,161.83,0.08,6.7,3,57
49dc2ce3-76ef-4d7b-90cb-699ecc8da8cc,Stephen Wade Nissan,DVD24884,355668803166479,3,3,92,194.07,0.192,4.9,0,29
49dc2ce3-76ef-4d7b-90cb-699ecc8da8cc,Stephen Wade Nissan,DVD24884,355127983124285,7,2,62,101.21,0.218,3.7,1,70
49dc2ce3-76ef-4d7b-90cb-699ecc8da8cc,Stephen Wade Nissan,DVD24884,353541601991984,4,2,172,222.1,0.389,4.5,0,20
49dc2ce3-76ef-4d7b-90cb-699ecc8da8cc,Stephen Wade Nissan,DVD24884,358087017086715,2,1,84,281.86,0.104,2.7,2,59
49dc2ce3-76ef-4d7b-90cb-699ecc8da8cc,Stephen Wade Nissan,DVD24884,352077107404336,2,2,69,269.19,0.154,1.2,1,57
49dc2ce3-76ef-4d7b-90cb-699ecc8da8cc,Stephen Wade Nissan,DVD24884,358957967246105,5,2,38,294.23,0.122,2.7,1,67
49dc2ce3-76ef-4d7b-90cb-699ecc8da8cc,Stephen Wade Nissan,DVD24884,351109007017850,1,3,61,182.55,0.06,0.7,1,43
49dc2ce3-76ef-4d7b-90cb-699ecc8da8cc,Stephen Wade Nissan,DVD24884,352050254972392,0,1,116,158.86,0.13,1.8,0,33
49dc2ce3-76ef-4d7b-90cb-699ecc8da8cc,Stephen Wade Nissan,DVD24884,350102975997475,2,3,34,209.26,0.141,1.3,2,45
49dc2ce3-76ef-4d7b-90cb-699ecc8da8cc,Stephen Wade Nissan,DVD24884,353965974425269,2,1,24,165.71,0.088,6.9,1,47
49dc2ce3-76ef-4d7b-90cb-699ecc8da8cc,Stephen Wade Nissan,DVD24884,354204164153740,3,1,35,75.57,0.224,1.9,1,54
49dc2ce3-76ef-4d7b-90cb-699ecc8da8cc,Stephen Wade Nissan,DVD24884,355133793766997,4,1,33,229.16,0.061,4.4,2,73
49dc2ce3-76ef-4d7b-90cb-699ecc8da8cc,Stephen Wade Nissan,DVD24884,356816085571749,2,2,76,165.94,0.094,6.7,2,47
49dc2ce3-76ef-4d7b-90cb-699ecc8da8cc,Stephen Wade Nissan,DVD24884,350584968814499,4,2,159,91.96,0.182,6.2,1,44
49dc2ce3-76ef-4d7b-90cb-699ecc8da8cc,Stephen Wade Nissan,DVD24884,350803586240574,2,2,12,149.5,0.458,3.9,3,52
49dc2ce3-76ef-4d7b-90cb-699ecc8da8cc,Stephen Wade Nissan,DVD24884,354509998632453,2,2,54,167.3,0.129,3.9,1,55
49dc2ce3-76ef-4d7b-90cb-699ecc8da8cc,Stephen Wade Nissan,DVD24884,355279111108518,3,0,21,180.71,0.038,4.9,2,74
49dc2ce3-76ef-4d7b-90cb-699ecc8da8cc,Stephen Wade Nissan,DVD24884,354668985932135,1,3,66,181.43,0.255,8.7,0,13
49dc2ce3-76ef-4d7b-90cb-699ecc8da8cc,Stephen Wade Nissan,DVD24884,359618307348002,4,0,72,262.14,0.119,5.3,3,74
49dc2ce3-76ef-4d7b-90cb-699ecc8da8cc,Stephen Wade Nissan,DVD24884,352642597205548,1,1,33,102.69,0.24,5.8,1,46
49dc2ce3-76ef-4d7b-90cb-699ecc8da8cc,Stephen Wade Nissan,DVD24884,352987819214749,2,1,78,170.87,0.356,9.0,4,64
49dc2ce3-76ef-4d7b-90cb-699ecc8da8cc,Stephen Wade Nissan,DVD24884,358474604293717,2,2,29,127.26,0.062,5.1,0,35
49dc2ce3-76ef-4d7b-90cb-699ecc8da8cc,Stephen Wade Nissan,DVD24884,358472146172758,1,0,29,255.37,0.134,6.8,3,65
49dc2ce3-76ef-4d7b-90cb-699ecc8da8cc,Stephen Wade Nissan,DVD24884,350452926769889,0,1,25,146.31,0.307,5.5,1,38
49dc2ce3-76ef-4d7b-90cb-699ecc8da8cc,Stephen Wade Nissan,DVD24884,357988775445847,1,1,35,159.37,0.119,5.4,2,55
49dc2ce3-76ef-4d7b-90cb-699ecc8da8cc,Stephen Wade Nissan,DVD24884,354134019293605,6,0,50,242.98,0.179,2.6,0,76
49dc2ce3-76ef-4d7b-90cb-699ecc8da8cc,Stephen Wade Nissan,DVD24884,359627519346389,4,1,45,259.49,0.197,2.2,0,54
49dc2ce3-76ef-4d7b-90cb-699ecc8da8cc,Stephen Wade Nissan,DVD24884,350124844793656,7,1,57,268.36,0.002,3.5,1,77
49dc2ce3-76ef-4d7b-90cb-699ecc8da8cc,Stephen Wade Nissan,DVD24884,351156862230706,1,0,75,81.41,0.21,6.3,1,46
49dc2ce3-76ef-4d7b-90cb-699ecc8da8cc,Stephen Wade Nissan,DVD24884,355948053160227,2,1,58,208.97,0.177,6.2,2,49
49dc2ce3-76ef-4d7b-90cb-699ecc8da8cc,Stephen Wade Nissan,DVD24884,354330372718624,3,0,141,196.21,0.219,7.2,0,37
49dc2ce3-76ef-4d7b-90cb-699ecc8da8cc,Stephen Wade Nissan,DVD24884,354756311213807,3,3,52,176.93,0.124,4.5,2,43
49dc2ce3-76ef-4d7b-90cb-699ecc8da8cc,Stephen Wade Nissan,DVD24884,358287806615459,1,2,87,183.99,0.173,5.6,1,37
49dc2ce3-76ef-4d7b-90cb-699ecc8da8cc,Stephen Wade Nissan,DVD24884,358586635654180,2,2,11,257.15,0.384,5.6,0,27
49dc2ce3-76ef-4d7b-90cb-699ecc8da8cc,Stephen Wade Nissan,DVD24884,352882521288669,4,2,57,242.32,0.024,4.3,1,58
49dc2ce3-76ef-4d7b-90cb-699ecc8da8cc,Stephen Wade Nissan,DVD24884,350594699842882,1,6,45,233.81,0.26,3.9,3,29
49dc2ce3-76ef-4d7b-90cb-699ecc8da8cc,Stephen Wade Nissan,DVD24884,358470520313298,2,0,42,192.41,0.107,1.5,0,48
49dc2ce3-76ef-4d7b-90cb-699ecc8da8cc,Stephen Wade Nissan,DVD24884,358712320366864,1,1,114,316.24,0.109,4.2,0,41
49dc2ce3-76ef-4d7b-90cb-699ecc8da8cc,Stephen Wade Nissan,DVD24884,352778626852728,2,3,177,155.96,0.133,4.3,2,36
49dc2ce3-76ef-4d7b-90cb-699ecc8da8cc,Stephen Wade Nissan,DVD24884,357603208778347,3,1,76,83.04,0.283,6.8,6,81
49dc2ce3-76ef-4d7b-90cb-699ecc8da8cc,Stephen Wade Nissan,DVD24884,351062833455735,5,2,8,164.09,0.13,7.0,1,57
49dc2ce3-76ef-4d7b-90cb-699ecc8da8cc,Stephen Wade Nissan,DVD24884,356232770045358,1,0,32,183.46,0.052,4.8,2,61
49dc2ce3-76ef-4d7b-90cb-699ecc8da8cc,Stephen Wade Nissan,DVD24884,355973027322857,5,1,13,258.19,0.317,8.6,1,61
49dc2ce3-76ef-4d7b-90cb-699ecc8da8cc,Stephen Wade Nissan,DVD24884,350424025554689,3,3,56,149.34,0.244,4.9,1,48
49dc2ce3-76ef-4d7b-90cb-699ecc8da8cc,Stephen Wade Nissan,DVD24884,353977041167881,2,0,69,209.47,0.199,6.6,2,51
49dc2ce3-76ef-4d7b-90cb-699ecc8da8cc,Stephen Wade Nissan,DVD24884,355964673865690,1,2,10,91.37,0.101,4.3,1,54
49dc2ce3-76ef-4d7b-90cb-699ecc8da8cc,Stephen Wade Nissan,DVD24884,354484673322912,0,2,128,244.89,0.053,2.2,0,26
49dc2ce3-76ef-4d7b-90cb-699ecc8da8cc,Stephen Wade Nissan,DVD24884,354895587700623,3,3,17,184.1,0.24,3.6,1,50
49dc2ce3-76ef-4d7b-90cb-699ecc8da8cc,Stephen Wade Nissan,DVD24884,359459942640760,2,3,66,163.17,0.053,7.4,1,32
49dc2ce3-76ef-4d7b-90cb-699ecc8da8cc,Stephen Wade Nissan,DVD24884,358953012033980,3,1,126,307.9,0.174,4.0,3,62
49dc2ce3-76ef-4d7b-90cb-699ecc8da8cc,Stephen Wade Nissan,DVD24884,351387162833568,1,2,57,244.19,0.175,3.6,1,42
49dc2ce3-76ef-4d7b-90cb-699ecc8da8cc,Stephen Wade Nissan,DVD24884,359058108015337,1,0,27,117.61,0.174,4.5,5,88
49dc2ce3-76ef-4d7b-90cb-699ecc8da8cc,Stephen Wade Nissan,DVD24884,354356702772871,3,2,26,173.44,0.108,3.7,1,50
49dc2ce3-76ef-4d7b-90cb-699ecc8da8cc,Stephen Wade Nissan,DVD24884,355659695794575,1,0,58,344.18,0.219,6.9,0,36
49dc2ce3-76ef-4d7b-90cb-699ecc8da8cc,Stephen Wade Nissan,DVD24884,359599550553629,1,1,88,298.73,0.131,8.3,1,32
49dc2ce3-76ef-4d7b-90cb-699ecc8da8cc,Stephen Wade Nissan,DVD24884,351714854183952,0,2,65,235.38,0.138,4.5,0,31
49dc2ce3-76ef-4d7b-90cb-699ecc8da8cc,Stephen Wade Nissan,DVD24884,355252078821651,1,2,25,69.18,0.163,5.6,0,23
49dc2ce3-76ef-4d7b-90cb-699ecc8da8cc,Stephen Wade Nissan,DVD24884,351921457445203,4,1,44,259.93,0.242,6.4,1,50
49dc2ce3-76ef-4d7b-90cb-699ecc8da8cc,Stephen Wade Nissan,DVD24884,350276947308824,2,1,22,141.89,0.242,4.7,1,60
49dc2ce3-76ef-4d7b-90cb-699ecc8da8cc,Stephen Wade Nissan,DVD24884,350353212440293,1,1,22,259.41,0.03,2.7,1,57
49dc2ce3-76ef-4d7b-90cb-699ecc8da8cc,Stephen Wade Nissan,DVD24884,356340941218052,4,0,21,136.64,0.323,3.7,2,72
49dc2ce3-76ef-4d7b-90cb-699ecc8da8cc,Stephen Wade Nissan,DVD24884,355795990047941,3,1,37,209.33,0.208,5.3,1,50
49dc2ce3-76ef-4d7b-90cb-699ecc8da8cc,Stephen Wade Nissan,DVD24884,352325460189113,2,2,48,141.58,0.446,5.3,0,25
49dc2ce3-76ef-4d7b-90cb-699ecc8da8cc,Stephen Wade Nissan,DVD24884,354348571339962,3,1,52,158.2,0.089,0.9,1,58
49dc2ce3-76ef-4d7b-90cb-699ecc8da8cc,Stephen Wade Nissan,DVD24884,357686127342112,5,5,62,217.33,0.051,3.6,2,51
49dc2ce3-76ef-4d7b-90cb-699ecc8da8cc,Stephen Wade Nissan,DVD24884,350291381301494,0,1,27,100.87,0.116,3.0,0,35
49dc2ce3-76ef-4d7b-90cb-699ecc8da8cc,Stephen Wade Nissan,DVD24884,358029890888196,1,2,49,322.35,0.193,6.3,0,33
49dc2ce3-76ef-4d7b-90cb-699ecc8da8cc,Stephen Wade Nissan,DVD24884,356452319199082,0,3,53,118.37,0.047,3.1,2,35
49dc2ce3-76ef-4d7b-90cb-699ecc8da8cc,Stephen Wade Nissan,DVD24884,351335683172366,2,2,107,115.01,0.089,3.6,1,35
49dc2ce3-76ef-4d7b-90cb-699ecc8da8cc,Stephen Wade Nissan,DVD24884,357041710389191,5,2,10,217.51,0.214,3.5,1,67
49dc2ce3-76ef-4d7b-90cb-699ecc8da8cc,Stephen Wade Nissan,DVD24884,358740501332034,5,1,13,257.52,0.014,6.1,0,64
49dc2ce3-76ef-4d7b-90cb-699ecc8da8cc,Stephen Wade Nissan,DVD24884,354956071487650,2,3,73,160.58,0.119,6.4,1,38
49dc2ce3-76ef-4d7b-90cb-699ecc8da8cc,Stephen Wade Nissan,DVD24884,357752572316316,4,1,78,115.71,0.195,5.5,2,69
49dc2ce3-76ef-4d7b-90cb-699ecc8da8cc,Stephen Wade Nissan,DVD24884,350378110570399,2,1,73,124.66,0.129,6.7,2,59
49dc2ce3-76ef-4d7b-90cb-699ecc8da8cc,Stephen Wade Nissan,DVD24884,356306670059946,4,1,72,118.2,0.1,7.0,0,46
49dc2ce3-76ef-4d7b-90cb-699ecc8da8cc,Stephen Wade Nissan,DVD24884,359669323370071,3,2,11,198.49,0.223,0.9,1,52
49dc2ce3-76ef-4d7b-90cb-699ecc8da8cc,Stephen Wade Nissan,DVD24884,355800971408633,4,0,159,175.8,0.026,5.7,2,67
49dc2ce3-76ef-4d7b-90cb-699ecc8da8cc,Stephen Wade Nissan,DVD24884,352343065874488,4,0,99,205.55,0.39,3.8,2,72
49dc2ce3-76ef-4d7b-90cb-699ecc8da8cc,Stephen Wade Nissan,DVD24884,358392375909722,1,0,11,201.89,0.097,2.0,4,91
49dc2ce3-76ef-4d7b-90cb-699ecc8da8cc,Stephen Wade Nissan,DVD24884,358582585455139,8,2,40,229.46,0.035,3.9,1,84
49dc2ce3-76ef-4d7b-90cb-699ecc8da8cc,Stephen Wade Nissan,DVD24884,351960348236788,1,0,38,155.4,0.244,6.0,1,40
49dc2ce3-76ef-4d7b-90cb-699ecc8da8cc,Stephen Wade Nissan,DVD24884,353873693238004,3,2,45,135.71,0.345,7.4,1,41
49dc2ce3-76ef-4d7b-90cb-699ecc8da8cc,Stephen Wade Nissan,DVD24884,353647584664867,1,0,34,189.38,0.274,1.8,1,59
49dc2ce3-76ef-4d7b-90cb-699ecc8da8cc,Stephen Wade Nissan,DVD24884,354163712063175,2,1,18,176.7,0.103,5.7,2,66
49dc2ce3-76ef-4d7b-90cb-699ecc8da8cc,Stephen Wade Nissan,DVD24884,355297760145840,0,3,54,195.18,0.322,8.4,3,34
49dc2ce3-76ef-4d7b-90cb-699ecc8da8cc,Stephen Wade Nissan,DVD24884,358114415728143,2,0,112,137.3,0.138,8.2,2,53
49dc2ce3-76ef-4d7b-90cb-699ecc8da8cc,Stephen Wade Nissan,DVD24884,356116861146036,1,2,33,218.53,0.328,0.0,1,50
49dc2ce3-76ef-4d7b-90cb-699ecc8da8cc,Stephen Wade Nissan,DVD24884,351189260555465,2,1,62,109.3,0.114,8.9,1,52
49dc2ce3-76ef-4d7b-90cb-699ecc8da8cc,Stephen Wade Nissan,DVD24884,354268368437714,3,3,46,153.58,0.43,6.4,1,33
49dc2ce3-76ef-4d7b-90cb-699ecc8da8cc,Stephen Wade Nissan,DVD24884,350344545956600,1,2,72,247.74,0.239,0.0,2,56
49dc2ce3-76ef-4d7b-90cb-699ecc8da8cc,Stephen Wade Nissan,DVD24884,353011962272386,0,1,43,112.12,0.509,3.0,2,42
49dc2ce3-76ef-4d7b-90cb-699ecc8da8cc,Stephen Wade Nissan,DVD24884,359742173683850,2,1,29,243.01,0.025,7.0,0,42
49dc2ce3-76ef-4d7b-90cb-699ecc8da8cc,Stephen Wade Nissan,DVD24884,359570934099165,1,0,35,95.45,0.285,5.2,2,56
49dc2ce3-76ef-4d7b-90cb-699ecc8da8cc,Stephen Wade Nissan,DVD24884,350811364034848,7,0,109,84.89,0.124,3.4,0,71
49dc2ce3-76ef-4d7b-90cb-699ecc8da8cc,Stephen Wade Nissan,DVD24884,354377006279595,0,1,51,90.37,0.325,4.6,2,37
49dc2ce3-76ef-4d7b-90cb-699ecc8da8cc,Stephen Wade Nissan,DVD24884,351429544966954,2,1,50,187.01,0.166,5.6,2,55
49dc2ce3-76ef-4d7b-90cb-699ecc8da8cc,Stephen Wade Nissan,DVD24884,352175627528001,1,2,107,223.78,0.209,3.3,0,25
49dc2ce3-76ef-4d7b-90cb-699ecc8da8cc,Stephen Wade Nissan,DVD24884,356173447945923,4,1,120,257.56,0.19,4.2,2,64
49dc2ce3-76ef-4d7b-90cb-699ecc8da8cc,Stephen Wade Nissan,DVD24884,355163832648971,2,1,4,252.77,0.121,6.3,2,61
49dc2ce3-76ef-4d7b-90cb-699ecc8da8cc,Stephen Wade Nissan,DVD24884,350017078129457,3,0,14,231.76,0.161,3.1,1,65
49dc2ce3-76ef-4d7b-90cb-699ecc8da8cc,Stephen Wade Nissan,DVD24884,356130494841423,2,0,86,130.09,0.151,1.8,2,63
49dc2ce3-76ef-4d7b-90cb-699ecc8da8cc,Stephen Wade Nissan,DVD24884,355528337287567,1,4,53,129.57,0.17,3.2,1,36
49dc2ce3-76ef-4d7b-90cb-699ecc8da8cc,Stephen Wade Nissan,DVD24884,359813026564771,2,0,121,227.27,0.329,2.7,2,64
49dc2ce3-76ef-4d7b-90cb-699ecc8da8cc,Stephen Wade Nissan,DVD24884,351588218708941,3,0,10,265.28,0.217,3.3,0,66
49dc2ce3-76ef-4d7b-90cb-699ecc8da8cc,Stephen Wade Nissan,DVD24884,350791161146446,5,2,58,118.13,0.218,1.0,0,46
49dc2ce3-76ef-4d7b-90cb-699ecc8da8cc,Stephen Wade Nissan,DVD24884,351198309754247,3,0,75,257.64,0.256,5.0,0,50
49dc2ce3-76ef-4d7b-90cb-699ecc8da8cc,Stephen Wade Nissan,DVD24884,353885237748770,4,2,38,64.78,0.308,6.2,0,31
49dc2ce3-76ef-4d7b-90cb-699ecc8da8cc,Stephen Wade Nissan,DVD24884,350788125325121,2,2,83,203.4,0.053,2.9,1,50
49dc2ce3-76ef-4d7b-90cb-699ecc8da8cc,Stephen Wade Nissan,DVD24884,358082267990966,3,2,87,173.77,0.067,3.2,2,61
49dc2ce3-76ef-4d7b-90cb-699ecc8da8cc,Stephen Wade Nissan,DVD24884,356028653839571,3,1,47,167.75,0.251,4.1,0,44
49dc2ce3-76ef-4d7b-90cb-699ecc8da8cc,Stephen Wade Nissan,DVD24884,356468210037090,5,0,44,181.88,0.304,2.7,0,62
49dc2ce3-76ef-4d7b-90cb-699ecc8da8cc,Stephen Wade Nissan,DVD24884,357037808866932,1,0,93,128.78,0.177,6.5,2,51
49dc2ce3-76ef-4d7b-90cb-699ecc8da8cc,Stephen Wade Nissan,DVD24884,350709834849267,3,0,58,206.76,0.343,2.7,0,49
49dc2ce3-76ef-4d7b-90cb-699ecc8da8cc,Stephen Wade Nissan,DVD24884,354876296507445,2,0,71,183.64,0.069,3.4,2,64
49dc2ce3-76ef-4d7b-90cb-699ecc8da8cc,Stephen Wade Nissan,DVD24884,356572676541982,2,6,57,236.12,0.375,3.0,1,21
49dc2ce3-76ef-4d7b-90cb-699ecc8da8cc,Stephen Wade Nissan,DVD24884,358179477950034,2,0,55,275.42,0.079,6.5,2,54
49dc2ce3-76ef-4d7b-90cb-699ecc8da8cc,Stephen Wade Nissan,DVD24884,355220262693032,1,0,44,187.62,0.091,4.0,1,51
49dc2ce3-76ef-4d7b-90cb-699ecc8da8cc,Stephen Wade Nissan,DVD24884,356452573309074,0,1,75,130.88,0.169,8.5,2,39
49dc2ce3-76ef-4d7b-90cb-699ecc8da8cc,Stephen Wade Nissan,DVD24884,350635168522476,2,1,25,111.73,0.146,5.2,1,53
49dc2ce3-76ef-4d7b-90cb-699ecc8da8cc,Stephen Wade Nissan,DVD24884,357512583799005,1,3,11,281.9,0.063,6.8,1,43
49dc2ce3-76ef-4d7b-90cb-699ecc8da8cc,Stephen Wade Nissan,DVD24884,353669332763342,1,1,50,274.22,0.092,3.9,3,71
49dc2ce3-76ef-4d7b-90cb-699ecc8da8cc,Stephen Wade Nissan,DVD24884,352856283723722,3,2,122,233.24,0.189,2.6,2,54
49dc2ce3-76ef-4d7b-90cb-699ecc8da8cc,Stephen Wade Nissan,DVD24884,355931033700894,2,4,58,183.59,0.356,4.4,2,32
49dc2ce3-76ef-4d7b-90cb-699ecc8da8cc,Stephen Wade Nissan,DVD24884,352340370433331,3,0,41,228.91,0.22,3.1,1,70
49dc2ce3-76ef-4d7b-90cb-699ecc8da8cc,Stephen Wade Nissan,DVD24884,358838456125780,1,0,37,258.27,0.12,0.5,0,54
49dc2ce3-76ef-4d7b-90cb-699ecc8da8cc,Stephen Wade Nissan,DVD24884,354737198517696,2,5,35,142.92,0.154,6.5,2,40
49dc2ce3-76ef-4d7b-90cb-699ecc8da8cc,Stephen Wade Nissan,DVD24884,358064554421578,0,0,2,181.79,0.275,4.6,2,54
49dc2ce3-76ef-4d7b-90cb-699ecc8da8cc,Stephen Wade Nissan,DVD24884,353792640532739,5,2,111,113.63,0.198,3.1,0,40
49dc2ce3-76ef-4d7b-90cb-699ecc8da8cc,Stephen Wade Nissan,DVD24884,356885934288390,1,2,32,172.26,0.11,5.3,2,43
49dc2ce3-76ef-4d7b-90cb-699ecc8da8cc,Stephen Wade Nissan,DVD24884,353979978331503,5,3,50,272.66,0.154,4.6,1,44
49dc2ce3-76ef-4d7b-90cb-699ecc8da8cc,Stephen Wade Nissan,DVD24884,352198596551025,3,1,39,244.71,0.373,7.3,2,62
49dc2ce3-76ef-4d7b-90cb-699ecc8da8cc,Stephen Wade Nissan,DVD24884,350666860673476,1,4,28,188.1,0.075,5.4,1,31
49dc2ce3-76ef-4d7b-90cb-699ecc8da8cc,Stephen Wade Nissan,DVD24884,357149986328959,4,1,115,25.0,0.332,4.2,2,59
49dc2ce3-76ef-4d7b-90cb-699ecc8da8cc,Stephen Wade Nissan,DVD24884,351038524276221,2,0,19,140.65,0.222,5.9,5,90
49dc2ce3-76ef-4d7b-90cb-699ecc8da8cc,Stephen Wade Nissan,DVD24884,355596374396399,3,4,77,186.14,0.067,4.4,2,51
49dc2ce3-76ef-4d7b-90cb-699ecc8da8cc,Stephen Wade Nissan,DVD24884,354959403895546,2,0,12,167.05,0.113,4.9,1,56
49dc2ce3-76ef-4d7b-90cb-699ecc8da8cc,Stephen Wade Nissan,DVD24884,355653170873002,1,0,45,181.97,0.229,7.0,2,57
49dc2ce3-76ef-4d7b-90cb-699ecc8da8cc,Stephen Wade Nissan,DVD24884,351027366325673,1,2,104,194.56,0.242,2.2,1,37
49dc2ce3-76ef-4d7b-90cb-699ecc8da8cc,Stephen Wade Nissan,DVD24884,352234874939166,3,1,34,147.98,0.195,2.8,4,94
49dc2ce3-76ef-4d7b-90cb-699ecc8da8cc,Stephen Wade Nissan,DVD24884,350191090488660,1,2,72,179.55,0.132,3.7,2,54
49dc2ce3-76ef-4d7b-90cb-699ecc8da8cc,Stephen Wade Nissan,DVD24884,357326447893785,1,2,33,171.03,0.21,4.0,1,46
49dc2ce3-76ef-4d7b-90cb-699ecc8da8cc,Stephen Wade Nissan,DVD24884,359541760909371,1,0,38,137.81,0.032,6.8,3,62
49dc2ce3-76ef-4d7b-90cb-699ecc8da8cc,Stephen Wade Nissan,DVD24884,356458104573466,3,2,84,290.78,0.304,1.7,1,41
49dc2ce3-76ef-4d7b-90cb-699ecc8da8cc,Stephen Wade Nissan,DVD24884,359447338780528,3,2,73,151.41,0.313,4.4,1,34
49dc2ce3-76ef-4d7b-90cb-699ecc8da8cc,Stephen Wade Nissan,DVD24884,359056651837847,3,0,123,44.75,0.135,3.4,0,43
49dc2ce3-76ef-4d7b-90cb-699ecc8da8cc,Stephen Wade Nissan,DVD24884,357198883743450,2,2,34,287.0,0.19,7.9,0,28
49dc2ce3-76ef-4d7b-90cb-699ecc8da8cc,Stephen Wade Nissan,DVD24884,359685938062502,2,2,64,129.22,0.069,6.3,2,47
49dc2ce3-76ef-4d7b-90cb-699ecc8da8cc,Stephen Wade Nissan,DVD24884,353089964692434,3,1,52,233.99,0.245,5.0,1,49
49dc2ce3-76ef-4d7b-90cb-699ecc8da8cc,Stephen Wade Nissan,DVD24884,353548695212156,3,0,65,139.15,0.087,6.4,0,55
49dc2ce3-76ef-4d7b-90cb-699ecc8da8cc,Stephen Wade Nissan,DVD24884,350387108803546,7,3,99,214.16,0.188,1.9,0,46
49dc2ce3-76ef-4d7b-90cb-699ecc8da8cc,Stephen Wade Nissan,DVD24884,359466049037647,2,2,29,177.11,0.098,8.6,1,39
49dc2ce3-76ef-4d7b-90cb-699ecc8da8cc,Stephen Wade Nissan,DVD24884,354769116122150,4,1,62,240.02,0.246,2.8,1,50
49dc2ce3-76ef-4d7b-90cb-699ecc8da8cc,Stephen Wade Nissan,DVD24884,353965586819004,2,0,114,167.18,0.277,7.0,2,48
49dc2ce3-76ef-4d7b-90cb-699ecc8da8cc,Stephen Wade Nissan,DVD24884,351589333528660,2,0,52,140.68,0.12,5.6,1,52
49dc2ce3-76ef-4d7b-90cb-699ecc8da8cc,Stephen Wade Nissan,DVD24884,351385500295738,2,1,84,195.42,0.214,5.0,2,59
49dc2ce3-76ef-4d7b-90cb-699ecc8da8cc,Stephen Wade Nissan,DVD24884,350101245718158,2,0,7,157.05,0.114,6.9,0,43
49dc2ce3-76ef-4d7b-90cb-699ecc8da8cc,Stephen Wade Nissan,DVD24884,350619499913650,2,1,54,64.25,0.078,6.5,0,39
49dc2ce3-76ef-4d7b-90cb-699ecc8da8cc,Stephen Wade Nissan,DVD24884,355519193968718,2,3,35,143.91,0.262,4.7,0,26
49dc2ce3-76ef-4d7b-90cb-699ecc8da8cc,Stephen Wade Nissan,DVD24884,356717080492932,0,2,72,352.13,0.187,3.7,0,17
49dc2ce3-76ef-4d7b-90cb-699ecc8da8cc,Stephen Wade Nissan,DVD24884,358507196129332,2,2,62,70.72,0.113,4.7,0,27
49dc2ce3-76ef-4d7b-90cb-699ecc8da8cc,Stephen Wade Nissan,DVD24884,351349522094003,2,0,25,194.46,0.132,4.3,0,55
49dc2ce3-76ef-4d7b-90cb-699ecc8da8cc,Stephen Wade Nissan,DVD24884,357177588562748,2,2,14,165.43,0.081,5.2,0,39
49dc2ce3-76ef-4d7b-90cb-699ecc8da8cc,Stephen Wade Nissan,DVD24884,350661126203069,4,0,163,290.19,0.253,6.5,1,53
49dc2ce3-76ef-4d7b-90cb-699ecc8da8cc,Stephen Wade Nissan,DVD24884,355165712118601,3,0,66,113.34,0.221,5.4,2,57
49dc2ce3-76ef-4d7b-90cb-699ecc8da8cc,Stephen Wade Nissan,DVD24884,358112399330255,3,2,65,186.08,0.173,4.9,2,53
49dc2ce3-76ef-4d7b-90cb-699ecc8da8cc,Stephen Wade Nissan,DVD24884,359879206231459,0,2,28,221.17,0.114,3.2,0,33
49dc2ce3-76ef-4d7b-90cb-699ecc8da8cc,Stephen Wade Nissan,DVD24884,356889109619680,6,1,39,169.24,0.099,5.1,1,78
49dc2ce3-76ef-4d7b-90cb-699ecc8da8cc,Stephen Wade Nissan,DVD24884,354505211203608,2,1,115,133.95,0.121,1.1,2,58
49dc2ce3-76ef-4d7b-90cb-699ecc8da8cc,Stephen Wade Nissan,DVD24884,351641804460819,1,1,53,178.67,0.138,2.9,2,44
49dc2ce3-76ef-4d7b-90cb-699ecc8da8cc,Stephen Wade Nissan,DVD24884,357140834695449,1,3,117,161.43,0.197,5.7,1,19
49dc2ce3-76ef-4d7b-90cb-699ecc8da8cc,Stephen Wade Nissan,DVD24884,355060958062745,0,1,66,161.26,0.124,6.3,2,41
49dc2ce3-76ef-4d7b-90cb-699ecc8da8cc,Stephen Wade Nissan,DVD24884,356698398590742,2,3,101,235.84,0.15,4.5,3,57
49dc2ce3-76ef-4d7b-90cb-699ecc8da8cc,Stephen Wade Nissan,DVD24884,359414290495776,2,1,6,204.18,0.089,4.9,2,59
49dc2ce3-76ef-4d7b-90cb-699ecc8da8cc,Stephen Wade Nissan,DVD24884,352538476691953,3,0,27,213.11,0.03,5.2,3,87
49dc2ce3-76ef-4d7b-90cb-699ecc8da8cc,Stephen Wade Nissan,DVD24884,350164728617468,2,0,53,199.82,0.11,5.9,0,42
49dc2ce3-76ef-4d7b-90cb-699ecc8da8cc,Stephen Wade Nissan,DVD24884,355902629761166,1,1,42,237.59,0.271,4.1,2,44
49dc2ce3-76ef-4d7b-90cb-699ecc8da8cc,Stephen Wade Nissan,DVD24884,352866034982468,0,0,73,258.26,0.066,2.5,0,38
49dc2ce3-76ef-4d7b-90cb-699ecc8da8cc,Stephen Wade Nissan,DVD24884,359670165627740,6,1,14,162.8,0.183,5.3,0,58
49dc2ce3-76ef-4d7b-90cb-699ecc8da8cc,Stephen Wade Nissan,DVD24884,352157231252423,2,1,14,229.17,0.077,8.4,1,46
49dc2ce3-76ef-4d7b-90cb-699ecc8da8cc,Stephen Wade Nissan,DVD24884,355256008589496,1,2,71,102.23,0.168,2.7,1,35
49dc2ce3-76ef-4d7b-90cb-699ecc8da8cc,Stephen Wade Nissan,DVD24884,351721505205353,2,2,98,44.82,0.05,4.2,1,34
49dc2ce3-76ef-4d7b-90cb-699ecc8da8cc,Stephen Wade Nissan,DVD24884,351318456059934,1,3,39,289.58,0.157,3.7,2,46
49dc2ce3-76ef-4d7b-90cb-699ecc8da8cc,Stephen Wade Nissan,DVD24884,352322109129443,3,1,125,160.0,0.322,9.3,2,42
49dc2ce3-76ef-4d7b-90cb-699ecc8da8cc,Stephen Wade Nissan,DVD24884,351414087834377,0,1,145,195.15,0.09,2.6,1,30
49dc2ce3-76ef-4d7b-90cb-699ecc8da8cc,Stephen Wade Nissan,DVD24884,359824021168231,1,2,49,106.49,0.166,4.2,3,57
49dc2ce3-76ef-4d7b-90cb-699ecc8da8cc,Stephen Wade Nissan,DVD24884,353799818100962,2,2,38,103.72,0.187,3.8,2,54
49dc2ce3-76ef-4d7b-90cb-699ecc8da8cc,Stephen Wade Nissan,DVD24884,354265789635587,3,3,31,137.22,0.092,2.0,2,65
49dc2ce3-76ef-4d7b-90cb-699ecc8da8cc,Stephen Wade Nissan,DVD24884,357452634888237,2,3,27,218.57,0.071,1.9,2,47
49dc2ce3-76ef-4d7b-90cb-699ecc8da8cc,Stephen Wade Nissan,DVD24884,352544225351178,4,2,81,149.01,0.074,5.6,2,61
49dc2ce3-76ef-4d7b-90cb-699ecc8da8cc,Stephen Wade Nissan,DVD24884,358280503455388,3,1,24,159.85,0.151,5.9,0,51
49dc2ce3-76ef-4d7b-90cb-699ecc8da8cc,Stephen Wade Nissan,DVD24884,352872047676660,2,2,20,135.33,0.045,3.4,3,72
49dc2ce3-76ef-4d7b-90cb-699ecc8da8cc,Stephen Wade Nissan,DVD24884,358288745871207,5,1,26,249.95,0.399,7.3,1,59
49dc2ce3-76ef-4d7b-90cb-699ecc8da8cc,Stephen Wade Nissan,DVD24884,355313685931526,6,2,49,232.11,0.23,0.0,2,82
49dc2ce3-76ef-4d7b-90cb-699ecc8da8cc,Stephen Wade Nissan,DVD24884,352107414430106,3,2,52,150.95,0.341,2.0,2,53
49dc2ce3-76ef-4d7b-90cb-699ecc8da8cc,Stephen Wade Nissan,DVD24884,351445299645744,5,0,78,221.05,0.225,2.9,2,91
49dc2ce3-76ef-4d7b-90cb-699ecc8da8cc,Stephen Wade Nissan,DVD24884,353319971153334,0,2,46,165.29,0.075,4.5,3,51
49dc2ce3-76ef-4d7b-90cb-699ecc8da8cc,Stephen Wade Nissan,DVD24884,359729697010034,3,2,13,159.75,0.183,3.6,1,51
49dc2ce3-76ef-4d7b-90cb-699ecc8da8cc,Stephen Wade Nissan,DVD24884,353449975858618,0,1,37,177.02,0.16,4.1,0,24
49dc2ce3-76ef-4d7b-90cb-699ecc8da8cc,Stephen Wade Nissan,DVD24884,358817860215992,6,1,50,218.59,0.227,5.5,2,77
49dc2ce3-76ef-4d7b-90cb-699ecc8da8cc,Stephen Wade Nissan,DVD24884,357943763827490,4,1,30,126.47,0.19,7.4,1,65
49dc2ce3-76ef-4d7b-90cb-699ecc8da8cc,Stephen Wade Nissan,DVD24884,353312223954807,1,0,62,210.14,0.247,6.1,0,36
49dc2ce3-76ef-4d7b-90cb-699ecc8da8cc,Stephen Wade Nissan,DVD24884,350473148368747,3,2,3,329.87,0.364,4.6,1,45
49dc2ce3-76ef-4d7b-90cb-699ecc8da8cc,Stephen Wade Nissan,DVD24884,357740703666560,2,1,45,190.99,0.308,4.3,0,40
49dc2ce3-76ef-4d7b-90cb-699ecc8da8cc,Stephen Wade Nissan,DVD24884,350762282128219,3,1,111,182.14,0.059,6.7,0,47
49dc2ce3-76ef-4d7b-90cb-699ecc8da8cc,Stephen Wade Nissan,DVD24884,353868278472643,3,1,96,174.95,0.127,8.3,1,47
49dc2ce3-76ef-4d7b-90cb-699ecc8da8cc,Stephen Wade Nissan,DVD24884,359330459692066,3,3,55,208.69,0.234,5.8,2,41
49dc2ce3-76ef-4d7b-90cb-699ecc8da8cc,Stephen Wade Nissan,DVD24884,356048531234435,1,0,51,83.38,0.122,3.5,0,50
49dc2ce3-76ef-4d7b-90cb-699ecc8da8cc,Stephen Wade Nissan,DVD24884,358498118465124,3,0,68,282.07,0.095,5.0,3,80
49dc2ce3-76ef-4d7b-90cb-699ecc8da8cc,Stephen Wade Nissan,DVD24884,352106378170483,0,1,21,238.87,0.255,5.7,0,35
49dc2ce3-76ef-4d7b-90cb-699ecc8da8cc,Stephen Wade Nissan,DVD24884,356481165955859,2,1,91,141.33,0.295,3.4,0,31
49dc2ce3-76ef-4d7b-90cb-699ecc8da8cc,Stephen Wade Nissan,DVD24884,354219379313636,6,3,123,181.89,0.304,6.2,1,47
49dc2ce3-76ef-4d7b-90cb-699ecc8da8cc,Stephen Wade Nissan,DVD24884,355972767687775,4,4,45,146.56,0.132,5.0,1,37
49dc2ce3-76ef-4d7b-90cb-699ecc8da8cc,Stephen Wade Nissan,DVD24884,359358613417491,2,0,55,197.95,0.224,6.8,1,53
49dc2ce3-76ef-4d7b-90cb-699ecc8da8cc,Stephen Wade Nissan,DVD24884,359538088426723,4,2,78,183.68,0.145,2.5,0,40
49dc2ce3-76ef-4d7b-90cb-699ecc8da8cc,Stephen Wade Nissan,DVD24884,353990761500111,0,0,27,193.72,0.118,1.0,3,73
49dc2ce3-76ef-4d7b-90cb-699ecc8da8cc,Stephen Wade Nissan,DVD24884,353915480442364,1,1,125,118.3,0.482,3.7,1,26
49dc2ce3-76ef-4d7b-90cb-699ecc8da8cc,Stephen Wade Nissan,DVD24884,357921499010861,1,2,161,151.11,0.21,4.5,1,24
49dc2ce3-76ef-4d7b-90cb-699ecc8da8cc,Stephen Wade Nissan,DVD24884,356479049915738,1,0,72,248.76,0.024,0.9,3,81
49dc2ce3-76ef-4d7b-90cb-699ecc8da8cc,Stephen Wade Nissan,DVD24884,350679967367209,2,1,132,147.97,0.108,3.3,3,57
49dc2ce3-76ef-4d7b-90cb-699ecc8da8cc,Stephen Wade Nissan,DVD24884,356102372643205,2,3,18,25.0,0.178,7.1,0,26
49dc2ce3-76ef-4d7b-90cb-699ecc8da8cc,Stephen Wade Nissan,DVD24884,358699724597155,3,1,60,170.96,0.199,5.6,2,67
49dc2ce3-76ef-4d7b-90cb-699ecc8da8cc,Stephen Wade Nissan,DVD24884,357932770115491,2,1,7,324.69,0.104,4.8,1,61
49dc2ce3-76ef-4d7b-90cb-699ecc8da8cc,Stephen Wade Nissan,DVD24884,357732609685688,0,2,37,230.93,0.237,2.4,0,16
49dc2ce3-76ef-4d7b-90cb-699ecc8da8cc,Stephen Wade Nissan,DVD24884,358861085973586,2,1,37,144.95,0.239,7.0,2,56
49dc2ce3-76ef-4d7b-90cb-699ecc8da8cc,Stephen Wade Nissan,DVD24884,357943364470263,2,0,30,176.96,0.268,3.7,1,69
49dc2ce3-76ef-4d7b-90cb-699ecc8da8cc,Stephen Wade Nissan,DVD24884,352767659645876,0,2,18,220.79,0.253,4.7,3,54
49dc2ce3-76ef-4d7b-90cb-699ecc8da8cc,Stephen Wade Nissan,DVD24884,356949471553474,4,1,72,74.62,0.107,5.3,2,65
49dc2ce3-76ef-4d7b-90cb-699ecc8da8cc,Stephen Wade Nissan,DVD24884,355024053772908,2,2,26,128.64,0.138,4.8,2,52
49dc2ce3-76ef-4d7b-90cb-699ecc8da8cc,Stephen Wade Nissan,DVD24884,354896539450375,4,3,72,203.9,0.133,7.5,0,34
49dc2ce3-76ef-4d7b-90cb-699ecc8da8cc,Stephen Wade Nissan,DVD24884,354807805383385,3,1,48,275.67,0.242,5.7,1,53
49dc2ce3-76ef-4d7b-90cb-699ecc8da8cc,Stephen Wade Nissan,DVD24884,356932913696480,5,0,63,153.64,0.211,5.2,0,72
49dc2ce3-76ef-4d7b-90cb-699ecc8da8cc,Stephen Wade Nissan,DVD24884,354073730415063,2,2,33,274.02,0.096,4.3,2,60
49dc2ce3-76ef-4d7b-90cb-699ecc8da8cc,Stephen Wade Nissan,DVD24884,352405102658387,2,4,47,134.74,0.122,5.4,0,25
49dc2ce3-76ef-4d7b-90cb-699ecc8da8cc,Stephen Wade Nissan,DVD24884,359633467464660,4,1,179,25.0,0.199,4.1,3,54
49dc2ce3-76ef-4d7b-90cb-699ecc8da8cc,Stephen Wade Nissan,DVD24884,353327399741592,1,1,62,224.63,0.103,4.9,2,46
49dc2ce3-76ef-4d7b-90cb-699ecc8da8cc,Stephen Wade Nissan,DVD24884,350941010276078,0,1,126,212.42,0.073,3.8,1,40
49dc2ce3-76ef-4d7b-90cb-699ecc8da8cc,Stephen Wade Nissan,DVD24884,351951648497797,1,2,121,224.17,0.142,3.5,0,31
49dc2ce3-76ef-4d7b-90cb-699ecc8da8cc,Stephen Wade Nissan,DVD24884,353833061443575,2,0,15,221.83,0.106,2.7,2,73
49dc2ce3-76ef-4d7b-90cb-699ecc8da8cc,Stephen Wade Nissan,DVD24884,354789350526027,2,0,121,191.51,0.125,4.0,1,46
49dc2ce3-76ef-4d7b-90cb-699ecc8da8cc,Stephen Wade Nissan,DVD24884,350687567071812,1,1,47,164.47,0.254,3.8,1,48
49dc2ce3-76ef-4d7b-90cb-699ecc8da8cc,Stephen Wade Nissan,DVD24884,359236139123774,2,1,37,166.76,0.07,8.2,1,56
49dc2ce3-76ef-4d7b-90cb-699ecc8da8cc,Stephen Wade Nissan,DVD24884,355998413376870,5,2,21,152.38,0.207,6.5,1,59
49dc2ce3-76ef-4d7b-90cb-699ecc8da8cc,Stephen Wade Nissan,DVD24884,355807910651064,3,4,16,155.98,0.137,4.2,1,40
49dc2ce3-76ef-4d7b-90cb-699ecc8da8cc,Stephen Wade Nissan,DVD24884,350707838478483,2,2,70,71.34,0.189,3.7,3,57
49dc2ce3-76ef-4d7b-90cb-699ecc8da8cc,Stephen Wade Nissan,DVD24884,350348573654044,1,0,15,107.14,0.329,5.7,0,35
49dc2ce3-76ef-4d7b-90cb-699ecc8da8cc,Stephen Wade Nissan,DVD24884,359272809031788,4,0,73,170.19,0.213,8.4,4,79
49dc2ce3-76ef-4d7b-90cb-699ecc8da8cc,Stephen Wade Nissan,DVD24884,353643167859844,0,1,5,45.55,0.115,6.1,0,28
49dc2ce3-76ef-4d7b-90cb-699ecc8da8cc,Stephen Wade Nissan,DVD24884,354088959303207,7,2,23,59.53,0.233,1.1,2,78
49dc2ce3-76ef-4d7b-90cb-699ecc8da8cc,Stephen Wade Nissan,DVD24884,355605269901523,0,0,42,159.94,0.196,6.2,2,56
49dc2ce3-76ef-4d7b-90cb-699ecc8da8cc,Stephen Wade Nissan,DVD24884,350299966330923,0,0,52,172.3,0.22,6.6,1,49
49dc2ce3-76ef-4d7b-90cb-699ecc8da8cc,Stephen Wade Nissan,DVD24884,355654030799154,3,2,24,161.2,0.07,8.9,0,31
49dc2ce3-76ef-4d7b-90cb-699ecc8da8cc,Stephen Wade Nissan,DVD24884,350273201295318,2,2,17,37.21,0.108,4.0,2,51
49dc2ce3-76ef-4d7b-90cb-699ecc8da8cc,Stephen Wade Nissan,DVD24884,355004231820682,2,2,39,273.14,0.303,4.8,2,48
49dc2ce3-76ef-4d7b-90cb-699ecc8da8cc,Stephen Wade Nissan,DVD24884,350481093054847,2,1,31,93.83,0.147,5.4,2,64
49dc2ce3-76ef-4d7b-90cb-699ecc8da8cc,Stephen Wade Nissan,DVD24884,353857797398245,1,2,34,130.91,0.094,3.0,5,74
49dc2ce3-76ef-4d7b-90cb-699ecc8da8cc,Stephen Wade Nissan,DVD24884,355381518272382,2,0,75,104.29,0.282,2.8,1,54
49dc2ce3-76ef-4d7b-90cb-699ecc8da8cc,Stephen Wade Nissan,DVD24884,356429518525576,1,2,109,257.94,0.099,5.3,2,43
49dc2ce3-76ef-4d7b-90cb-699ecc8da8cc,Stephen Wade Nissan,DVD24884,358815590308196,6,0,37,205.29,0.114,1.4,0,73
49dc2ce3-76ef-4d7b-90cb-699ecc8da8cc,Stephen Wade Nissan,DVD24884,359544876150488,6,1,75,151.61,0.139,1.9,1,73
49dc2ce3-76ef-4d7b-90cb-699ecc8da8cc,Stephen Wade Nissan,DVD24884,354915089244640,1,1,32,147.38,0.263,6.1,0,41
49dc2ce3-76ef-4d7b-90cb-699ecc8da8cc,Stephen Wade Nissan,DVD24884,353507695559355,2,1,30,190.78,0.104,5.5,2,68
49dc2ce3-76ef-4d7b-90cb-699ecc8da8cc,Stephen Wade Nissan,DVD24884,358810822775477,4,1,38,105.21,0.099,7.0,2,71
49dc2ce3-76ef-4d7b-90cb-699ecc8da8cc,Stephen Wade Nissan,DVD24884,357745925412387,1,2,98,202.84,0.047,5.4,1,34
49dc2ce3-76ef-4d7b-90cb-699ecc8da8cc,Stephen Wade Nissan,DVD24884,352493797900704,2,1,12,147.08,0.204,4.5,2,57
49dc2ce3-76ef-4d7b-90cb-699ecc8da8cc,Stephen Wade Nissan,DVD24884,355594849674166,0,0,10,211.18,0.096,7.1,1,35
49dc2ce3-76ef-4d7b-90cb-699ecc8da8cc,Stephen Wade Nissan,DVD24884,352395671255935,5,2,142,209.14,0.159,3.7,5,83
49dc2ce3-76ef-4d7b-90cb-699ecc8da8cc,Stephen Wade Nissan,DVD24884,350276749064122,3,1,23,144.38,0.062,3.8,1,58
49dc2ce3-76ef-4d7b-90cb-699ecc8da8cc,Stephen Wade Nissan,DVD24884,357276531451341,1,2,43,56.84,0.097,4.4,1,39
49dc2ce3-76ef-4d7b-90cb-699ecc8da8cc,Stephen Wade Nissan,DVD24884,357005455834559,3,2,34,165.19,0.092,5.4,0,45
49dc2ce3-76ef-4d7b-90cb-699ecc8da8cc,Stephen Wade Nissan,DVD24884,355562168335766,5,1,124,93.03,0.206,4.4,1,50
49dc2ce3-76ef-4d7b-90cb-699ecc8da8cc,Stephen Wade Nissan,DVD24884,358089504910860,5,0,97,184.72,0.175,1.5,0,66
49dc2ce3-76ef-4d7b-90cb-699ecc8da8cc,Stephen Wade Nissan,DVD24884,354317155785219,2,2,17,164.61,0.072,4.0,0,38
49dc2ce3-76ef-4d7b-90cb-699ecc8da8cc,Stephen Wade Nissan,DVD24884,357933686093160,0,1,52,144.72,0.33,4.4,2,47
49dc2ce3-76ef-4d7b-90cb-699ecc8da8cc,Stephen Wade Nissan,DVD24884,358988850105583,5,0,62,102.27,0.247,4.7,2,70
49dc2ce3-76ef-4d7b-90cb-699ecc8da8cc,Stephen Wade Nissan,DVD24884,359111532026400,5,1,74,251.21,0.171,3.6,0,60
49dc2ce3-76ef-4d7b-90cb-699ecc8da8cc,Stephen Wade Nissan,DVD24884,359333963790203,2,3,6,152.78,0.186,5.5,1,34
49dc2ce3-76ef-4d7b-90cb-699ecc8da8cc,Stephen Wade Nissan,DVD24884,358878218893844,1,4,10,321.2,0.062,1.3,3,57
49dc2ce3-76ef-4d7b-90cb-699ecc8da8cc,Stephen Wade Nissan,DVD24884,357816766342083,4,0,77,182.1,0.093,5.3,0,69
49dc2ce3-76ef-4d7b-90cb-699ecc8da8cc,Stephen Wade Nissan,DVD24884,354812426647426,0,4,15,201.1,0.025,8.1,3,36
49dc2ce3-76ef-4d7b-90cb-699ecc8da8cc,Stephen Wade Nissan,DVD24884,354404783279663,4,2,61,182.35,0.127,3.3,1,55
49dc2ce3-76ef-4d7b-90cb-699ecc8da8cc,Stephen Wade Nissan,DVD24884,357958187744992,3,2,18,200.49,0.281,4.6,0,39
49dc2ce3-76ef-4d7b-90cb-699ecc8da8cc,Stephen Wade Nissan,DVD24884,354687144693995,5,0,11,245.56,0.343,4.0,2,84
49dc2ce3-76ef-4d7b-90cb-699ecc8da8cc,Stephen Wade Nissan,DVD24884,353155664239402,3,2,22,246.25,0.063,4.0,1,58
49dc2ce3-76ef-4d7b-90cb-699ecc8da8cc,Stephen Wade Nissan,DVD24884,356908964966681,4,0,46,74.0,0.09,2.4,1,62
49dc2ce3-76ef-4d7b-90cb-699ecc8da8cc,Stephen Wade Nissan,DVD24884,351822923246872,4,0,59,231.33,0.153,8.5,3,75
49dc2ce3-76ef-4d7b-90cb-699ecc8da8cc,Stephen Wade Nissan,DVD24884,352037337840613,1,1,65,209.83,0.217,5.3,2,54
49dc2ce3-76ef-4d7b-90cb-699ecc8da8cc,Stephen Wade Nissan,DVD24884,358674857830455,2,0,84,182.15,0.217,3.2,1,52
49dc2ce3-76ef-4d7b-90cb-699ecc8da8cc,Stephen Wade Nissan,DVD24884,359657657868005,3,1,24,282.75,0.175,2.9,0,43
49dc2ce3-76ef-4d7b-90cb-699ecc8da8cc,Stephen Wade Nissan,DVD24884,355126764494363,1,4,81,285.17,0.382,4.6,5,49
49dc2ce3-76ef-4d7b-90cb-699ecc8da8cc,Stephen Wade Nissan,DVD24884,352705614653442,3,1,50,234.28,0.177,0.2,0,55
